/* core/font_hangul_data.h -- GENERATED, do not hand-edit.
 * Regenerate with: python3 tools/gen_hangul_font.py
 * KS X 1001 (1987 wansung) Hangul syllable block, 2350 glyphs, 18x18 1bpp,
 * rasterized from AppleGothic.ttf and thresholded (see tools/gen_hangul_font.py
 * for the exact procedure). HANGUL_CODEPOINTS is sorted ascending (binary
 * search key); HANGUL_GLYPHS[i] are HANGUL_H row bitmaps for codepoint i,
 * MSB-of-the-low-HANGUL_W-bits = leftmost column (same convention as
 * core/font.c's FONT[][] table). Row values need up to HANGUL_W=18 bits,
 * so HANGUL_GLYPHS is `unsigned int` (a 16-bit type silently truncates
 * anything past HANGUL_W=16 -- caught once via -Wconstant-conversion on
 * an earlier 18px generation, see git history). */
#ifndef CORE_FONT_HANGUL_DATA_H
#define CORE_FONT_HANGUL_DATA_H

#define HANGUL_COUNT 2350
#define HANGUL_W 18
#define HANGUL_H 18

static const unsigned short HANGUL_CODEPOINTS[HANGUL_COUNT] = {
    0xac00,0xac01,0xac04,0xac07,0xac08,0xac09,0xac0a,0xac10,0xac11,0xac12,0xac13,0xac14,0xac15,0xac16,0xac17,0xac19,
    0xac1a,0xac1b,0xac1c,0xac1d,0xac20,0xac24,0xac2c,0xac2d,0xac2f,0xac30,0xac31,0xac38,0xac39,0xac3c,0xac40,0xac4b,
    0xac4d,0xac54,0xac58,0xac5c,0xac70,0xac71,0xac74,0xac77,0xac78,0xac7a,0xac80,0xac81,0xac83,0xac84,0xac85,0xac86,
    0xac89,0xac8a,0xac8b,0xac8c,0xac90,0xac94,0xac9c,0xac9d,0xac9f,0xaca0,0xaca1,0xaca8,0xaca9,0xacaa,0xacac,0xacaf,
    0xacb0,0xacb8,0xacb9,0xacbb,0xacbc,0xacbd,0xacc1,0xacc4,0xacc8,0xaccc,0xacd5,0xacd7,0xace0,0xace1,0xace4,0xace7,
    0xace8,0xacea,0xacec,0xacef,0xacf0,0xacf1,0xacf3,0xacf5,0xacf6,0xacfc,0xacfd,0xad00,0xad04,0xad06,0xad0c,0xad0d,
    0xad0f,0xad11,0xad18,0xad1c,0xad20,0xad29,0xad2c,0xad2d,0xad34,0xad35,0xad38,0xad3c,0xad44,0xad45,0xad47,0xad49,
    0xad50,0xad54,0xad58,0xad61,0xad63,0xad6c,0xad6d,0xad70,0xad73,0xad74,0xad75,0xad76,0xad7b,0xad7c,0xad7d,0xad7f,
    0xad81,0xad82,0xad88,0xad89,0xad8c,0xad90,0xad9c,0xad9d,0xada4,0xadb7,0xadc0,0xadc1,0xadc4,0xadc8,0xadd0,0xadd1,
    0xadd3,0xaddc,0xade0,0xade4,0xadf8,0xadf9,0xadfc,0xadff,0xae00,0xae01,0xae08,0xae09,0xae0b,0xae0d,0xae14,0xae30,
    0xae31,0xae34,0xae37,0xae38,0xae3a,0xae40,0xae41,0xae43,0xae45,0xae46,0xae4a,0xae4c,0xae4d,0xae4e,0xae50,0xae54,
    0xae56,0xae5c,0xae5d,0xae5f,0xae60,0xae61,0xae65,0xae68,0xae69,0xae6c,0xae70,0xae78,0xae79,0xae7b,0xae7c,0xae7d,
    0xae84,0xae85,0xae8c,0xaebc,0xaebd,0xaebe,0xaec0,0xaec4,0xaecc,0xaecd,0xaecf,0xaed0,0xaed1,0xaed8,0xaed9,0xaedc,
    0xaee8,0xaeeb,0xaeed,0xaef4,0xaef8,0xaefc,0xaf07,0xaf08,0xaf0d,0xaf10,0xaf2c,0xaf2d,0xaf30,0xaf32,0xaf34,0xaf3c,
    0xaf3d,0xaf3f,0xaf41,0xaf42,0xaf43,0xaf48,0xaf49,0xaf50,0xaf5c,0xaf5d,0xaf64,0xaf65,0xaf79,0xaf80,0xaf84,0xaf88,
    0xaf90,0xaf91,0xaf95,0xaf9c,0xafb8,0xafb9,0xafbc,0xafc0,0xafc7,0xafc8,0xafc9,0xafcb,0xafcd,0xafce,0xafd4,0xafdc,
    0xafe8,0xafe9,0xaff0,0xaff1,0xaff4,0xaff8,0xb000,0xb001,0xb004,0xb00c,0xb010,0xb014,0xb01c,0xb01d,0xb028,0xb044,
    0xb045,0xb048,0xb04a,0xb04c,0xb04e,0xb053,0xb054,0xb055,0xb057,0xb059,0xb05d,0xb07c,0xb07d,0xb080,0xb084,0xb08c,
    0xb08d,0xb08f,0xb091,0xb098,0xb099,0xb09a,0xb09c,0xb09f,0xb0a0,0xb0a1,0xb0a2,0xb0a8,0xb0a9,0xb0ab,0xb0ac,0xb0ad,
    0xb0ae,0xb0af,0xb0b1,0xb0b3,0xb0b4,0xb0b5,0xb0b8,0xb0bc,0xb0c4,0xb0c5,0xb0c7,0xb0c8,0xb0c9,0xb0d0,0xb0d1,0xb0d4,
    0xb0d8,0xb0e0,0xb0e5,0xb108,0xb109,0xb10b,0xb10c,0xb110,0xb112,0xb113,0xb118,0xb119,0xb11b,0xb11c,0xb11d,0xb123,
    0xb124,0xb125,0xb128,0xb12c,0xb134,0xb135,0xb137,0xb138,0xb139,0xb140,0xb141,0xb144,0xb148,0xb150,0xb151,0xb154,
    0xb155,0xb158,0xb15c,0xb160,0xb178,0xb179,0xb17c,0xb180,0xb182,0xb188,0xb189,0xb18b,0xb18d,0xb192,0xb193,0xb194,
    0xb198,0xb19c,0xb1a8,0xb1cc,0xb1d0,0xb1d4,0xb1dc,0xb1dd,0xb1df,0xb1e8,0xb1e9,0xb1ec,0xb1f0,0xb1f9,0xb1fb,0xb1fd,
    0xb204,0xb205,0xb208,0xb20b,0xb20c,0xb214,0xb215,0xb217,0xb219,0xb220,0xb234,0xb23c,0xb258,0xb25c,0xb260,0xb268,
    0xb269,0xb274,0xb275,0xb27c,0xb284,0xb285,0xb289,0xb290,0xb291,0xb294,0xb298,0xb299,0xb29a,0xb2a0,0xb2a1,0xb2a3,
    0xb2a5,0xb2a6,0xb2aa,0xb2ac,0xb2b0,0xb2b4,0xb2c8,0xb2c9,0xb2cc,0xb2d0,0xb2d2,0xb2d8,0xb2d9,0xb2db,0xb2dd,0xb2e2,
    0xb2e4,0xb2e5,0xb2e6,0xb2e8,0xb2eb,0xb2ec,0xb2ed,0xb2ee,0xb2ef,0xb2f3,0xb2f4,0xb2f5,0xb2f7,0xb2f8,0xb2f9,0xb2fa,
    0xb2fb,0xb2ff,0xb300,0xb301,0xb304,0xb308,0xb310,0xb311,0xb313,0xb314,0xb315,0xb31c,0xb354,0xb355,0xb356,0xb358,
    0xb35b,0xb35c,0xb35e,0xb35f,0xb364,0xb365,0xb367,0xb369,0xb36b,0xb36e,0xb370,0xb371,0xb374,0xb378,0xb380,0xb381,
    0xb383,0xb384,0xb385,0xb38c,0xb390,0xb394,0xb3a0,0xb3a1,0xb3a8,0xb3ac,0xb3c4,0xb3c5,0xb3c8,0xb3cb,0xb3cc,0xb3ce,
    0xb3d0,0xb3d4,0xb3d5,0xb3d7,0xb3d9,0xb3db,0xb3dd,0xb3e0,0xb3e4,0xb3e8,0xb3fc,0xb410,0xb418,0xb41c,0xb420,0xb428,
    0xb429,0xb42b,0xb434,0xb450,0xb451,0xb454,0xb458,0xb460,0xb461,0xb463,0xb465,0xb46c,0xb480,0xb488,0xb49d,0xb4a4,
    0xb4a8,0xb4ac,0xb4b5,0xb4b7,0xb4b9,0xb4c0,0xb4c4,0xb4c8,0xb4d0,0xb4d5,0xb4dc,0xb4dd,0xb4e0,0xb4e3,0xb4e4,0xb4e6,
    0xb4ec,0xb4ed,0xb4ef,0xb4f1,0xb4f8,0xb514,0xb515,0xb518,0xb51b,0xb51c,0xb524,0xb525,0xb527,0xb528,0xb529,0xb52a,
    0xb530,0xb531,0xb534,0xb538,0xb540,0xb541,0xb543,0xb544,0xb545,0xb54b,0xb54c,0xb54d,0xb550,0xb554,0xb55c,0xb55d,
    0xb55f,0xb560,0xb561,0xb5a0,0xb5a1,0xb5a4,0xb5a8,0xb5aa,0xb5ab,0xb5b0,0xb5b1,0xb5b3,0xb5b4,0xb5b5,0xb5bb,0xb5bc,
    0xb5bd,0xb5c0,0xb5c4,0xb5cc,0xb5cd,0xb5cf,0xb5d0,0xb5d1,0xb5d8,0xb5ec,0xb610,0xb611,0xb614,0xb618,0xb625,0xb62c,
    0xb634,0xb648,0xb664,0xb668,0xb69c,0xb69d,0xb6a0,0xb6a4,0xb6ab,0xb6ac,0xb6b1,0xb6d4,0xb6f0,0xb6f4,0xb6f8,0xb700,
    0xb701,0xb705,0xb728,0xb729,0xb72c,0xb72f,0xb730,0xb738,0xb739,0xb73b,0xb744,0xb748,0xb74c,0xb754,0xb755,0xb760,
    0xb764,0xb768,0xb770,0xb771,0xb773,0xb775,0xb77c,0xb77d,0xb780,0xb784,0xb78c,0xb78d,0xb78f,0xb790,0xb791,0xb792,
    0xb796,0xb797,0xb798,0xb799,0xb79c,0xb7a0,0xb7a8,0xb7a9,0xb7ab,0xb7ac,0xb7ad,0xb7b4,0xb7b5,0xb7b8,0xb7c7,0xb7c9,
    0xb7ec,0xb7ed,0xb7f0,0xb7f4,0xb7fc,0xb7fd,0xb7ff,0xb800,0xb801,0xb807,0xb808,0xb809,0xb80c,0xb810,0xb818,0xb819,
    0xb81b,0xb81d,0xb824,0xb825,0xb828,0xb82c,0xb834,0xb835,0xb837,0xb838,0xb839,0xb840,0xb844,0xb851,0xb853,0xb85c,
    0xb85d,0xb860,0xb864,0xb86c,0xb86d,0xb86f,0xb871,0xb878,0xb87c,0xb88d,0xb8a8,0xb8b0,0xb8b4,0xb8b8,0xb8c0,0xb8c1,
    0xb8c3,0xb8c5,0xb8cc,0xb8d0,0xb8d4,0xb8dd,0xb8df,0xb8e1,0xb8e8,0xb8e9,0xb8ec,0xb8f0,0xb8f8,0xb8f9,0xb8fb,0xb8fd,
    0xb904,0xb918,0xb920,0xb93c,0xb93d,0xb940,0xb944,0xb94c,0xb94f,0xb951,0xb958,0xb959,0xb95c,0xb960,0xb968,0xb969,
    0xb96b,0xb96d,0xb974,0xb975,0xb978,0xb97c,0xb984,0xb985,0xb987,0xb989,0xb98a,0xb98d,0xb98e,0xb9ac,0xb9ad,0xb9b0,
    0xb9b4,0xb9bc,0xb9bd,0xb9bf,0xb9c1,0xb9c8,0xb9c9,0xb9cc,0xb9ce,0xb9cf,0xb9d0,0xb9d1,0xb9d2,0xb9d8,0xb9d9,0xb9db,
    0xb9dd,0xb9de,0xb9e1,0xb9e3,0xb9e4,0xb9e5,0xb9e8,0xb9ec,0xb9f4,0xb9f5,0xb9f7,0xb9f8,0xb9f9,0xb9fa,0xba00,0xba01,
    0xba08,0xba15,0xba38,0xba39,0xba3c,0xba40,0xba42,0xba48,0xba49,0xba4b,0xba4d,0xba4e,0xba53,0xba54,0xba55,0xba58,
    0xba5c,0xba64,0xba65,0xba67,0xba68,0xba69,0xba70,0xba71,0xba74,0xba78,0xba83,0xba84,0xba85,0xba87,0xba8c,0xbaa8,
    0xbaa9,0xbaab,0xbaac,0xbab0,0xbab2,0xbab8,0xbab9,0xbabb,0xbabd,0xbac4,0xbac8,0xbad8,0xbad9,0xbafc,0xbb00,0xbb04,
    0xbb0d,0xbb0f,0xbb11,0xbb18,0xbb1c,0xbb20,0xbb29,0xbb2b,0xbb34,0xbb35,0xbb36,0xbb38,0xbb3b,0xbb3c,0xbb3d,0xbb3e,
    0xbb44,0xbb45,0xbb47,0xbb49,0xbb4d,0xbb4f,0xbb50,0xbb54,0xbb58,0xbb61,0xbb63,0xbb6c,0xbb88,0xbb8c,0xbb90,0xbba4,
    0xbba8,0xbbac,0xbbb4,0xbbb7,0xbbc0,0xbbc4,0xbbc8,0xbbd0,0xbbd3,0xbbf8,0xbbf9,0xbbfc,0xbbff,0xbc00,0xbc02,0xbc08,
    0xbc09,0xbc0b,0xbc0c,0xbc0d,0xbc0f,0xbc11,0xbc14,0xbc15,0xbc16,0xbc17,0xbc18,0xbc1b,0xbc1c,0xbc1d,0xbc1e,0xbc1f,
    0xbc24,0xbc25,0xbc27,0xbc29,0xbc2d,0xbc30,0xbc31,0xbc34,0xbc38,0xbc40,0xbc41,0xbc43,0xbc44,0xbc45,0xbc49,0xbc4c,
    0xbc4d,0xbc50,0xbc5d,0xbc84,0xbc85,0xbc88,0xbc8b,0xbc8c,0xbc8e,0xbc94,0xbc95,0xbc97,0xbc99,0xbc9a,0xbca0,0xbca1,
    0xbca4,0xbca7,0xbca8,0xbcb0,0xbcb1,0xbcb3,0xbcb4,0xbcb5,0xbcbc,0xbcbd,0xbcc0,0xbcc4,0xbccd,0xbccf,0xbcd0,0xbcd1,
    0xbcd5,0xbcd8,0xbcdc,0xbcf4,0xbcf5,0xbcf6,0xbcf8,0xbcfc,0xbd04,0xbd05,0xbd07,0xbd09,0xbd10,0xbd14,0xbd24,0xbd2c,
    0xbd40,0xbd48,0xbd49,0xbd4c,0xbd50,0xbd58,0xbd59,0xbd64,0xbd68,0xbd80,0xbd81,0xbd84,0xbd87,0xbd88,0xbd89,0xbd8a,
    0xbd90,0xbd91,0xbd93,0xbd95,0xbd99,0xbd9a,0xbd9c,0xbda4,0xbdb0,0xbdb8,0xbdd4,0xbdd5,0xbdd8,0xbddc,0xbde9,0xbdf0,
    0xbdf4,0xbdf8,0xbe00,0xbe03,0xbe05,0xbe0c,0xbe0d,0xbe10,0xbe14,0xbe1c,0xbe1d,0xbe1f,0xbe44,0xbe45,0xbe48,0xbe4c,
    0xbe4e,0xbe54,0xbe55,0xbe57,0xbe59,0xbe5a,0xbe5b,0xbe60,0xbe61,0xbe64,0xbe68,0xbe6a,0xbe70,0xbe71,0xbe73,0xbe74,
    0xbe75,0xbe7b,0xbe7c,0xbe7d,0xbe80,0xbe84,0xbe8c,0xbe8d,0xbe8f,0xbe90,0xbe91,0xbe98,0xbe99,0xbea8,0xbed0,0xbed1,
    0xbed4,0xbed7,0xbed8,0xbee0,0xbee3,0xbee4,0xbee5,0xbeec,0xbf01,0xbf08,0xbf09,0xbf18,0xbf19,0xbf1b,0xbf1c,0xbf1d,
    0xbf40,0xbf41,0xbf44,0xbf48,0xbf50,0xbf51,0xbf55,0xbf94,0xbfb0,0xbfc5,0xbfcc,0xbfcd,0xbfd0,0xbfd4,0xbfdc,0xbfdf,
    0xbfe1,0xc03c,0xc051,0xc058,0xc05c,0xc060,0xc068,0xc069,0xc090,0xc091,0xc094,0xc098,0xc0a0,0xc0a1,0xc0a3,0xc0a5,
    0xc0ac,0xc0ad,0xc0af,0xc0b0,0xc0b3,0xc0b4,0xc0b5,0xc0b6,0xc0bc,0xc0bd,0xc0bf,0xc0c0,0xc0c1,0xc0c5,0xc0c8,0xc0c9,
    0xc0cc,0xc0d0,0xc0d8,0xc0d9,0xc0db,0xc0dc,0xc0dd,0xc0e4,0xc0e5,0xc0e8,0xc0ec,0xc0f4,0xc0f5,0xc0f7,0xc0f9,0xc100,
    0xc104,0xc108,0xc110,0xc115,0xc11c,0xc11d,0xc11e,0xc11f,0xc120,0xc123,0xc124,0xc126,0xc127,0xc12c,0xc12d,0xc12f,
    0xc130,0xc131,0xc136,0xc138,0xc139,0xc13c,0xc140,0xc148,0xc149,0xc14b,0xc14c,0xc14d,0xc154,0xc155,0xc158,0xc15c,
    0xc164,0xc165,0xc167,0xc168,0xc169,0xc170,0xc174,0xc178,0xc185,0xc18c,0xc18d,0xc18e,0xc190,0xc194,0xc196,0xc19c,
    0xc19d,0xc19f,0xc1a1,0xc1a5,0xc1a8,0xc1a9,0xc1ac,0xc1b0,0xc1bd,0xc1c4,0xc1c8,0xc1cc,0xc1d4,0xc1d7,0xc1d8,0xc1e0,
    0xc1e4,0xc1e8,0xc1f0,0xc1f1,0xc1f3,0xc1fc,0xc1fd,0xc200,0xc204,0xc20c,0xc20d,0xc20f,0xc211,0xc218,0xc219,0xc21c,
    0xc21f,0xc220,0xc228,0xc229,0xc22b,0xc22d,0xc22f,0xc231,0xc232,0xc234,0xc248,0xc250,0xc251,0xc254,0xc258,0xc260,
    0xc265,0xc26c,0xc26d,0xc270,0xc274,0xc27c,0xc27d,0xc27f,0xc281,0xc288,0xc289,0xc290,0xc298,0xc29b,0xc29d,0xc2a4,
    0xc2a5,0xc2a8,0xc2ac,0xc2ad,0xc2b4,0xc2b5,0xc2b7,0xc2b9,0xc2dc,0xc2dd,0xc2e0,0xc2e3,0xc2e4,0xc2eb,0xc2ec,0xc2ed,
    0xc2ef,0xc2f1,0xc2f6,0xc2f8,0xc2f9,0xc2fb,0xc2fc,0xc300,0xc308,0xc309,0xc30c,0xc30d,0xc313,0xc314,0xc315,0xc318,
    0xc31c,0xc324,0xc325,0xc328,0xc329,0xc345,0xc368,0xc369,0xc36c,0xc370,0xc372,0xc378,0xc379,0xc37c,0xc37d,0xc384,
    0xc388,0xc38c,0xc3c0,0xc3d8,0xc3d9,0xc3dc,0xc3df,0xc3e0,0xc3e2,0xc3e8,0xc3e9,0xc3ed,0xc3f4,0xc3f5,0xc3f8,0xc408,
    0xc410,0xc424,0xc42c,0xc430,0xc434,0xc43c,0xc43d,0xc448,0xc464,0xc465,0xc468,0xc46c,0xc474,0xc475,0xc479,0xc480,
    0xc494,0xc49c,0xc4b8,0xc4bc,0xc4e9,0xc4f0,0xc4f1,0xc4f4,0xc4f8,0xc4fa,0xc4ff,0xc500,0xc501,0xc50c,0xc510,0xc514,
    0xc51c,0xc528,0xc529,0xc52c,0xc530,0xc538,0xc539,0xc53b,0xc53d,0xc544,0xc545,0xc548,0xc549,0xc54a,0xc54c,0xc54d,
    0xc54e,0xc553,0xc554,0xc555,0xc557,0xc558,0xc559,0xc55d,0xc55e,0xc560,0xc561,0xc564,0xc568,0xc570,0xc571,0xc573,
    0xc574,0xc575,0xc57c,0xc57d,0xc580,0xc584,0xc587,0xc58c,0xc58d,0xc58f,0xc591,0xc595,0xc597,0xc598,0xc59c,0xc5a0,
    0xc5a9,0xc5b4,0xc5b5,0xc5b8,0xc5b9,0xc5bb,0xc5bc,0xc5bd,0xc5be,0xc5c4,0xc5c5,0xc5c6,0xc5c7,0xc5c8,0xc5c9,0xc5ca,
    0xc5cc,0xc5ce,0xc5d0,0xc5d1,0xc5d4,0xc5d8,0xc5e0,0xc5e1,0xc5e3,0xc5e5,0xc5ec,0xc5ed,0xc5ee,0xc5f0,0xc5f4,0xc5f6,
    0xc5f7,0xc5fc,0xc5fd,0xc5fe,0xc5ff,0xc600,0xc601,0xc605,0xc606,0xc607,0xc608,0xc60c,0xc610,0xc618,0xc619,0xc61b,
    0xc61c,0xc624,0xc625,0xc628,0xc62c,0xc62d,0xc62e,0xc630,0xc633,0xc634,0xc635,0xc637,0xc639,0xc63b,0xc640,0xc641,
    0xc644,0xc648,0xc650,0xc651,0xc653,0xc654,0xc655,0xc65c,0xc65d,0xc660,0xc66c,0xc66f,0xc671,0xc678,0xc679,0xc67c,
    0xc680,0xc688,0xc689,0xc68b,0xc68d,0xc694,0xc695,0xc698,0xc69c,0xc6a4,0xc6a5,0xc6a7,0xc6a9,0xc6b0,0xc6b1,0xc6b4,
    0xc6b8,0xc6b9,0xc6ba,0xc6c0,0xc6c1,0xc6c3,0xc6c5,0xc6cc,0xc6cd,0xc6d0,0xc6d4,0xc6dc,0xc6dd,0xc6e0,0xc6e1,0xc6e8,
    0xc6e9,0xc6ec,0xc6f0,0xc6f8,0xc6f9,0xc6fd,0xc704,0xc705,0xc708,0xc70c,0xc714,0xc715,0xc717,0xc719,0xc720,0xc721,
    0xc724,0xc728,0xc730,0xc731,0xc733,0xc735,0xc737,0xc73c,0xc73d,0xc740,0xc744,0xc74a,0xc74c,0xc74d,0xc74f,0xc751,
    0xc752,0xc753,0xc754,0xc755,0xc756,0xc757,0xc758,0xc75c,0xc760,0xc768,0xc76b,0xc774,0xc775,0xc778,0xc77c,0xc77d,
    0xc77e,0xc783,0xc784,0xc785,0xc787,0xc788,0xc789,0xc78a,0xc78e,0xc790,0xc791,0xc794,0xc796,0xc797,0xc798,0xc79a,
    0xc7a0,0xc7a1,0xc7a3,0xc7a4,0xc7a5,0xc7a6,0xc7ac,0xc7ad,0xc7b0,0xc7b4,0xc7bc,0xc7bd,0xc7bf,0xc7c0,0xc7c1,0xc7c8,
    0xc7c9,0xc7cc,0xc7ce,0xc7d0,0xc7d8,0xc7dd,0xc7e4,0xc7e8,0xc7ec,0xc800,0xc801,0xc804,0xc808,0xc80a,0xc810,0xc811,
    0xc813,0xc815,0xc816,0xc81c,0xc81d,0xc820,0xc824,0xc82c,0xc82d,0xc82f,0xc831,0xc838,0xc83c,0xc840,0xc848,0xc849,
    0xc84c,0xc84d,0xc854,0xc870,0xc871,0xc874,0xc878,0xc87a,0xc880,0xc881,0xc883,0xc885,0xc886,0xc887,0xc88b,0xc88c,
    0xc88d,0xc894,0xc89d,0xc89f,0xc8a1,0xc8a8,0xc8bc,0xc8bd,0xc8c4,0xc8c8,0xc8cc,0xc8d4,0xc8d5,0xc8d7,0xc8d9,0xc8e0,
    0xc8e1,0xc8e4,0xc8f5,0xc8fc,0xc8fd,0xc900,0xc904,0xc905,0xc906,0xc90c,0xc90d,0xc90f,0xc911,0xc918,0xc92c,0xc934,
    0xc950,0xc951,0xc954,0xc958,0xc960,0xc961,0xc963,0xc96c,0xc970,0xc974,0xc97c,0xc988,0xc989,0xc98c,0xc990,0xc998,
    0xc999,0xc99b,0xc99d,0xc9c0,0xc9c1,0xc9c4,0xc9c7,0xc9c8,0xc9ca,0xc9d0,0xc9d1,0xc9d3,0xc9d5,0xc9d6,0xc9d9,0xc9da,
    0xc9dc,0xc9dd,0xc9e0,0xc9e2,0xc9e4,0xc9e7,0xc9ec,0xc9ed,0xc9ef,0xc9f0,0xc9f1,0xc9f8,0xc9f9,0xc9fc,0xca00,0xca08,
    0xca09,0xca0b,0xca0c,0xca0d,0xca14,0xca18,0xca29,0xca4c,0xca4d,0xca50,0xca54,0xca5c,0xca5d,0xca5f,0xca60,0xca61,
    0xca68,0xca7d,0xca84,0xca98,0xcabc,0xcabd,0xcac0,0xcac4,0xcacc,0xcacd,0xcacf,0xcad1,0xcad3,0xcad8,0xcad9,0xcae0,
    0xcaec,0xcaf4,0xcb08,0xcb10,0xcb14,0xcb18,0xcb20,0xcb21,0xcb41,0xcb48,0xcb49,0xcb4c,0xcb50,0xcb58,0xcb59,0xcb5d,
    0xcb64,0xcb78,0xcb79,0xcb9c,0xcbb8,0xcbd4,0xcbe4,0xcbe7,0xcbe9,0xcc0c,0xcc0d,0xcc10,0xcc14,0xcc1c,0xcc1d,0xcc21,
    0xcc22,0xcc27,0xcc28,0xcc29,0xcc2c,0xcc2e,0xcc30,0xcc38,0xcc39,0xcc3b,0xcc3c,0xcc3d,0xcc3e,0xcc44,0xcc45,0xcc48,
    0xcc4c,0xcc54,0xcc55,0xcc57,0xcc58,0xcc59,0xcc60,0xcc64,0xcc66,0xcc68,0xcc70,0xcc75,0xcc98,0xcc99,0xcc9c,0xcca0,
    0xcca8,0xcca9,0xccab,0xccac,0xccad,0xccb4,0xccb5,0xccb8,0xccbc,0xccc4,0xccc5,0xccc7,0xccc9,0xccd0,0xccd4,0xcce4,
    0xccec,0xccf0,0xcd01,0xcd08,0xcd09,0xcd0c,0xcd10,0xcd18,0xcd19,0xcd1b,0xcd1d,0xcd24,0xcd28,0xcd2c,0xcd39,0xcd5c,
    0xcd60,0xcd64,0xcd6c,0xcd6d,0xcd6f,0xcd71,0xcd78,0xcd88,0xcd94,0xcd95,0xcd98,0xcd9c,0xcda4,0xcda5,0xcda7,0xcda9,
    0xcdb0,0xcdc4,0xcdcc,0xcdd0,0xcde8,0xcdec,0xcdf0,0xcdf8,0xcdf9,0xcdfb,0xcdfd,0xce04,0xce08,0xce0c,0xce14,0xce19,
    0xce20,0xce21,0xce24,0xce28,0xce30,0xce31,0xce33,0xce35,0xce58,0xce59,0xce5c,0xce5f,0xce60,0xce61,0xce68,0xce69,
    0xce6b,0xce6d,0xce74,0xce75,0xce78,0xce7c,0xce84,0xce85,0xce87,0xce89,0xce90,0xce91,0xce94,0xce98,0xcea0,0xcea1,
    0xcea3,0xcea4,0xcea5,0xceac,0xcead,0xcec1,0xcee4,0xcee5,0xcee8,0xceeb,0xceec,0xcef4,0xcef5,0xcef7,0xcef8,0xcef9,
    0xcf00,0xcf01,0xcf04,0xcf08,0xcf10,0xcf11,0xcf13,0xcf15,0xcf1c,0xcf20,0xcf24,0xcf2c,0xcf2d,0xcf2f,0xcf30,0xcf31,
    0xcf38,0xcf54,0xcf55,0xcf58,0xcf5c,0xcf64,0xcf65,0xcf67,0xcf69,0xcf70,0xcf71,0xcf74,0xcf78,0xcf80,0xcf85,0xcf8c,
    0xcfa1,0xcfa8,0xcfb0,0xcfc4,0xcfe0,0xcfe1,0xcfe4,0xcfe8,0xcff0,0xcff1,0xcff3,0xcff5,0xcffc,0xd000,0xd004,0xd011,
    0xd018,0xd02d,0xd034,0xd035,0xd038,0xd03c,0xd044,0xd045,0xd047,0xd049,0xd050,0xd054,0xd058,0xd060,0xd06c,0xd06d,
    0xd070,0xd074,0xd07c,0xd07d,0xd081,0xd0a4,0xd0a5,0xd0a8,0xd0ac,0xd0b4,0xd0b5,0xd0b7,0xd0b9,0xd0c0,0xd0c1,0xd0c4,
    0xd0c8,0xd0c9,0xd0d0,0xd0d1,0xd0d3,0xd0d4,0xd0d5,0xd0dc,0xd0dd,0xd0e0,0xd0e4,0xd0ec,0xd0ed,0xd0ef,0xd0f0,0xd0f1,
    0xd0f8,0xd10d,0xd130,0xd131,0xd134,0xd138,0xd13a,0xd140,0xd141,0xd143,0xd144,0xd145,0xd14c,0xd14d,0xd150,0xd154,
    0xd15c,0xd15d,0xd15f,0xd161,0xd168,0xd16c,0xd17c,0xd184,0xd188,0xd1a0,0xd1a1,0xd1a4,0xd1a8,0xd1b0,0xd1b1,0xd1b3,
    0xd1b5,0xd1ba,0xd1bc,0xd1c0,0xd1d8,0xd1f4,0xd1f8,0xd207,0xd209,0xd210,0xd22c,0xd22d,0xd230,0xd234,0xd23c,0xd23d,
    0xd23f,0xd241,0xd248,0xd25c,0xd264,0xd280,0xd281,0xd284,0xd288,0xd290,0xd291,0xd295,0xd29c,0xd2a0,0xd2a4,0xd2ac,
    0xd2b1,0xd2b8,0xd2b9,0xd2bc,0xd2bf,0xd2c0,0xd2c2,0xd2c8,0xd2c9,0xd2cb,0xd2d4,0xd2d8,0xd2dc,0xd2e4,0xd2e5,0xd2f0,
    0xd2f1,0xd2f4,0xd2f8,0xd300,0xd301,0xd303,0xd305,0xd30c,0xd30d,0xd30e,0xd310,0xd314,0xd316,0xd31c,0xd31d,0xd31f,
    0xd320,0xd321,0xd325,0xd328,0xd329,0xd32c,0xd330,0xd338,0xd339,0xd33b,0xd33c,0xd33d,0xd344,0xd345,0xd37c,0xd37d,
    0xd380,0xd384,0xd38c,0xd38d,0xd38f,0xd390,0xd391,0xd398,0xd399,0xd39c,0xd3a0,0xd3a8,0xd3a9,0xd3ab,0xd3ad,0xd3b4,
    0xd3b8,0xd3bc,0xd3c4,0xd3c5,0xd3c8,0xd3c9,0xd3d0,0xd3d8,0xd3e1,0xd3e3,0xd3ec,0xd3ed,0xd3f0,0xd3f4,0xd3fc,0xd3fd,
    0xd3ff,0xd401,0xd408,0xd41d,0xd440,0xd444,0xd45c,0xd460,0xd464,0xd46d,0xd46f,0xd478,0xd479,0xd47c,0xd47f,0xd480,
    0xd482,0xd488,0xd489,0xd48b,0xd48d,0xd494,0xd4a9,0xd4cc,0xd4d0,0xd4d4,0xd4dc,0xd4df,0xd4e8,0xd4ec,0xd4f0,0xd4f8,
    0xd4fb,0xd4fd,0xd504,0xd508,0xd50c,0xd514,0xd515,0xd517,0xd53c,0xd53d,0xd540,0xd544,0xd54c,0xd54d,0xd54f,0xd551,
    0xd558,0xd559,0xd55c,0xd560,0xd565,0xd568,0xd569,0xd56b,0xd56d,0xd574,0xd575,0xd578,0xd57c,0xd584,0xd585,0xd587,
    0xd588,0xd589,0xd590,0xd5a5,0xd5c8,0xd5c9,0xd5cc,0xd5d0,0xd5d2,0xd5d8,0xd5d9,0xd5db,0xd5dd,0xd5e4,0xd5e5,0xd5e8,
    0xd5ec,0xd5f4,0xd5f5,0xd5f7,0xd5f9,0xd600,0xd601,0xd604,0xd608,0xd610,0xd611,0xd613,0xd614,0xd615,0xd61c,0xd620,
    0xd624,0xd62d,0xd638,0xd639,0xd63c,0xd640,0xd645,0xd648,0xd649,0xd64b,0xd64d,0xd651,0xd654,0xd655,0xd658,0xd65c,
    0xd667,0xd669,0xd670,0xd671,0xd674,0xd683,0xd685,0xd68c,0xd68d,0xd690,0xd694,0xd69d,0xd69f,0xd6a1,0xd6a8,0xd6ac,
    0xd6b0,0xd6b9,0xd6bb,0xd6c4,0xd6c5,0xd6c8,0xd6cc,0xd6d1,0xd6d4,0xd6d7,0xd6d9,0xd6e0,0xd6e4,0xd6e8,0xd6f0,0xd6f5,
    0xd6fc,0xd6fd,0xd700,0xd704,0xd711,0xd718,0xd719,0xd71c,0xd720,0xd728,0xd729,0xd72b,0xd72d,0xd734,0xd735,0xd738,
    0xd73c,0xd744,0xd747,0xd749,0xd750,0xd751,0xd754,0xd756,0xd757,0xd758,0xd759,0xd760,0xd761,0xd763,0xd765,0xd769,
    0xd76c,0xd770,0xd774,0xd77c,0xd77d,0xd781,0xd788,0xd789,0xd78c,0xd790,0xd798,0xd799,0xd79b,0xd79d,
};

static const unsigned int HANGUL_GLYPHS[HANGUL_COUNT][HANGUL_H] = {
    {0x0000,0x0010,0x0010,0x0010,0xfe10,0x0210,0x0210,0x0610,0x0410,0x0c1e,0x1810,0x3010,0x6010,0xc010,0x0010,0x0010,0x0010,0x0000}, /* U+AC00 */
    {0x0000,0x0010,0x0010,0xfe10,0x0210,0x0610,0x041c,0x0c10,0x1810,0x6010,0xc000,0x3ff0,0x0010,0x0010,0x0010,0x0010,0x0000,0x0000}, /* U+AC01 */
    {0x0000,0x0000,0x0010,0xfe10,0x0210,0x0610,0x0410,0x0c10,0x181c,0x3010,0xc010,0x0010,0x2010,0x2000,0x2000,0x3ff0,0x0000,0x0000}, /* U+AC04 */
    {0x0000,0x0000,0x0010,0xfe10,0x0210,0x0610,0x041c,0x081c,0x3010,0xe010,0x0000,0x3ff0,0x2000,0x2000,0x2000,0x3ff0,0x0000,0x0000}, /* U+AC07 */
    {0x0000,0x0000,0x7e10,0x7e10,0x0210,0x0410,0x0c1c,0x3810,0xe010,0x8000,0x3fe0,0x0030,0x0030,0x3ff0,0x2000,0x3ff0,0x0000,0x0000}, /* U+AC08 */
    {0x0000,0x0010,0x0010,0x7f10,0x0210,0x0410,0x0c1c,0x3810,0xe010,0x0010,0x3ef0,0x0610,0x3c10,0x6010,0x6010,0x7e10,0x0000,0x0000}, /* U+AC09 */
    {0x0000,0x0010,0x0010,0xfe10,0x0210,0x0610,0x0c1c,0x1810,0x7010,0xc010,0x3df0,0x0590,0x0590,0x3d90,0x2190,0x3ff0,0x0000,0x0000}, /* U+AC0A */
    {0x0000,0x0000,0x0010,0xfe10,0x0210,0x0610,0x041c,0x081c,0x3010,0xe010,0x0000,0x3ff0,0x2010,0x2010,0x2010,0x3ff0,0x0010,0x0000}, /* U+AC10 */
    {0x0000,0x0010,0x0010,0xfe10,0x0210,0x0610,0x0c1c,0x181c,0x3010,0xc010,0x0000,0x2010,0x3ff0,0x2030,0x2010,0x3ff0,0x0000,0x0000}, /* U+AC11 */
    {0x0000,0x0010,0x0010,0xfe10,0x0210,0x0610,0x0c1c,0x181c,0x7010,0xc000,0x2220,0x2620,0x3e70,0x2250,0x26c8,0x3f8c,0x0000,0x0000}, /* U+AC12 */
    {0x0000,0x0010,0x0010,0xfe10,0x0210,0x0210,0x0410,0x0c1c,0x1810,0x6010,0xc110,0x0190,0x0380,0x0240,0x0c70,0x3818,0x0000,0x0000}, /* U+AC13 */
    {0x0000,0x0010,0x0010,0xfe10,0x0210,0x0610,0x0410,0x081c,0x3010,0xe010,0x8000,0x0c30,0x0c30,0x1e70,0x32d8,0x618c,0x0000,0x0000}, /* U+AC14 */
    {0x0000,0x0010,0x0010,0xfe10,0x0210,0x0610,0x0410,0x081c,0x1810,0x6010,0x8010,0x1fe0,0x2030,0x6010,0x2030,0x1fe0,0x0000,0x0000}, /* U+AC15 */
    {0x0000,0x0010,0x0010,0xfe10,0x0210,0x0610,0x0410,0x181c,0x3010,0xc010,0x0000,0x3ff0,0x0300,0x0780,0x0ce0,0x7838,0x0000,0x0000}, /* U+AC16 */
    {0x0000,0x0010,0x0010,0x7e10,0x0210,0x0610,0x041c,0x0810,0x3010,0xe7d0,0x0000,0x1ef0,0x0300,0x0380,0x0cc0,0x3838,0x0000,0x0000}, /* U+AC17 */
    {0x0000,0x0000,0x0010,0xff10,0x0210,0x0210,0x041c,0x0c1c,0x3810,0xe010,0x0000,0x3ff0,0x2000,0x3ff0,0x2000,0x3ff0,0x0000,0x0000}, /* U+AC19 */
    {0x0000,0x0000,0x0010,0xfe10,0x0210,0x0210,0x0410,0x081e,0x3010,0xc010,0x0010,0x3ff0,0x0000,0x0840,0x08c0,0x7ff8,0x0000,0x0000}, /* U+AC1A */
    {0x0000,0x0010,0x0010,0x7f10,0x0310,0x0210,0x0610,0x0c1c,0x1810,0x7010,0x0710,0x0380,0x3ff0,0x0f80,0x1860,0x1860,0x0380,0x0000}, /* U+AC1B */
    {0x0000,0x0008,0x0048,0x7c48,0x7e48,0x0448,0x0448,0x0c48,0x0848,0x1878,0x3048,0x6048,0xc048,0x0048,0x0048,0x0048,0x0000,0x0000}, /* U+AC1C */
    {0x0000,0x0000,0x0048,0xfe48,0x0248,0x0648,0x0478,0x0c78,0x1848,0xe048,0x0008,0x3ff8,0x0008,0x0008,0x0008,0x0008,0x0000,0x0000}, /* U+AC1D */
    {0x0000,0x0000,0x0048,0x7c48,0x7e48,0x0648,0x0448,0x0448,0x0878,0x1848,0x6048,0x8048,0x1048,0x1008,0x1000,0x1ff8,0x0000,0x0000}, /* U+AC20 */
    {0x0000,0x0000,0x0048,0xfe48,0x0648,0x0648,0x0478,0x0878,0x1848,0xe048,0x0000,0x1ff8,0x0008,0x1ff8,0x1000,0x1ff8,0x0000,0x0000}, /* U+AC24 */
    {0x0000,0x0000,0x0048,0xfe48,0x0648,0x0448,0x0c78,0x0878,0x1048,0x6048,0xc000,0x0ff8,0x1808,0x1808,0x1808,0x1ff8,0x0000,0x0000}, /* U+AC2C */
    {0x0000,0x0008,0x7c48,0x7e48,0x0648,0x0448,0x0c78,0x1848,0x3048,0xc000,0x1008,0x1008,0x1ff8,0x1008,0x1008,0x1ff8,0x1000,0x0000}, /* U+AC2D */
    {0x0000,0x0008,0x0048,0x7e48,0x0648,0x0648,0x0448,0x0c78,0x1848,0x7048,0x40c8,0x0188,0x0188,0x0340,0x0630,0x181c,0x0000,0x0000}, /* U+AC2F */
    {0x0000,0x0000,0x0048,0xfe48,0x0648,0x0448,0x0c78,0x0878,0x3048,0xe048,0x8018,0x0430,0x0c30,0x0e38,0x1348,0x61c4,0x0000,0x0000}, /* U+AC30 */
    {0x0000,0x0000,0x0048,0xfe48,0x0648,0x0448,0x0c78,0x0878,0x1048,0x6048,0xc008,0x0fe0,0x1818,0x2008,0x3018,0x1ff0,0x0000,0x0000}, /* U+AC31 */
    {0x0000,0x0010,0x0010,0x0010,0xfe10,0x0210,0x0210,0x021e,0x0410,0x0c10,0x1810,0x301e,0xe010,0x8010,0x0010,0x0010,0x0000,0x0000}, /* U+AC38 */
    {0x0000,0x0010,0x0010,0xfe10,0x0210,0x061c,0x0410,0x0c10,0x181c,0x6010,0xc000,0x3ff0,0x0010,0x0010,0x0010,0x0010,0x0000,0x0000}, /* U+AC39 */
    {0x0000,0x0010,0x0010,0xfe10,0x0210,0x061c,0x0410,0x0c10,0x1810,0x301c,0xe010,0x8010,0x2010,0x2000,0x2000,0x3ff0,0x0000,0x0000}, /* U+AC3C */
    {0x0000,0x0010,0x0010,0x7f10,0x0310,0x021c,0x0610,0x0c10,0x181c,0x6010,0x0000,0x3ff0,0x0030,0x3fe0,0x2000,0x3ff0,0x0000,0x0000}, /* U+AC40 */
    {0x0000,0x0010,0x0010,0xfe10,0x0210,0x021c,0x0410,0x0c10,0x181c,0x6010,0xc010,0x0190,0x0190,0x02c0,0x0c70,0x3818,0x0000,0x0000}, /* U+AC4B */
    {0x0000,0x0010,0x0010,0xfe10,0x0210,0x061c,0x0410,0x0810,0x181c,0x6010,0x8010,0x1fe0,0x3030,0x6010,0x2030,0x1fe0,0x0000,0x0000}, /* U+AC4D */
    {0x0000,0x0000,0x0048,0x0048,0x7c48,0x0448,0x0448,0x0478,0x0c48,0x0848,0x1878,0x3048,0x4048,0x0048,0x0048,0x0008,0x0000,0x0000}, /* U+AC54 */
    {0x0000,0x0000,0x0048,0x7e48,0x7e48,0x0248,0x0678,0x0448,0x0c48,0x1878,0x6048,0x4048,0x1048,0x1008,0x1000,0x1ffc,0x0000,0x0000}, /* U+AC58 */
    {0x0000,0x0000,0x0048,0x7e48,0x0278,0x0648,0x0448,0x0878,0x3048,0xe048,0x0000,0x1ff8,0x0008,0x1ff8,0x1000,0x1ffc,0x0000,0x0000}, /* U+AC5C */
    {0x0000,0x0000,0x0018,0x0018,0xff18,0x0318,0x0318,0x0218,0x06f8,0x0418,0x0c18,0x1818,0x3018,0xc018,0x0018,0x0018,0x0000,0x0000}, /* U+AC70 */
    {0x0000,0x0000,0x0018,0x7f18,0x0318,0x0218,0x06f8,0x0c18,0x1818,0x7018,0x4000,0x1ff0,0x0018,0x0018,0x0018,0x0018,0x0000,0x0000}, /* U+AC71 */
    {0x0000,0x0000,0x0018,0xfe18,0x0218,0x0218,0x0618,0x04f8,0x0818,0x3018,0xe018,0x8018,0x2018,0x2000,0x2000,0x3ff8,0x0000,0x0000}, /* U+AC74 */
    {0x0000,0x0000,0x0018,0x7f18,0x7f18,0x0118,0x03f8,0x0618,0x0c18,0x3818,0xe000,0x1ff0,0x1ff0,0x1000,0x1000,0x1ff8,0x0000,0x0000}, /* U+AC77 */
    {0x0000,0x0000,0x0018,0xff18,0x0318,0x0218,0x06f8,0x0c18,0x3818,0xe000,0x0000,0x3fd8,0x0018,0x3ff8,0x2000,0x3ff8,0x0000,0x0000}, /* U+AC78 */
    {0x0000,0x0000,0x0018,0x7f18,0x0118,0x0278,0x0618,0x0c18,0x7018,0x4000,0x3cf8,0x0698,0x0698,0x3c98,0x2098,0x3ef8,0x3800,0x0000}, /* U+AC7A */
    {0x0000,0x0000,0x0018,0x7f18,0x0318,0x0218,0x06f8,0x0c18,0x1818,0x6018,0xc000,0x1ff0,0x3018,0x3018,0x3018,0x3ff8,0x0000,0x0000}, /* U+AC80 */
    {0x0000,0x0000,0x0018,0x7f18,0x0318,0x0218,0x06f8,0x0cf8,0x3818,0xe018,0x0000,0x3018,0x3ff8,0x3018,0x3018,0x3ff8,0x0000,0x0000}, /* U+AC81 */
    {0x0000,0x0000,0x0018,0x7f18,0x0318,0x0218,0x06f8,0x0c18,0x1818,0x7018,0xc118,0x0198,0x0380,0x06c0,0x0c70,0x3818,0x0000,0x0000}, /* U+AC83 */
    {0x0000,0x0000,0x0018,0x7f18,0x0118,0x0118,0x0378,0x0618,0x0c18,0x1818,0x6018,0x0420,0x0430,0x0e70,0x1a58,0x318c,0x0000,0x0000}, /* U+AC84 */
    {0x0000,0x0000,0x7f18,0x7f18,0x0318,0x0218,0x06f8,0x0c18,0x1818,0xe018,0x0018,0x1fe0,0x3010,0x2018,0x3010,0x1fe0,0x0000,0x0000}, /* U+AC85 */
    {0x0000,0x0000,0x0018,0x7f18,0x0318,0x0318,0x02f8,0x0418,0x1818,0x7018,0x4000,0x3ff8,0x0300,0x0280,0x0c60,0x3838,0x0000,0x0000}, /* U+AC86 */
    {0x0000,0x0000,0x0018,0xff18,0x0318,0x0218,0x06f8,0x0c18,0x3818,0xe018,0x0000,0x3ff0,0x3000,0x3ff0,0x2000,0x3ff8,0x0000,0x0000}, /* U+AC89 */
    {0x0000,0x0000,0x0018,0x7f18,0x7f18,0x0118,0x03f8,0x0218,0x0c18,0x1818,0x6000,0x1ff0,0x1ff0,0x0460,0x0440,0x3ff8,0x0000,0x0000}, /* U+AC8A */
    {0x0000,0x0000,0x0018,0x7f18,0x0118,0x0118,0x0278,0x0618,0x0c18,0x3818,0x6380,0x3ff8,0x03c0,0x07e0,0x0810,0x0e70,0x03c0,0x0000}, /* U+AC8B */
    {0x0000,0x0008,0x0048,0x7c48,0x7e48,0x0448,0x0448,0x04c8,0x0fc8,0x0848,0x1048,0x3048,0xe048,0x8048,0x0048,0x0008,0x0000,0x0000}, /* U+AC8C */
    {0x0000,0x0000,0x0048,0x0048,0x7e48,0x0648,0x0448,0x0dc8,0x1848,0x3048,0x6048,0x8048,0x1048,0x1000,0x1000,0x1ffc,0x0000,0x0000}, /* U+AC90 */
    {0x0000,0x0000,0x0048,0xfe48,0x0248,0x0648,0x05c8,0x09c8,0x1848,0xe048,0x8000,0x1ff8,0x0008,0x1ff8,0x1000,0x1ff8,0x0000,0x0000}, /* U+AC94 */
    {0x0000,0x0008,0x0048,0xfe48,0x0648,0x0448,0x05c8,0x09c8,0x1848,0x6048,0xc000,0x0ff8,0x1808,0x1808,0x1808,0x1ff8,0x0000,0x0000}, /* U+AC9C */
    {0x0000,0x0000,0x0048,0xfe48,0x0248,0x0648,0x05c8,0x0848,0x3048,0xe040,0x1008,0x1808,0x1ff8,0x1808,0x1808,0x1ff8,0x0000,0x0000}, /* U+AC9D */
    {0x0000,0x0000,0x0048,0x7e48,0x0648,0x0648,0x07c8,0x0c48,0x1848,0x7048,0x4008,0x0188,0x0180,0x03c0,0x0670,0x1c1c,0x0000,0x0000}, /* U+AC9F */
    {0x0000,0x0008,0x0048,0xfe48,0x0648,0x0448,0x0fc8,0x1848,0x3048,0xe048,0x8410,0x0c30,0x0c30,0x1e30,0x3348,0x60c4,0x0000,0x0000}, /* U+ACA0 */
    {0x0000,0x0008,0x0048,0xfc48,0x0448,0x0448,0x0dc8,0x0848,0x1048,0x6048,0xc008,0x0fe0,0x1818,0x3008,0x3018,0x1ff0,0x0000,0x0000}, /* U+ACA1 */
    {0x0000,0x0000,0x0018,0x7e18,0x7f18,0x0318,0x02f8,0x0218,0x0618,0x0418,0x08f8,0x3018,0x6018,0xc018,0x0018,0x0018,0x0000,0x0000}, /* U+ACA8 */
    {0x0000,0x0000,0x7e18,0x7f18,0x0318,0x02f8,0x0618,0x0c18,0x1878,0xe018,0x8000,0x3ff0,0x0018,0x0018,0x0018,0x0018,0x0000,0x0000}, /* U+ACA9 */
    {0x0000,0x0000,0x0018,0x7f18,0x0218,0x02f8,0x0418,0x08f8,0x30f8,0xc018,0x0010,0x7cf8,0x0418,0x0418,0x0418,0x0418,0x0000,0x0000}, /* U+ACAA */
    {0x0000,0x0000,0x0018,0x7f18,0x0318,0x02f8,0x0618,0x0c18,0x18f8,0x70f8,0xc018,0x0018,0x2018,0x2000,0x2000,0x3ff8,0x0000,0x0000}, /* U+ACAC */
    {0x0000,0x0000,0x7f18,0x7f18,0x0318,0x02f8,0x0618,0x0cf8,0x18f8,0xe018,0x0000,0x1ff0,0x1000,0x1000,0x1000,0x1ff8,0x0000,0x0000}, /* U+ACAF */
    {0x0000,0x0000,0x0018,0xff18,0x0318,0x02f8,0x0618,0x0c78,0x1818,0xe018,0x0000,0x3ff8,0x0018,0x3ff0,0x2000,0x3ff8,0x0000,0x0000}, /* U+ACB0 */
    {0x0000,0x0000,0x0018,0xff18,0x0318,0x02f8,0x0618,0x0c18,0x18f8,0xe018,0x8000,0x1ff0,0x3018,0x3018,0x3018,0x3ff8,0x0000,0x0000}, /* U+ACB8 */
    {0x0000,0x0000,0x7f18,0x7f18,0x0318,0x0278,0x0418,0x08f8,0x70f8,0xc000,0x0000,0x3018,0x3ff8,0x3018,0x3018,0x3ff8,0x0000,0x0000}, /* U+ACB9 */
    {0x0000,0x0000,0x0018,0xff18,0x0318,0x02f8,0x0618,0x0c18,0x18f8,0x7018,0xc098,0x0198,0x01c0,0x0260,0x0c30,0x181c,0x0000,0x0000}, /* U+ACBB */
    {0x0000,0x0000,0x0018,0xff18,0x0318,0x02f8,0x0618,0x04f8,0x18f8,0x7008,0xc000,0x0c10,0x0c30,0x1c38,0x324c,0x6084,0x0000,0x0000}, /* U+ACBC */
    {0x0000,0x0000,0x7f18,0x7f18,0x0318,0x02f8,0x0618,0x0cf8,0x18f8,0xe018,0x0008,0x1fe0,0x3010,0x2018,0x3010,0x1fe0,0x0000,0x0000}, /* U+ACBD */
    {0x0000,0x0000,0x0018,0xff18,0x0318,0x02f8,0x0618,0x0cf8,0x1818,0x6018,0x4000,0x3ff0,0x2000,0x3ff0,0x2000,0x3ff8,0x0000,0x0000}, /* U+ACC1 */
    {0x0000,0x0000,0x0048,0x0048,0x7c48,0x0448,0x04c8,0x0fc8,0x0848,0x18c8,0x13c8,0x20c8,0xc048,0x8048,0x00c8,0x0048,0x0000,0x0000}, /* U+ACC4 */
    {0x0000,0x0000,0x0048,0x0048,0x7e48,0x0648,0x07c8,0x0c48,0x1848,0x31c8,0x6048,0xc048,0x1048,0x1000,0x1000,0x1ffc,0x0000,0x0000}, /* U+ACC8 */
    {0x0000,0x0000,0x0048,0xfe48,0x0248,0x07c8,0x0448,0x09c8,0x3048,0xe048,0x0008,0x1ff8,0x0008,0x1ff8,0x1000,0x1ffc,0x0000,0x0000}, /* U+ACCC */
    {0x0000,0x0000,0x0048,0x7e48,0x07c8,0x0448,0x0448,0x09c8,0x3048,0xe048,0x1008,0x1808,0x1ff8,0x1008,0x1808,0x1ff8,0x0000,0x0000}, /* U+ACD5 */
    {0x0000,0x0000,0x0048,0x7e48,0x0648,0x07c8,0x05c8,0x0c48,0x1848,0x71c8,0x4048,0x0088,0x0180,0x0340,0x0e30,0x3818,0x0000,0x0000}, /* U+ACD7 */
    {0x0000,0x0000,0x0000,0x7ff0,0x0010,0x0010,0x0010,0x0010,0x0610,0x0610,0x0630,0x0600,0x0600,0xfffc,0x0000,0x0000,0x0000,0x0000}, /* U+ACE0 */
    {0x0000,0x0000,0x7ff0,0x0010,0x0010,0x0210,0x0210,0x0200,0xfffc,0x0000,0x0000,0x3ff0,0x0010,0x0010,0x0010,0x0010,0x0000,0x0000}, /* U+ACE1 */
    {0x0000,0x0000,0x3ff0,0x3fd8,0x0018,0x0210,0x0210,0x0210,0x0200,0xfffc,0x0000,0x2000,0x2000,0x2000,0x3ff0,0x3ff0,0x0000,0x0000}, /* U+ACE4 */
    {0x0000,0x0000,0x7ff0,0x0010,0x0010,0x0210,0x0210,0x0200,0xfffc,0x0000,0x0000,0x3ff0,0x2000,0x2000,0x2000,0x3ff0,0x0000,0x0000}, /* U+ACE7 */
    {0x0000,0x0000,0x7ff0,0x0010,0x0010,0x0210,0x0200,0x0200,0xfffc,0x0000,0x3ff0,0x0030,0x3ff0,0x2000,0x2000,0x3ff0,0x0000,0x0000}, /* U+ACE8 */
    {0x0000,0x0000,0x7ff0,0x0010,0x0210,0x0210,0x0200,0xfffc,0x0000,0x3cf0,0x0498,0x0498,0x3c98,0x6098,0x60f8,0x3c98,0x0000,0x0000}, /* U+ACEA */
    {0x0000,0x0000,0x7ff0,0x0010,0x0210,0x0210,0x0210,0xfffc,0x0000,0x3800,0x3c60,0x0c60,0x7870,0x6090,0x7d98,0x3100,0x0000,0x0000}, /* U+ACEC */
    {0x0000,0x0000,0x7ff0,0x0010,0x0210,0x0210,0x0610,0xfffc,0x00e0,0x78e0,0x0db8,0x0df8,0x78f0,0x6118,0x7d18,0x20f0,0x0000,0x0000}, /* U+ACEF */
    {0x0000,0x0000,0x7ff0,0x0010,0x0010,0x0210,0x0210,0x0200,0xfffc,0x0000,0x0000,0x3ff0,0x2010,0x2010,0x3ff0,0x3ff0,0x0000,0x0000}, /* U+ACF0 */
    {0x0000,0x0000,0x7ff0,0x0010,0x0010,0x0210,0x0210,0x0200,0xfffc,0x0000,0x2010,0x2010,0x3ff0,0x2010,0x3ff0,0x3ff0,0x0000,0x0000}, /* U+ACF1 */
    {0x0000,0x0000,0x3ff0,0x0010,0x0010,0x0210,0x0210,0x0200,0xfffc,0x0000,0x0000,0x0300,0x0700,0x0c80,0x1860,0x7038,0x0000,0x0000}, /* U+ACF3 */
    {0x0000,0x0000,0x7ff8,0x0018,0x0018,0x0210,0x0210,0x0200,0xfffc,0x0000,0x0fc0,0x3870,0x6018,0x6018,0x3030,0x1fe0,0x0000,0x0000}, /* U+ACF5 */
    {0x0000,0x0000,0x3ff0,0x0010,0x0010,0x0210,0x0210,0x0200,0xfffc,0x0000,0x3ff0,0x0300,0x0300,0x0c80,0x3870,0x2010,0x0000,0x0000}, /* U+ACF6 */
    {0x0000,0x0000,0x0010,0x7f10,0x7f10,0x0110,0x1110,0x1110,0x1110,0x111c,0x1010,0x1fd0,0xfe10,0x0010,0x0010,0x0010,0x0000,0x0000}, /* U+ACFC */
    {0x0000,0x0000,0x0010,0x7f10,0x0110,0x0110,0x111c,0x101c,0x18d0,0xff10,0x0010,0x3ff0,0x0030,0x0010,0x0010,0x0010,0x0000,0x0000}, /* U+ACFD */
    {0x0000,0x0010,0x0010,0x7f10,0x0110,0x0110,0x1110,0x1110,0x111c,0x1010,0xffd0,0x0010,0x0010,0x3010,0x2000,0x3ff0,0x0000,0x0000}, /* U+AD00 */
    {0x0000,0x0010,0x0010,0x7f10,0x0110,0x1110,0x111c,0x101c,0xffd0,0xe010,0x0000,0x3ff0,0x0010,0x3ff0,0x2000,0x3ff0,0x0000,0x0000}, /* U+AD04 */
    {0x0000,0x0010,0x0010,0x7f10,0x0110,0x0110,0x111c,0x101c,0xffd0,0x8010,0x3cf0,0x05b0,0x0510,0x3d90,0x2190,0x3ff0,0x0000,0x0000}, /* U+AD06 */
    {0x0000,0x0010,0x0010,0x7f10,0x0110,0x0110,0x111c,0x101c,0x18d0,0xff10,0x0000,0x3ff0,0x2010,0x2010,0x2010,0x3ff0,0x0000,0x0000}, /* U+AD0C */
    {0x0000,0x0010,0x0010,0x7f10,0x0110,0x1110,0x111c,0x101c,0xffd0,0xe010,0x0000,0x3010,0x3ff0,0x2010,0x2010,0x3ff0,0x0000,0x0000}, /* U+AD0D */
    {0x0000,0x0010,0x0010,0x7f10,0x0110,0x0110,0x111c,0x101c,0x3fd0,0xfc10,0x0010,0x0180,0x0380,0x0240,0x0c70,0x3818,0x0000,0x0000}, /* U+AD0F */
    {0x0000,0x0010,0x0010,0x7f10,0x0110,0x0110,0x1110,0x111c,0x1990,0xff90,0x0010,0x1fe0,0x3030,0x6010,0x2030,0x1fe0,0x0000,0x0000}, /* U+AD11 */
    {0x0000,0x0000,0x0048,0x0048,0x7e48,0x0248,0x0248,0x1248,0x1278,0x1078,0x1048,0xff48,0x0048,0x0048,0x0048,0x0008,0x0000,0x0000}, /* U+AD18 */
    {0x0000,0x0000,0x0048,0x7e48,0x7f48,0x0348,0x1248,0x1a78,0x1848,0xff48,0x4048,0x0048,0x1008,0x1000,0x1000,0x1ffc,0x0000,0x0000}, /* U+AD1C */
    {0x0000,0x0008,0x0048,0x7f48,0x0348,0x0348,0x1248,0x1278,0x1948,0xff48,0x0048,0x0ff8,0x0008,0x0ff8,0x1800,0x1ff8,0x0000,0x0000}, /* U+AD20 */
    {0x0000,0x0008,0x0048,0x7f48,0x0348,0x0348,0x1248,0x1278,0x1948,0xff48,0x0008,0x0808,0x0ff8,0x0808,0x0808,0x0ff8,0x0000,0x0000}, /* U+AD29 */
    {0x0000,0x0000,0x0048,0x7f48,0x0348,0x0248,0x1278,0x1078,0xff48,0xf048,0x0410,0x0430,0x0c30,0x0e38,0x134c,0x20c4,0x0000,0x0000}, /* U+AD2C */
    {0x0000,0x0008,0x0048,0x7f48,0x0348,0x0248,0x1248,0x1278,0x1848,0xff48,0x0048,0x03c0,0x1ff8,0x1008,0x1008,0x1ff8,0x03c0,0x0000}, /* U+AD2D */
    {0x0000,0x0000,0x0018,0x7f98,0x7f98,0x0098,0x0898,0x0998,0x0998,0x0918,0x0818,0xffd8,0xc018,0x0018,0x0018,0x0018,0x0000,0x0000}, /* U+AD34 */
    {0x0000,0x0000,0x0018,0x7f98,0x0098,0x0098,0x0998,0x0818,0x1ff8,0xff18,0x0000,0x3ff8,0x0018,0x0018,0x0018,0x0018,0x0000,0x0000}, /* U+AD35 */
    {0x0000,0x0000,0x0018,0x7f98,0x0198,0x0098,0x0998,0x0998,0x0918,0x18d8,0xffd8,0x0018,0x3018,0x3000,0x3000,0x3ff8,0x0000,0x0000}, /* U+AD38 */
    {0x0000,0x0000,0x0018,0x7f98,0x0098,0x0098,0x0998,0x0818,0x0fd8,0xfc08,0x0000,0x1ff8,0x0018,0x1ff8,0x1000,0x1ff8,0x0000,0x0000}, /* U+AD3C */
    {0x0000,0x0000,0x0018,0x7f98,0x7f98,0x0098,0x0998,0x0818,0x0fd8,0xff18,0x0000,0x1ff8,0x1018,0x1018,0x1018,0x1ff8,0x0000,0x0000}, /* U+AD44 */
    {0x0000,0x0000,0x0018,0x7f98,0x0098,0x0098,0x0998,0x0818,0x0fd8,0xfe18,0x0000,0x1018,0x1ff8,0x1018,0x1018,0x1ff8,0x0000,0x0000}, /* U+AD45 */
    {0x0000,0x0000,0x0018,0x7f98,0x7f98,0x0098,0x0998,0x0818,0x0fd8,0xff18,0x0018,0x0180,0x0180,0x0340,0x0630,0x181c,0x0000,0x0000}, /* U+AD47 */
    {0x0000,0x0000,0x0018,0x7f98,0x0198,0x0098,0x0998,0x0818,0x1ff8,0xff18,0x0018,0x07e0,0x1830,0x1018,0x1010,0x0ff0,0x0000,0x0000}, /* U+AD49 */
    {0x0000,0x0000,0x0000,0x7ff0,0x0018,0x0010,0x0010,0x0010,0x1990,0x1990,0x19b0,0x1980,0x1880,0xfffc,0xc000,0x0000,0x0000,0x0000}, /* U+AD50 */
    {0x0000,0x0000,0x3ff0,0x3ff8,0x0018,0x0890,0x0890,0x0890,0x0980,0xfffc,0x0000,0x2000,0x3000,0x2000,0x3ff8,0x1ff8,0x0000,0x0000}, /* U+AD54 */
    {0x0000,0x0000,0x7ff0,0x0010,0x0010,0x0990,0x0880,0x0980,0xfffc,0x0000,0x3ff0,0x0010,0x3ff0,0x2000,0x2000,0x3ff0,0x0000,0x0000}, /* U+AD58 */
    {0x0000,0x0000,0x7ff0,0x0010,0x0010,0x0990,0x0990,0x1980,0xfffc,0x0000,0x2010,0x2010,0x3ff0,0x2010,0x3ff0,0x2010,0x0000,0x0000}, /* U+AD61 */
    {0x0000,0x0000,0x3ff0,0x0010,0x0010,0x0890,0x0990,0x0880,0xfffc,0xfffc,0x0000,0x0300,0x0700,0x0480,0x1860,0x7038,0x0000,0x0000}, /* U+AD63 */
    {0x0000,0x0000,0x7ff0,0x0010,0x0010,0x0030,0x0030,0x0030,0xfffc,0x0300,0x0300,0x0300,0x0300,0x0300,0x0300,0x0200,0x0000,0x0000}, /* U+AD6C */
    {0x0000,0x0000,0x3ff0,0x0010,0x0010,0x0010,0x0030,0xfffc,0x0300,0x0300,0x0300,0x3ff0,0x0010,0x0010,0x0010,0x0010,0x0000,0x0000}, /* U+AD6D */
    {0x0000,0x0000,0x3ff0,0x0010,0x0010,0x0010,0x0030,0x0030,0xfffc,0x0300,0x0300,0x0300,0x2300,0x2000,0x3000,0x3ff0,0x0000,0x0000}, /* U+AD70 */
    {0x0000,0x0000,0x7ff8,0x0010,0x0010,0x0010,0x0030,0xfffc,0x0300,0x0300,0x0300,0x3ff0,0x2000,0x2000,0x3000,0x3ff0,0x0000,0x0000}, /* U+AD73 */
    {0x0000,0x0000,0x3ff0,0x0010,0x0010,0x0030,0x0030,0xfffc,0x0300,0x0300,0x3ff0,0x0010,0x1ff0,0x3000,0x2000,0x3ff0,0x0000,0x0000}, /* U+AD74 */
    {0x0000,0x0000,0x7ff0,0x0010,0x0010,0x0010,0xfffc,0x0300,0x0300,0x0100,0x7df0,0x0410,0x7c10,0x6010,0x6610,0x3c10,0x0000,0x0000}, /* U+AD75 */
    {0x0000,0x0000,0x7ff0,0x0010,0x0010,0x0030,0xfffc,0x0300,0x0300,0x7cf0,0x7cf8,0x0498,0x7c98,0x6098,0x60f8,0x7c90,0x0000,0x0000}, /* U+AD76 */
    {0x0000,0x0000,0x7ff0,0x0010,0x0010,0x0030,0xfffc,0x0300,0x0300,0x7c60,0x0c60,0x0df8,0x7c70,0x6188,0x6588,0x7cf0,0x0000,0x0000}, /* U+AD7B */
    {0x0000,0x0000,0x3ff0,0x0010,0x0010,0x0030,0x0030,0xfffc,0x0300,0x0300,0x0300,0x3ff0,0x2010,0x2010,0x3ff0,0x2010,0x0000,0x0000}, /* U+AD7C */
    {0x0000,0x0000,0x7ff0,0x0010,0x0010,0x0030,0xfffc,0xfffc,0x0300,0x0300,0x2010,0x3030,0x3ff0,0x2010,0x3030,0x3ff0,0x0000,0x0000}, /* U+AD7D */
    {0x0000,0x0000,0x7ff0,0x0018,0x0010,0x0010,0x0010,0xfffc,0x0300,0x0300,0x0100,0x0300,0x0380,0x0cc0,0x1870,0x7018,0x0000,0x0000}, /* U+AD7F */
    {0x0000,0x0000,0x7ff8,0x0010,0x0010,0x0010,0x0010,0xfffc,0x0300,0x0300,0x0300,0x1fe0,0x3030,0x6018,0x3010,0x1fe0,0x0000,0x0000}, /* U+AD81 */
    {0x0000,0x0000,0x3ff0,0x0030,0x0030,0x0030,0x0020,0xfffc,0x0300,0x0200,0x7ff0,0x7ff0,0x0300,0x0580,0x18e0,0x7030,0x0000,0x0000}, /* U+AD82 */
    {0x0000,0x0000,0x0018,0x7f18,0x7f98,0x0198,0x0118,0x0118,0x03d8,0xff18,0x0c78,0x0c78,0x0c18,0x0c18,0x0c18,0x0018,0x0000,0x0000}, /* U+AD88 */
    {0x0000,0x0000,0x0018,0x7f98,0x0098,0x0098,0x0198,0xffd8,0x0c18,0x04f8,0x0418,0x1ff0,0x1ff8,0x0018,0x0018,0x0018,0x0000,0x0000}, /* U+AD89 */
    {0x0000,0x0000,0x0018,0x7f98,0x0098,0x0098,0x0198,0xffd8,0xfe18,0x0418,0x04f8,0x0418,0x2018,0x3000,0x3000,0x3ff8,0x0000,0x0000}, /* U+AD8C */
    {0x0000,0x0000,0x0018,0x7f98,0x0098,0x0198,0x0198,0xffd8,0x0478,0x0478,0x0418,0x1ff8,0x0018,0x1ff8,0x1000,0x1ff8,0x0000,0x0000}, /* U+AD90 */
    {0x0000,0x0000,0x0018,0x7f98,0x0098,0x0098,0x0198,0xffd8,0x0c18,0x0478,0x0008,0x0420,0x0420,0x0e70,0x1a48,0x3084,0x0000,0x0000}, /* U+AD9C */
    {0x0000,0x0000,0x0018,0x7f98,0x0098,0x0198,0x0198,0xffd8,0x0418,0x04f8,0x0418,0x0780,0x1870,0x2018,0x3018,0x1ff0,0x0000,0x0000}, /* U+AD9D */
    {0x0000,0x0008,0x0048,0x7e48,0x7e48,0x0248,0x0648,0x0648,0xff48,0x1848,0x1bc8,0x1848,0x1848,0x1848,0x0048,0x0008,0x0000,0x0000}, /* U+ADA4 */
    {0x0000,0x0008,0x0068,0x7e68,0x7e68,0x0248,0x0248,0x2f48,0xfe48,0x19c8,0x1848,0x18c8,0x0180,0x03c0,0x0660,0x1c18,0x0000,0x0000}, /* U+ADB7 */
    {0x0000,0x0000,0x0018,0x7f18,0x7f98,0x0198,0x0118,0x0118,0x03d8,0xffd8,0x0c18,0x0c18,0x0c18,0x0c18,0x0c18,0x0018,0x0000,0x0000}, /* U+ADC0 */
    {0x0000,0x0000,0x0018,0x7f98,0x0098,0x0098,0x0198,0xfff8,0x0c18,0x0418,0x0000,0x1ff8,0x0018,0x0018,0x0018,0x0018,0x0000,0x0000}, /* U+ADC1 */
    {0x0000,0x0000,0x0018,0x3f98,0x0198,0x0118,0x0118,0xffd8,0x0c18,0x0c18,0x0c18,0x0c18,0x3010,0x3000,0x3000,0x3ff8,0x0000,0x0000}, /* U+ADC4 */
    {0x0000,0x0000,0x0018,0x7f98,0x0098,0x0198,0x01d8,0xffd8,0x0418,0x0418,0x0400,0x1ff8,0x0018,0x1ff8,0x1000,0x1ff8,0x0000,0x0000}, /* U+ADC8 */
    {0x0000,0x0000,0x0018,0x7f98,0x0098,0x0098,0x0198,0xffd8,0x0c18,0x0418,0x0400,0x1ff8,0x1018,0x1018,0x1018,0x1ff8,0x0000,0x0000}, /* U+ADD0 */
    {0x0000,0x0000,0x0018,0x7f98,0x0098,0x0198,0x0198,0xffd8,0x0418,0x0418,0x0000,0x1018,0x1ff8,0x1018,0x1018,0x1ff8,0x0000,0x0000}, /* U+ADD1 */
    {0x0000,0x0000,0x0018,0x7f98,0x0198,0x0098,0x0198,0xfff8,0xff18,0x0418,0x0c18,0x0580,0x0180,0x03c0,0x0670,0x181c,0x0000,0x0000}, /* U+ADD3 */
    {0x0000,0x0000,0x7ff8,0x0010,0x0010,0x0010,0x0030,0x0030,0xfffc,0x0840,0x0840,0x0840,0x0840,0x0840,0x0840,0x0840,0x0000,0x0000}, /* U+ADDC */
    {0x0000,0x0000,0x3ff0,0x0010,0x0010,0x0030,0x0030,0xfffc,0x0c40,0x0c40,0x0c40,0x0c40,0x2040,0x2000,0x2000,0x3ff0,0x0000,0x0000}, /* U+ADE0 */
    {0x0000,0x0000,0x3ff0,0x0010,0x0010,0x0030,0xfffc,0xfffc,0x0840,0x0cc0,0x3ff0,0x0010,0x3ff0,0x2000,0x3000,0x3ff0,0x0000,0x0000}, /* U+ADE4 */
    {0x0000,0x0000,0x0000,0x4000,0x7ff8,0x0010,0x0010,0x0010,0x0010,0x0030,0x0030,0x0020,0x0030,0xfffc,0x0000,0x0000,0x0000,0x0000}, /* U+ADF8 */
    {0x0000,0x0000,0x7ff0,0x0010,0x0010,0x0010,0x0010,0xfffc,0x0000,0x0000,0x7ff0,0x0030,0x0010,0x0010,0x0010,0x0010,0x0000,0x0000}, /* U+ADF9 */
    {0x0000,0x0000,0x0070,0x3ff0,0x0010,0x0010,0x0030,0x0030,0xfffc,0x0000,0x2000,0x2000,0x2000,0x2000,0x3ff0,0x0000,0x0000,0x0000}, /* U+ADFC */
    {0x0000,0x0000,0x7ff8,0x0010,0x0010,0x0010,0x0010,0xfffc,0xfffc,0x0000,0x1ff0,0x3fe0,0x2000,0x2000,0x3000,0x3ff0,0x0000,0x0000}, /* U+ADFF */
    {0x0000,0x0000,0x7ff0,0x0010,0x0010,0x0010,0x0030,0x0030,0xfffc,0x0000,0x3ff0,0x0010,0x3ff0,0x2000,0x2000,0x3ff0,0x0000,0x0000}, /* U+AE00 */
    {0x0000,0x0000,0x3ff0,0x0010,0x0010,0x0010,0x0030,0xfffc,0x0000,0x0000,0x7cf8,0x0418,0x3c18,0x6018,0x6218,0x3e18,0x0000,0x0000}, /* U+AE01 */
    {0x0000,0x0000,0x7ff0,0x0010,0x0010,0x0010,0x0010,0xfffc,0xfffc,0x0000,0x3ff0,0x2010,0x2010,0x2010,0x3ff0,0x2030,0x0000,0x0000}, /* U+AE08 */
    {0x0000,0x0000,0x7ff0,0x0010,0x0010,0x0010,0x0030,0x0030,0xfffc,0x0000,0x2010,0x3030,0x3ff0,0x2010,0x3030,0x3ff0,0x0000,0x0000}, /* U+AE09 */
    {0x0000,0x0000,0x7ff0,0x0010,0x0010,0x0010,0x0030,0x0030,0xfffc,0x0000,0x0300,0x0300,0x0780,0x0cc0,0x3870,0x6018,0x0000,0x0000}, /* U+AE0B */
    {0x0000,0x0000,0x7ff8,0x0010,0x0010,0x0010,0x0010,0xfffc,0xfffc,0x0000,0x0780,0x1fe0,0x2030,0x2010,0x3030,0x1fe0,0x0000,0x0000}, /* U+AE0D */
    {0x0000,0x0000,0x0018,0x7f18,0x7f98,0x0098,0x0198,0x0198,0x0118,0x0118,0x0118,0xfff8,0xf018,0x0018,0x0018,0x0018,0x0000,0x0000}, /* U+AE14 */
    {0x0000,0x0000,0x0018,0x7f18,0xff18,0x0118,0x0318,0x0218,0x0618,0x0418,0x0818,0x3018,0xe018,0x8018,0x0018,0x0018,0x0000,0x0000}, /* U+AE30 */
    {0x0000,0x0000,0x0018,0x7f18,0x0318,0x0218,0x0618,0x0c18,0x1818,0x7018,0x4010,0x3ff8,0x0018,0x0018,0x0018,0x0018,0x0000,0x0000}, /* U+AE31 */
    {0x0000,0x0000,0x0018,0x7f98,0x0198,0x0118,0x0318,0x0618,0x0c18,0x1818,0x6018,0x0018,0x3018,0x3000,0x3000,0x3ff8,0x0000,0x0000}, /* U+AE34 */
    {0x0000,0x0000,0x0018,0xff18,0x0318,0x0218,0x0618,0x0418,0x1818,0x3018,0xe000,0x1ff0,0x1ff0,0x1000,0x1000,0x1ff8,0x0000,0x0000}, /* U+AE37 */
    {0x0000,0x0000,0x0018,0x7f98,0x0118,0x0318,0x0618,0x0c18,0x3818,0xe000,0x1ff0,0x0018,0x0018,0x3ff0,0x3000,0x3ff8,0x0000,0x0000}, /* U+AE38 */
    {0x0000,0x0000,0x0018,0x7f18,0x0118,0x0218,0x0618,0x0c18,0x3818,0x4000,0x3cf0,0x0698,0x1e98,0x3c98,0x2098,0x3ef8,0x0000,0x0000}, /* U+AE3A */
    {0x0000,0x0000,0x0018,0xff18,0x0318,0x0218,0x0618,0x0418,0x1818,0x3018,0xc000,0x1ff0,0x1018,0x1018,0x1018,0x1ff8,0x0000,0x0000}, /* U+AE40 */
    {0x0000,0x0000,0x0018,0x7f98,0x0118,0x0118,0x0218,0x0c18,0x3818,0xe000,0x0000,0x1018,0x1ff8,0x1018,0x1018,0x1ff8,0x0000,0x0000}, /* U+AE41 */
    {0x0000,0x0000,0x0018,0xff18,0x0318,0x0218,0x0618,0x0c18,0x1818,0x7018,0xc098,0x0198,0x0180,0x0240,0x0c30,0x181c,0x0000,0x0000}, /* U+AE43 */
    {0x0000,0x0000,0x0018,0xff18,0x0318,0x0218,0x0618,0x0418,0x1818,0x3018,0xc018,0x07e0,0x1830,0x1018,0x1818,0x0ff0,0x0000,0x0000}, /* U+AE45 */
    {0x0000,0x0000,0x0018,0x7f18,0x0318,0x0218,0x0218,0x0418,0x1818,0x7018,0x4000,0x3ff0,0x0380,0x06c0,0x0c60,0x3838,0x0000,0x0000}, /* U+AE46 */
    {0x0000,0x0000,0x0018,0x7f18,0x0118,0x0118,0x0218,0x0418,0x1818,0xe018,0x0000,0x1ff0,0x0000,0x0840,0x0c40,0x3ff8,0x0000,0x0000}, /* U+AE4A */
    {0x0000,0x0010,0x0010,0x0010,0xff90,0x1190,0x1190,0x1110,0x3110,0x231c,0x4210,0xc610,0x8410,0x0c10,0x0010,0x0010,0x0010,0x0000}, /* U+AE4C */
    {0x0000,0x0010,0x0010,0x7790,0x1990,0x1090,0x1190,0x211c,0x6210,0xc610,0x0010,0x3ff0,0x0030,0x0010,0x0010,0x0010,0x0000,0x0000}, /* U+AE4D */
    {0x0000,0x0010,0x0010,0xf790,0x1190,0x1190,0x211c,0x6310,0xc610,0x0410,0x0000,0x7df0,0x0410,0x0410,0x0410,0x0410,0x0000,0x0000}, /* U+AE4E */
    {0x0000,0x0000,0x0010,0x7390,0x7b90,0x1890,0x1190,0x3110,0x231c,0x4210,0x8410,0x0010,0x3010,0x3000,0x3000,0x3ff8,0x0000,0x0000}, /* U+AE50 */
    {0x0000,0x0010,0x0010,0x7390,0x7b90,0x1090,0x1190,0x211c,0x6310,0xc610,0x0000,0x1ff0,0x0010,0x1ff0,0x3000,0x3ff0,0x0000,0x0000}, /* U+AE54 */
    {0x0000,0x0010,0x0010,0x7f90,0x1890,0x1190,0x311c,0x6310,0xc210,0x0410,0x3ce0,0x3df0,0x0590,0x3d90,0x21b0,0x3ff0,0x0000,0x0000}, /* U+AE56 */
    {0x0000,0x0010,0x0010,0x7790,0x1990,0x1090,0x1190,0x211c,0x6310,0xc610,0x0000,0x3ff0,0x2010,0x2010,0x2010,0x3ff0,0x0000,0x0000}, /* U+AE5C */
    {0x0000,0x0010,0x0010,0x7b90,0x1890,0x1090,0x319c,0x2110,0xc310,0x8610,0x0010,0x3010,0x3ff0,0x3010,0x3010,0x3ff0,0x0000,0x0000}, /* U+AE5D */
    {0x0000,0x0010,0x0010,0x7790,0x1990,0x1090,0x1190,0x211c,0x6310,0xc610,0x0410,0x0190,0x0180,0x02c0,0x0c70,0x3818,0x0000,0x0000}, /* U+AE5F */
    {0x0000,0x0010,0x0010,0x7f90,0x1890,0x1190,0x3110,0x211c,0xc210,0x8610,0x0000,0x0820,0x0c20,0x1e70,0x32d8,0x618c,0x0000,0x0000}, /* U+AE60 */
    {0x0000,0x0010,0x0010,0x7f90,0x1890,0x1190,0x3110,0x211c,0xc210,0x8410,0x0010,0x0fc0,0x3cf0,0x2010,0x2010,0x3ff0,0x0780,0x0000}, /* U+AE61 */
    {0x0000,0x0010,0x0010,0x7390,0x1890,0x1090,0x3190,0x211c,0x4210,0x8610,0x0000,0x3ff0,0x3000,0x3ff0,0x3000,0x3ff0,0x0000,0x0000}, /* U+AE65 */
    {0x0000,0x0000,0x0048,0x0048,0xf748,0x3348,0x3348,0x2248,0x2278,0x4668,0xc448,0x8c48,0x0848,0x0048,0x0048,0x0008,0x0000,0x0000}, /* U+AE68 */
    {0x0000,0x0008,0x0048,0x7748,0x1348,0x1248,0x2278,0x6678,0xc448,0x8c48,0x0008,0x3ff8,0x0008,0x0008,0x0008,0x0008,0x0000,0x0000}, /* U+AE69 */
    {0x0000,0x0008,0x0068,0x7768,0x1368,0x1268,0x3268,0x6678,0xc468,0x8c48,0x0048,0x0048,0x1008,0x1000,0x1000,0x1ffc,0x0000,0x0000}, /* U+AE6C */
    {0x0000,0x0000,0x0068,0x7748,0x1348,0x1348,0x3278,0x2678,0x4448,0x8c48,0x0ff8,0x0008,0x0008,0x1ff8,0x1800,0x1ff8,0x0000,0x0000}, /* U+AE70 */
    {0x0000,0x0008,0x0048,0x7748,0x1148,0x3348,0x2278,0x6678,0xc448,0x8c48,0x0000,0x0ff8,0x1808,0x1808,0x1808,0x1ff8,0x0000,0x0000}, /* U+AE78 */
    {0x0000,0x0008,0x0068,0x7748,0x1348,0x3248,0x2278,0x6668,0xc448,0x8848,0x0000,0x0808,0x0ff8,0x0808,0x0808,0x0ff8,0x0000,0x0000}, /* U+AE79 */
    {0x0000,0x0008,0x0068,0x7748,0x1348,0x1348,0x2278,0x6678,0xc448,0x8c48,0x0048,0x0088,0x01c0,0x0360,0x0630,0x181c,0x0000,0x0000}, /* U+AE7B */
    {0x0000,0x0008,0x0068,0x7748,0x1348,0x3348,0x2278,0x6678,0xc448,0x8848,0x0000,0x0430,0x0c30,0x1a30,0x3348,0x6184,0x0000,0x0000}, /* U+AE7C */
    {0x0000,0x0008,0x0048,0x7748,0x1348,0x1348,0x3268,0x2278,0x4448,0xcc68,0x0048,0x03c0,0x1ff8,0x1008,0x1808,0x0ff0,0x0000,0x0000}, /* U+AE7D */
    {0x0000,0x0010,0x0010,0x0010,0xff90,0x1190,0x1190,0x111e,0x3110,0x2310,0x4210,0xc61e,0x8c10,0x0810,0x0010,0x0010,0x0000,0x0000}, /* U+AE84 */
    {0x0000,0x0000,0x0010,0x7790,0x1990,0x109c,0x1190,0x2110,0x631c,0xc610,0x0410,0x7ff0,0x0030,0x0010,0x0010,0x0010,0x0000,0x0000}, /* U+AE85 */
    {0x0000,0x0010,0x0010,0x7390,0x7b90,0x109c,0x1190,0x2110,0x631c,0xc610,0x0000,0x3ff0,0x0010,0x3ff0,0x3000,0x3ff0,0x1070,0x0000}, /* U+AE8C */
    {0x0000,0x0000,0x0018,0x0018,0x7b98,0x1898,0x1098,0x1098,0x31f8,0x2118,0x6318,0xc218,0x0418,0x0c18,0x0018,0x0018,0x0000,0x0000}, /* U+AEBC */
    {0x0000,0x0000,0x0018,0x7b98,0x1898,0x1098,0x31f8,0x2118,0x4218,0x0618,0x0000,0x3ff0,0x3ff8,0x0018,0x0018,0x0018,0x0000,0x0000}, /* U+AEBD */
    {0x0000,0x0000,0x0018,0x7b98,0x1198,0x1198,0x3178,0x2318,0xc218,0x8418,0x0000,0x7df8,0x0418,0x0418,0x0418,0x0418,0x0000,0x0000}, /* U+AEBE */
    {0x0000,0x0000,0x0018,0x7398,0x7b98,0x1098,0x11f8,0x3178,0x6318,0xc618,0x0418,0x0018,0x1000,0x1000,0x1000,0x1ff8,0x0000,0x0000}, /* U+AEC0 */
    {0x0000,0x0000,0x0018,0x7b98,0x1898,0x1098,0x31f8,0x2118,0x4218,0x0618,0x0400,0x1ff8,0x0018,0x1ff8,0x1000,0x1ff8,0x0000,0x0000}, /* U+AEC4 */
    {0x0000,0x0000,0x0018,0x7b98,0x1898,0x1198,0x1178,0x2118,0x6218,0xc618,0x0000,0x3ff0,0x3018,0x3018,0x3018,0x3ff8,0x0000,0x0000}, /* U+AECC */
    {0x0000,0x0000,0x0018,0xf398,0x1098,0x1198,0x1178,0x2118,0x6218,0xc600,0x0000,0x3018,0x3ff8,0x3018,0x3018,0x3ff8,0x0000,0x0000}, /* U+AECD */
    {0x0000,0x0000,0x0018,0x7398,0x7b98,0x1898,0x1198,0x3178,0x2118,0x4218,0x8618,0x0098,0x0180,0x0340,0x0630,0x1c1c,0x0000,0x0000}, /* U+AECF */
    {0x0000,0x0000,0x7318,0x7b98,0x1098,0x1198,0x3178,0x2318,0x6218,0xc418,0x0000,0x0c20,0x0c30,0x1e70,0x32d8,0x618c,0x0000,0x0000}, /* U+AED0 */
    {0x0000,0x0000,0x0018,0xf398,0x1898,0x1098,0x31f8,0x2178,0x6318,0xc618,0x0018,0x0fe0,0x3030,0x2018,0x3830,0x0fe0,0x0000,0x0000}, /* U+AED1 */
    {0x0000,0x0000,0x0048,0x0048,0x7748,0x1348,0x1248,0x3248,0x23c8,0x6248,0x4448,0x8448,0x0848,0x0048,0x0068,0x0008,0x0000,0x0000}, /* U+AED8 */
    {0x0000,0x0000,0x0048,0x7f48,0x1348,0x1248,0x33c8,0x66c8,0xcc48,0x8848,0x0008,0x3ff8,0x0008,0x0008,0x0008,0x0008,0x0000,0x0000}, /* U+AED9 */
    {0x0000,0x0000,0x0048,0x7768,0x1368,0x1268,0x3268,0x27c8,0xc468,0x8c68,0x0048,0x0068,0x1008,0x1000,0x1000,0x1ffc,0x0000,0x0000}, /* U+AEDC */
    {0x0000,0x0000,0x0048,0x7748,0x3348,0x2248,0x22c8,0x44c8,0xc448,0x0848,0x0000,0x0ff8,0x1808,0x1808,0x1808,0x1ff8,0x0000,0x0000}, /* U+AEE8 */
    {0x0000,0x0000,0x0068,0x7768,0x1368,0x1268,0x23c8,0x66c8,0xc448,0x8c68,0x0048,0x0088,0x01c0,0x0340,0x0630,0x181c,0x0000,0x0000}, /* U+AEEB */
    {0x0000,0x0000,0x0048,0x7768,0x1348,0x1348,0x3348,0x23c8,0x4648,0xcc48,0x0048,0x07e0,0x1c18,0x100c,0x1808,0x0ff0,0x0000,0x0000}, /* U+AEED */
    {0x0000,0x0000,0x0018,0x0018,0x7b98,0x1898,0x10f8,0x10f8,0x3188,0x2178,0x6378,0xc218,0x8418,0x0c18,0x0018,0x0018,0x0000,0x0000}, /* U+AEF4 */
    {0x0000,0x0000,0x0018,0x7398,0x7b98,0x10f8,0x1198,0x3118,0x6378,0xc618,0x0418,0x0018,0x1010,0x1000,0x1000,0x1ff8,0x0000,0x0000}, /* U+AEF8 */
    {0x0000,0x0000,0x0018,0x7f98,0x1898,0x11f8,0x3118,0x2378,0x4278,0x0418,0x0000,0x1ff8,0x0018,0x1ff0,0x1000,0x1ff8,0x0000,0x0000}, /* U+AEFC */
    {0x0000,0x0000,0x0018,0x7398,0x7b98,0x18f8,0x1198,0x1118,0x2178,0x6218,0xc618,0x0098,0x0180,0x0340,0x0630,0x1c18,0x0000,0x0000}, /* U+AF07 */
    {0x0000,0x0000,0x0018,0x7b98,0x0898,0x10f8,0x1118,0x2178,0x4278,0x0418,0x0000,0x0c20,0x0c30,0x1e70,0x3348,0x6084,0x0000,0x0000}, /* U+AF08 */
    {0x0000,0x0000,0x0018,0x7b98,0x1898,0x10f8,0x1118,0x2178,0x6278,0x4418,0x0010,0x1ff0,0x1000,0x1ff0,0x1000,0x1ff8,0x0000,0x0000}, /* U+AF0D */
    {0x0000,0x0000,0x0048,0x0048,0x7748,0x1348,0x13c8,0x3348,0x2248,0x63c8,0x47c8,0x8448,0x0848,0x0048,0x0048,0x0008,0x0000,0x0000}, /* U+AF10 */
    {0x0000,0x0000,0x0000,0x7df8,0x0c18,0x0c18,0x0818,0x0818,0x0910,0x1910,0x0910,0x0100,0x0100,0xfffc,0x0000,0x0000,0x0000,0x0000}, /* U+AF2C */
    {0x0000,0x0000,0x79f0,0x0c18,0x0810,0x0910,0x0910,0x0100,0xfffc,0x0000,0x0000,0x3ff0,0x0010,0x0010,0x0010,0x0010,0x0000,0x0000}, /* U+AF2D */
    {0x0000,0x0000,0x4100,0x7df0,0x0c10,0x0d10,0x0910,0x0930,0xfffc,0x0000,0x0000,0x3000,0x3000,0x2000,0x3ff0,0x1ff0,0x0000,0x0000}, /* U+AF30 */
    {0x0000,0x0000,0x79f0,0x0810,0x0810,0x0910,0x1930,0x0100,0xfffc,0x0000,0x20e0,0x63f8,0x60e0,0x6118,0x7918,0x30f0,0x0000,0x0000}, /* U+AF32 */
    {0x0000,0x0000,0x7cf0,0x0c10,0x0810,0x0930,0x0900,0x0300,0xfffc,0x0000,0x3ff0,0x0010,0x3ff0,0x2000,0x3000,0x3ff0,0x0000,0x0000}, /* U+AF34 */
    {0x0000,0x0000,0x79f0,0x79f0,0x0810,0x0910,0x1930,0x0100,0xfffc,0xfffc,0x0000,0x3ff0,0x3010,0x3010,0x3ff0,0x3010,0x0000,0x0000}, /* U+AF3C */
    {0x0000,0x0000,0x79f0,0x0810,0x0810,0x1b10,0x1910,0x0300,0xfffc,0x0000,0x3010,0x3ff0,0x3030,0x3010,0x3ff0,0x3010,0x0000,0x0000}, /* U+AF3D */
    {0x0000,0x0000,0x79f0,0x0810,0x0810,0x0930,0x0920,0x0100,0xfffc,0x0000,0x0100,0x0300,0x0380,0x06c0,0x1c70,0x3018,0x0000,0x0000}, /* U+AF3F */
    {0x0000,0x0000,0x79f0,0x0810,0x0810,0x0930,0x0930,0x0100,0xfffc,0x0000,0x0000,0x1fe0,0x3030,0x2010,0x3870,0x0fc0,0x0000,0x0000}, /* U+AF41 */
    {0x0000,0x0000,0x79f0,0x0810,0x0810,0x0910,0x0930,0x0100,0xfffc,0x0000,0x0000,0x3ff0,0x0300,0x0680,0x1c60,0x3018,0x0000,0x0000}, /* U+AF42 */
    {0x0000,0x0000,0x79f0,0x0810,0x0810,0x0b10,0x0100,0xfffc,0x0000,0x0780,0x0000,0x3ff0,0x0300,0x0680,0x0c60,0x3038,0x0000,0x0000}, /* U+AF43 */
    {0x0000,0x0010,0x0010,0x0010,0xf790,0x1090,0x1090,0x3590,0x3590,0x251c,0x0430,0xfff0,0x0010,0x0010,0x0010,0x0010,0x0000,0x0000}, /* U+AF48 */
    {0x0000,0x0000,0x0010,0xf790,0x1090,0x1090,0x359c,0x041c,0x0c10,0xff90,0x0010,0x7ff0,0x0030,0x0010,0x0010,0x0010,0x0000,0x0000}, /* U+AF49 */
    {0x0000,0x0000,0x0010,0xf790,0x1090,0x1090,0x359c,0x041c,0xdfd0,0xff90,0x0010,0x3ff0,0x0030,0x3ff0,0x2000,0x3ff0,0x0000,0x0000}, /* U+AF50 */
    {0x0000,0x0010,0x0010,0xf790,0x1090,0x1090,0x359c,0x241c,0x0c50,0xffd0,0x0010,0x0820,0x0c20,0x1e70,0x32d8,0x618c,0x0000,0x0000}, /* U+AF5C */
    {0x0000,0x0000,0x0010,0xf790,0x1190,0x1090,0x3590,0x251c,0x0410,0xffd0,0x0010,0x0780,0x3870,0x6010,0x2030,0x1fe0,0x0000,0x0000}, /* U+AF5D */
    {0x0000,0x0008,0x0048,0x0048,0x7748,0x1148,0x1148,0x1148,0x1d78,0x0478,0x0dc8,0xfe48,0x0048,0x0048,0x0048,0x0008,0x0000,0x0000}, /* U+AF64 */
    {0x0000,0x0000,0x0068,0x7768,0x3168,0x1168,0x3568,0x0478,0x0fe8,0xff68,0x0048,0x1ff8,0x1ff8,0x0008,0x0008,0x0008,0x0000,0x0000}, /* U+AF65 */
    {0x0000,0x0000,0x0068,0x7768,0x3168,0x1168,0x3568,0x2478,0x0f68,0xff68,0x0048,0x03c0,0x1c38,0x1008,0x1808,0x0ff0,0x0000,0x0000}, /* U+AF79 */
    {0x0000,0x0000,0x0018,0x0018,0x73d8,0x1058,0x10d8,0x14d8,0x1498,0x1498,0x0618,0xfff8,0x0018,0x0018,0x0018,0x0018,0x0000,0x0000}, /* U+AF80 */
    {0x0000,0x0000,0x0018,0x7bd8,0x18d8,0x18d8,0x1098,0x1698,0x0618,0x0618,0xfff8,0x0018,0x1018,0x1000,0x1000,0x1ff8,0x0000,0x0000}, /* U+AF84 */
    {0x0000,0x0000,0x0018,0x7bd8,0x18d8,0x10d8,0x1698,0x1618,0x07d8,0x7fd8,0x0000,0x1ff0,0x0018,0x0ff8,0x1000,0x1ff8,0x1ff8,0x0000}, /* U+AF88 */
    {0x0000,0x0000,0x0018,0x7bd8,0x18d8,0x1898,0x1698,0x1698,0x0618,0x7ff8,0x0000,0x1ff8,0x1018,0x1018,0x1018,0x1ff8,0x1000,0x0000}, /* U+AF90 */
    {0x0000,0x0000,0x0018,0x7bd8,0x18d8,0x10d8,0x1698,0x0618,0x7ff8,0x7f98,0x0000,0x1018,0x1ff8,0x1018,0x1018,0x1ff8,0x1000,0x0000}, /* U+AF91 */
    {0x0000,0x0000,0x0018,0x7bd8,0x18d8,0x18d8,0x1698,0x1698,0x0618,0x7ff8,0x0018,0x03c0,0x1c70,0x3018,0x3018,0x1ff0,0x0000,0x0000}, /* U+AF95 */
    {0x0000,0x0000,0x0000,0x79f8,0x0808,0x0808,0x0808,0x1818,0x1058,0x16d0,0x0640,0x0640,0x06c0,0xfffc,0x0000,0x0000,0x0000,0x0000}, /* U+AF9C */
    {0x0000,0x0000,0x7df0,0x0410,0x0410,0x0c10,0x0810,0xfffc,0xfffc,0x0300,0x0300,0x0300,0x0300,0x0300,0x0300,0x0300,0x0000,0x0000}, /* U+AFB8 */
    {0x0000,0x0000,0x7df8,0x0418,0x0418,0x0c10,0x0c10,0xfffc,0x0300,0x0300,0x0300,0x3ff0,0x0030,0x0030,0x0030,0x0030,0x0000,0x0000}, /* U+AFB9 */
    {0x0000,0x0000,0x7cf0,0x0c10,0x0410,0x0c10,0x0c30,0x9ffc,0xfb00,0x0300,0x0300,0x2300,0x2100,0x2000,0x3ff0,0x3ff0,0x0000,0x0000}, /* U+AFBC */
    {0x0000,0x0000,0x7df8,0x0c18,0x0c10,0x0c10,0x0810,0xfffc,0x0300,0x0300,0x0300,0x3cf0,0x0030,0x3fe0,0x2000,0x3ff0,0x0000,0x0000}, /* U+AFC0 */
    {0x0000,0x0000,0x7df8,0x0c10,0x0c10,0x0810,0xfffc,0x0300,0x0300,0x0260,0x3c60,0x05f8,0x7c60,0x4198,0x6188,0x7cf0,0x0000,0x0000}, /* U+AFC7 */
    {0x0000,0x0000,0x7df0,0x0c10,0x0c10,0x0c10,0x0830,0xfffc,0x0300,0x0300,0x0300,0x3ff0,0x3010,0x2010,0x3ff0,0x3ff0,0x0000,0x0000}, /* U+AFC8 */
    {0x0000,0x0000,0x7df8,0x0c18,0x0c10,0x0810,0x0c30,0xfffc,0x0300,0x0300,0x2010,0x2010,0x3ff0,0x2010,0x2010,0x3ff0,0x0000,0x0000}, /* U+AFC9 */
    {0x0000,0x0000,0x7df8,0x0c18,0x0410,0x0c10,0x0c10,0xfffc,0x0300,0x0300,0x0200,0x0300,0x0780,0x0cc0,0x1870,0x7010,0x0000,0x0000}, /* U+AFCB */
    {0x0000,0x0000,0x7df0,0x0c10,0x0c10,0x0c10,0x0830,0xfffc,0x0300,0x0300,0x0300,0x1fe0,0x3030,0x6018,0x3010,0x1fe0,0x0000,0x0000}, /* U+AFCD */
    {0x0000,0x0000,0x7cf8,0x0410,0x0c10,0x0810,0x0c30,0xfffc,0x0200,0x0200,0x3ff0,0x0300,0x0300,0x0580,0x18e0,0x7030,0x0000,0x0000}, /* U+AFCE */
    {0x0000,0x0000,0x0018,0x0018,0x7398,0x1098,0x1098,0x1098,0x33d8,0xffd8,0x0c18,0x0cf8,0x0c18,0x0c18,0x0c18,0x0c18,0x0000,0x0000}, /* U+AFD4 */
    {0x0000,0x0000,0x0018,0x7b98,0x1898,0x1898,0x1098,0x11d8,0xffd8,0x04f8,0x0400,0x1ff8,0x0018,0x1ff8,0x1000,0x1ff8,0x0000,0x0000}, /* U+AFDC */
    {0x0000,0x0000,0x0018,0x7b98,0x1898,0x1898,0x1098,0xffd8,0xff18,0x04f8,0x0018,0x0420,0x0430,0x0e70,0x1b48,0x3084,0x0000,0x0000}, /* U+AFE8 */
    {0x0000,0x0000,0x0018,0x7b98,0x0898,0x1898,0x1898,0xffd8,0x0418,0x04f8,0x0418,0x0380,0x1870,0x2018,0x3018,0x1ff0,0x0000,0x0000}, /* U+AFE9 */
    {0x0000,0x0008,0x0068,0x6768,0x7768,0x1168,0x3368,0x2268,0x7f68,0xfc68,0x09c8,0x09e8,0x0868,0x0868,0x0868,0x0048,0x0000,0x0000}, /* U+AFF0 */
    {0x0000,0x0000,0x0068,0x7768,0x3168,0x3168,0x3368,0xffe8,0xff68,0x09e8,0x0808,0x1ff8,0x1ff8,0x0008,0x0008,0x0008,0x0000,0x0000}, /* U+AFF1 */
    {0x0000,0x0000,0x0068,0x7768,0x1168,0x1168,0x1168,0x3168,0xffe8,0x0868,0x09e8,0x0868,0x1008,0x3000,0x3000,0x1ff8,0x0000,0x0000}, /* U+AFF4 */
    {0x0000,0x0000,0x0068,0x7768,0x1168,0x1168,0x3368,0xff68,0x0868,0x09e8,0x0808,0x0ff8,0x0008,0x1ff8,0x1800,0x1ffc,0x0000,0x0000}, /* U+AFF8 */
    {0x0000,0x0000,0x0068,0x7768,0x1168,0x1168,0x1168,0xffe8,0x0c68,0x09e8,0x0008,0x0ff8,0x1808,0x1808,0x1808,0x1ff8,0x0000,0x0000}, /* U+B000 */
    {0x0000,0x0000,0x0068,0x7768,0x1168,0x1168,0x3168,0xffe8,0x0868,0x09e8,0x0068,0x0808,0x0ff8,0x0808,0x0808,0x0ff8,0x0000,0x0000}, /* U+B001 */
    {0x0000,0x0000,0x0068,0x7768,0x1168,0x1168,0x1168,0xffe8,0x0868,0x09e8,0x0868,0x0210,0x0610,0x0738,0x096c,0x18c6,0x0000,0x0000}, /* U+B004 */
    {0x0000,0x0000,0x0018,0x0018,0x7bd8,0x08d8,0x1898,0x1898,0x1898,0xffd8,0x0418,0x0418,0x0418,0x0418,0x0418,0x0018,0x0000,0x0000}, /* U+B00C */
    {0x0000,0x0000,0x0018,0xf7d8,0x18d8,0x10d8,0x1098,0x1098,0xfff8,0xfe18,0x0418,0x0418,0x2418,0x2000,0x2000,0x3ff8,0x0000,0x0000}, /* U+B010 */
    {0x0000,0x0000,0x0018,0x7b98,0x1898,0x1898,0x1098,0xffd8,0xfe18,0x0418,0x0000,0x1ff8,0x0018,0x1ff0,0x3000,0x3ff8,0x0000,0x0000}, /* U+B014 */
    {0x0000,0x0000,0x0018,0x7b98,0x1898,0x1898,0x1098,0xffd8,0xfe18,0x0418,0x0000,0x1ff8,0x1018,0x1018,0x1ff8,0x1ff8,0x0000,0x0000}, /* U+B01C */
    {0x0000,0x0000,0x0018,0x7b98,0x1898,0x1898,0x1098,0xfff8,0xfe18,0x0418,0x0000,0x1018,0x1ff8,0x1818,0x1018,0x1ff8,0x0000,0x0000}, /* U+B01D */
    {0x0000,0x0000,0x7df0,0x0410,0x0410,0x0c10,0x0830,0xfffc,0xfffc,0x0c40,0x0c40,0x0c40,0x0c40,0x0c40,0x0c40,0x0c40,0x0000,0x0000}, /* U+B028 */
    {0x0000,0x0000,0x0000,0x0000,0x7df8,0x0410,0x0c10,0x0c10,0x0810,0x0810,0x0830,0x0820,0xfffc,0xfffc,0x0000,0x0000,0x0000,0x0000}, /* U+B044 */
    {0x0000,0x0000,0x7df0,0x0c10,0x0c10,0x0c10,0x0830,0xfffc,0xfffc,0x0000,0x3ff0,0x0030,0x0010,0x0010,0x0010,0x0010,0x0000,0x0000}, /* U+B045 */
    {0x0000,0x0000,0x7df0,0x0c10,0x0c10,0x0c10,0x0810,0x0c30,0xfffc,0x0000,0x0000,0x2000,0x2000,0x2000,0x3ff0,0x1ff0,0x0000,0x0000}, /* U+B048 */
    {0x0000,0x0000,0x7cf8,0x0418,0x0418,0x0c10,0x0c10,0xfffc,0x0000,0x00e0,0x23f8,0x2040,0x21f0,0x2110,0x3d10,0x30e0,0x0000,0x0000}, /* U+B04A */
    {0x0000,0x0000,0x7cf0,0x0c18,0x0418,0x0c10,0x0c10,0xfffc,0xfffc,0x0000,0x3ff0,0x0010,0x1ff0,0x3000,0x3000,0x3ff8,0x0000,0x0000}, /* U+B04C */
    {0x0000,0x0000,0x7cf0,0x0c10,0x0410,0x0c10,0x0830,0xfffc,0x0000,0x3cf0,0x0590,0x0590,0x3d90,0x2190,0x25f0,0x3d90,0x0000,0x0000}, /* U+B04E */
    {0x0000,0x0000,0x7cf0,0x0410,0x0410,0x0c10,0x0c30,0xfffc,0x0000,0x3c60,0x0d18,0x3c00,0x60f0,0x6118,0x7d18,0x00f0,0x0000,0x0000}, /* U+B053 */
    {0x0000,0x0000,0x7df0,0x0c10,0x0c10,0x0c10,0x0830,0xfffc,0xfffc,0x0000,0x3ff0,0x3030,0x2010,0x2010,0x3ff0,0x2000,0x0000,0x0000}, /* U+B054 */
    {0x0000,0x0000,0x7cf8,0x0418,0x0418,0x0c10,0x0c10,0xfffc,0x0000,0x0000,0x3010,0x3ff0,0x3010,0x3010,0x3ff0,0x3010,0x0000,0x0000}, /* U+B055 */
    {0x0000,0x0000,0x7cf8,0x0c18,0x0418,0x0c10,0x0810,0x0c30,0xfffc,0x0000,0x0300,0x0300,0x0680,0x0c60,0x3838,0x2000,0x0000,0x0000}, /* U+B057 */
    {0x0000,0x0000,0x7df0,0x0c10,0x0c10,0x0c10,0x0830,0x0830,0xfffc,0x0000,0x0fc0,0x3870,0x2010,0x2010,0x3870,0x0fc0,0x0000,0x0000}, /* U+B059 */
    {0x0000,0x0000,0x7cf0,0x0c18,0x0410,0x0c10,0x0810,0x0c30,0xfffc,0x0000,0x3ff0,0x3000,0x3ff0,0x3000,0x3000,0x3ff0,0x0000,0x0000}, /* U+B05D */
    {0x0000,0x0000,0x0018,0x0018,0x7bd8,0x08d8,0x1898,0x1098,0x1198,0x2118,0x6318,0xc618,0x0418,0x0018,0x0018,0x0018,0x0000,0x0000}, /* U+B07C */
    {0x0000,0x0000,0x0018,0x7b98,0x1898,0x1898,0x1098,0x3198,0x6318,0xc618,0x0008,0x3ff8,0x0018,0x0018,0x0018,0x0018,0x0000,0x0000}, /* U+B07D */
    {0x0000,0x0000,0x0018,0x0018,0x7bd8,0x08d8,0x1898,0x1098,0x3198,0x6318,0xc618,0x0018,0x3018,0x3000,0x3000,0x3ff8,0x0000,0x0000}, /* U+B080 */
    {0x0000,0x0000,0x0018,0x7bd8,0x18d8,0x1098,0x3098,0x2118,0xc318,0x0618,0x0000,0x3ff0,0x0018,0x3ff0,0x3000,0x3ff8,0x0000,0x0000}, /* U+B084 */
    {0x0000,0x0000,0x0018,0x7b98,0x1898,0x1898,0x1098,0x3198,0x6318,0xc618,0x0000,0x1ff0,0x1018,0x1018,0x1018,0x1ff8,0x0000,0x0000}, /* U+B08C */
    {0x0000,0x0000,0x0018,0x7bd8,0x08d8,0x1898,0x1098,0x3118,0x6318,0xc618,0x1000,0x1018,0x1ff8,0x1018,0x1018,0x1ff8,0x0000,0x0000}, /* U+B08D */
    {0x0000,0x0000,0x0018,0x7b98,0x1898,0x1898,0x1098,0x3198,0x6318,0xc618,0x0418,0x0098,0x0180,0x0340,0x0630,0x1c1c,0x0000,0x0000}, /* U+B08F */
    {0x0000,0x0000,0x0018,0x7b98,0x1898,0x1898,0x1098,0x3118,0x6318,0xc618,0x0018,0x03c0,0x1ff0,0x2018,0x3018,0x1ff0,0x0000,0x0000}, /* U+B091 */
    {0x0000,0x0000,0x0010,0x0010,0xc010,0xc010,0xc010,0xc010,0xc010,0xc01c,0xcfd0,0xfc10,0x0010,0x0010,0x0010,0x0010,0x0000,0x0000}, /* U+B098 */
    {0x0000,0x0010,0x0010,0xc010,0xc010,0xc010,0xc01c,0xc7dc,0xff10,0x0010,0x0000,0x7ff0,0x0010,0x0010,0x0010,0x0010,0x0000,0x0000}, /* U+B099 */
    {0x0000,0x0010,0x0010,0x4010,0x4010,0x4010,0x401c,0x7fd0,0x0010,0x0010,0x0000,0x7df0,0x0c10,0x0c10,0x0c10,0x0c10,0x0000,0x0000}, /* U+B09A */
    {0x0000,0x0000,0x0010,0xc010,0xc010,0xc010,0xc010,0xc01c,0xff9c,0x7010,0x0010,0x2010,0x2010,0x2000,0x2000,0x3ff0,0x0000,0x0000}, /* U+B09C */
    {0x0000,0x0000,0x0010,0x8010,0x8010,0x8010,0x8010,0xc0dc,0xffd0,0x0010,0x0010,0x1ff0,0x3ff0,0x2000,0x2000,0x3ff0,0x0000,0x0000}, /* U+B09F */
    {0x0000,0x0000,0x0010,0xc010,0xc010,0xc010,0x8010,0xc7dc,0xfe10,0x0010,0x0000,0x1ff0,0x0010,0x3ff0,0x2000,0x3ff0,0x0000,0x0000}, /* U+B0A0 */
    {0x0000,0x0010,0x0010,0xc010,0xc010,0xc010,0xc01c,0xff9c,0x7f10,0x0010,0x79f0,0x0c30,0x0c10,0x7810,0x4010,0x7e10,0x0000,0x0000}, /* U+B0A1 */
    {0x0000,0x0010,0x0010,0xc010,0xc010,0xc010,0xc01c,0xffdc,0x7f10,0x0010,0x3cf0,0x05b0,0x0510,0x3d10,0x2190,0x3ff0,0x0000,0x0000}, /* U+B0A2 */
    {0x0000,0x0010,0x0010,0xc010,0xc010,0xc010,0xc01c,0xc19c,0xff90,0x0010,0x0000,0x3ff0,0x2010,0x2010,0x3ff0,0x3ff0,0x0000,0x0000}, /* U+B0A8 */
    {0x0000,0x0010,0x0010,0xc010,0xc010,0xc010,0xc01c,0xdfd0,0xf810,0x0010,0x2010,0x2010,0x3ff0,0x2010,0x3030,0x3ff0,0x0000,0x0000}, /* U+B0A9 */
    {0x0000,0x0010,0x0010,0x4010,0xc010,0xc010,0xc010,0xc01c,0xff90,0x4010,0x0010,0x0190,0x0380,0x02c0,0x0c70,0x3818,0x0000,0x0000}, /* U+B0AB */
    {0x0000,0x0010,0x0010,0xc010,0xc010,0xc010,0xc010,0xc01c,0xff90,0x0010,0x0820,0x0820,0x0820,0x1c70,0x36d8,0x418c,0x0000,0x0000}, /* U+B0AC */
    {0x0000,0x0000,0x0010,0x8010,0xc010,0xc010,0xc010,0x801c,0xff90,0x4010,0x0010,0x1fe0,0x3030,0x2010,0x3030,0x1fe0,0x0000,0x0000}, /* U+B0AD */
    {0x0000,0x0010,0x0010,0xc010,0xc010,0xc010,0xc01c,0xc790,0xfc10,0x0010,0x0000,0x3ff0,0x0300,0x0280,0x0c60,0x3838,0x0000,0x0000}, /* U+B0AE */
    {0x0000,0x0010,0x0010,0xc010,0xc010,0xc010,0xc09c,0xff9c,0x0010,0x0790,0x0000,0x3ef0,0x0300,0x0380,0x0ce0,0x3838,0x0000,0x0000}, /* U+B0AF */
    {0x0000,0x0000,0x0010,0xc010,0xc010,0xc010,0xc010,0xdfdc,0x7c10,0x0000,0x1fe0,0x2000,0x2000,0x3ff0,0x2000,0x3ff0,0x0000,0x0000}, /* U+B0B1 */
    {0x0000,0x0010,0x0010,0xc010,0xc010,0xc010,0xff9c,0x7010,0x0010,0x0300,0x0000,0x3ff0,0x07c0,0x1860,0x1030,0x1fe0,0x0380,0x0000}, /* U+B0B3 */
    {0x0000,0x0008,0x0048,0x00c8,0x40c8,0x40c8,0x40c8,0x40c8,0x40f8,0x40f8,0x40c8,0x7ec8,0x00c8,0x00c8,0x00c8,0x00c8,0x0000,0x0000}, /* U+B0B4 */
    {0x0000,0x0008,0x0048,0x40c8,0x40c8,0x40c8,0x4048,0x40f8,0x7fc8,0x40c8,0x0048,0x3ff8,0x0008,0x0008,0x0008,0x0008,0x0000,0x0000}, /* U+B0B5 */
    {0x0000,0x0000,0x0048,0x40c8,0x40c8,0x40c8,0x40c8,0x4078,0x4248,0x7ec8,0x00c8,0x00c8,0x1808,0x1800,0x1000,0x1ffc,0x0000,0x0000}, /* U+B0B8 */
    {0x0000,0x0000,0x0048,0x4048,0x4048,0x4048,0x4078,0x7f48,0x0048,0x0000,0x1ff8,0x0008,0x0008,0x1ff8,0x1000,0x1ffc,0x0000,0x0000}, /* U+B0BC */
    {0x0000,0x0000,0x0048,0x40c8,0x4048,0x40c8,0x4078,0x4078,0x7ec8,0x00c8,0x0000,0x1ff8,0x1008,0x1008,0x1008,0x1ff8,0x0000,0x0000}, /* U+B0C4 */
    {0x0000,0x0008,0x0048,0x4048,0x4048,0x4048,0x4078,0x7f48,0x0048,0x0000,0x1008,0x1008,0x1ff8,0x1008,0x1808,0x1ff8,0x0000,0x0000}, /* U+B0C5 */
    {0x0000,0x0008,0x00c8,0x40c8,0x40c8,0x40c8,0x40c8,0x40f8,0x7fc8,0x60c8,0x0008,0x0108,0x0380,0x06c0,0x0c70,0x3818,0x0000,0x0000}, /* U+B0C7 */
    {0x0000,0x0000,0x00c8,0x00c8,0x40c8,0x40c8,0x40c8,0x40f8,0x4fc8,0x78c8,0x0000,0x0410,0x0c30,0x0e38,0x1b6c,0x30c4,0x0000,0x0000}, /* U+B0C8 */
    {0x0000,0x0000,0x0048,0x4048,0x4048,0x4048,0x4048,0x4078,0x4f48,0x7c48,0x0008,0x07e0,0x1c38,0x3008,0x1008,0x0ff0,0x0000,0x0000}, /* U+B0C9 */
    {0x0000,0x0010,0x0010,0x0010,0xc010,0xc010,0xc010,0xc01c,0xc010,0xc010,0xc0dc,0xdfdc,0xf810,0x0010,0x0010,0x0010,0x0000,0x0000}, /* U+B0D0 */
    {0x0000,0x0010,0x0010,0xc010,0x401c,0x401c,0x4010,0xffdc,0x7c1c,0x0010,0x0000,0x7ff0,0x0030,0x0010,0x0010,0x0010,0x0000,0x0000}, /* U+B0D1 */
    {0x0000,0x0010,0x0010,0xc010,0xc010,0xc01c,0xc01c,0xc010,0xff90,0x701c,0x0010,0x2010,0x2010,0x2000,0x2000,0x3ff8,0x0000,0x0000}, /* U+B0D4 */
    {0x0000,0x0000,0x0010,0x8010,0xc010,0xc01c,0xc010,0xc1dc,0xff10,0x0010,0x0000,0x1ff0,0x0010,0x3ff0,0x2000,0x3ff8,0x0000,0x0000}, /* U+B0D8 */
    {0x0000,0x0010,0x0010,0xc010,0x4010,0x401c,0x4010,0xc3d0,0x7c1c,0x0010,0x0000,0x3ff0,0x2010,0x2010,0x2030,0x3ff0,0x0000,0x0000}, /* U+B0E0 */
    {0x0000,0x0000,0x0010,0x4010,0x4010,0x401c,0x4010,0x41d0,0x7f9c,0x0010,0x0010,0x0fc0,0x3870,0x6010,0x3030,0x1fe0,0x0000,0x0000}, /* U+B0E5 */
    {0x0000,0x0008,0x0008,0x0008,0x4008,0x4008,0x4008,0x41f8,0x4018,0x4008,0x4008,0x4788,0x7f08,0x0008,0x0008,0x0008,0x0000,0x0000}, /* U+B108 */
    {0x0000,0x0000,0x4018,0xc018,0x40f8,0x40f8,0x4018,0x4198,0x7f18,0x0018,0x0000,0x3ff8,0x0018,0x0018,0x0018,0x0018,0x0000,0x0000}, /* U+B109 */
    {0x0000,0x0000,0x0018,0xc018,0x4018,0x41f8,0x4018,0x4018,0x7f98,0x0018,0x0008,0x7e20,0x0660,0x0670,0x06d8,0x068c,0x0000,0x0000}, /* U+B10B */
    {0x0000,0x0000,0x0010,0x8010,0x8010,0x81f0,0x8030,0x8010,0x8110,0xff10,0x0010,0x0010,0x2010,0x2000,0x2000,0x3ff0,0x0000,0x0000}, /* U+B10C */
    {0x0000,0x0000,0x0018,0x4018,0x4018,0x41f8,0x4018,0x4018,0x7f18,0x0000,0x0000,0x3ff8,0x0018,0x3ff0,0x3000,0x3ff8,0x0000,0x0000}, /* U+B110 */
    {0x0000,0x0000,0x0018,0x4018,0x40f8,0x40f8,0x4018,0x7f18,0x7c18,0x0000,0x7cf0,0x0498,0x0498,0x7c98,0x6098,0x7ef8,0x0000,0x0000}, /* U+B112 */
    {0x0000,0x0000,0x0018,0x4018,0x40f8,0x40f8,0x4018,0x5f18,0x7818,0x0000,0x3c88,0x0498,0x3cf8,0x2198,0x2198,0x3df8,0x0000,0x0000}, /* U+B113 */
    {0x0000,0x0000,0x0018,0xc018,0x4018,0x41f8,0x4018,0x4018,0x7f18,0x7818,0x0000,0x3ff8,0x3018,0x3018,0x3018,0x3ff8,0x0000,0x0000}, /* U+B118 */
    {0x0000,0x0000,0x0018,0xc018,0x4018,0x41f8,0x4018,0x4018,0xff18,0x4000,0x2010,0x2018,0x3ff8,0x2018,0x3018,0x3ff8,0x0000,0x0000}, /* U+B119 */
    {0x0000,0x0000,0x4018,0xc018,0x40f8,0x40f8,0x4018,0x4198,0x7f18,0x0018,0x0018,0x0180,0x0180,0x02c0,0x0c70,0x3818,0x0000,0x0000}, /* U+B11B */
    {0x0000,0x0000,0x0018,0xc018,0x4018,0x40f8,0x4018,0x4018,0x7f18,0x7c18,0x0010,0x0c30,0x0c30,0x1c38,0x3648,0x6284,0x0000,0x0000}, /* U+B11C */
    {0x0000,0x0000,0x0018,0xc018,0xc018,0xc0f8,0xc018,0xc018,0xff98,0x0018,0x0018,0x0fc0,0x3870,0x2018,0x3010,0x1ff0,0x0000,0x0000}, /* U+B11D */
    {0x0000,0x0000,0x0018,0x4018,0x40f8,0x40f8,0x4018,0x7f18,0x0018,0x0380,0x0000,0x1ff8,0x0000,0x0fe0,0x1830,0x0fe0,0x0000,0x0000}, /* U+B123 */
    {0x0000,0x0008,0x00c8,0x40c8,0x40c8,0x40c8,0x40c8,0x47c8,0x40c8,0x40c8,0x40c8,0x7e48,0x60c8,0x00c8,0x00c8,0x0008,0x0000,0x0000}, /* U+B124 */
    {0x0000,0x0008,0x0048,0x4048,0x4048,0x43c8,0x4048,0x4048,0x7e48,0x0048,0x0000,0x1ff8,0x0008,0x0008,0x0008,0x0008,0x0000,0x0000}, /* U+B125 */
    {0x0000,0x0000,0x0048,0x4048,0x4048,0x4048,0x43c8,0x4048,0x4048,0x7e48,0x0048,0x0048,0x1008,0x1000,0x1000,0x1ffc,0x0000,0x0000}, /* U+B128 */
    {0x0000,0x0000,0x0048,0x4048,0x40c8,0x43c8,0x4048,0x4748,0x7e48,0x0000,0x1ff8,0x0008,0x0008,0x1ff8,0x1000,0x1ffc,0x0000,0x0000}, /* U+B12C */
    {0x0000,0x0008,0x0048,0x4048,0x4048,0x43c8,0x4048,0x4048,0x7e48,0x0048,0x0040,0x1ff8,0x1008,0x1008,0x1008,0x1ff8,0x0000,0x0000}, /* U+B134 */
    {0x0000,0x0000,0x0048,0x4048,0x4048,0x43c8,0x4048,0x4748,0x7e48,0x0048,0x0000,0x1808,0x1ff8,0x1808,0x1808,0x1ff8,0x0000,0x0000}, /* U+B135 */
    {0x0000,0x0000,0x0048,0x4048,0x4048,0x4048,0x43c8,0x4048,0x4048,0x7e48,0x0008,0x0188,0x0180,0x0240,0x0e70,0x3818,0x0000,0x0000}, /* U+B137 */
    {0x0000,0x0000,0x0048,0x4048,0x4048,0x4048,0x43c8,0x4048,0x4048,0x7e48,0x0008,0x0410,0x0c30,0x0e38,0x1a68,0x31c4,0x0000,0x0000}, /* U+B138 */
    {0x0000,0x0008,0x0048,0x4048,0x4048,0x43c8,0x4048,0x4048,0x7e48,0x0048,0x0048,0x07e0,0x1c38,0x100c,0x100c,0x0ff8,0x0000,0x0000}, /* U+B139 */
    {0x0000,0x0000,0x0018,0x0018,0x4018,0x4018,0x41f8,0x4018,0x4018,0x41f8,0x4018,0x4018,0x7f98,0x7018,0x0018,0x0018,0x0000,0x0000}, /* U+B140 */
    {0x0000,0x0000,0x0018,0xc018,0x41f8,0x4018,0xc018,0xc1f8,0xc118,0x7f18,0x0000,0x3ff8,0x0018,0x0018,0x0018,0x0018,0x0000,0x0000}, /* U+B141 */
    {0x0000,0x0000,0x0018,0x4018,0x40f8,0x40f8,0x4018,0x40f8,0x40f8,0x7e18,0x7e18,0x0018,0x3018,0x3000,0x3000,0x3ff8,0x0000,0x0000}, /* U+B144 */
    {0x0000,0x0000,0x4018,0x40f8,0x40f8,0x4018,0x40f8,0x4018,0x7f18,0x0000,0x3ff0,0x3ff8,0x0018,0x3ff0,0x2000,0x3ff8,0x0000,0x0000}, /* U+B148 */
    {0x0000,0x0000,0x0018,0x4018,0x41f8,0x4018,0x4018,0x40f8,0x4018,0x7f18,0x0000,0x3ff0,0x3018,0x2018,0x3018,0x3ff8,0x0000,0x0000}, /* U+B150 */
    {0x0000,0x0000,0x4018,0x40f8,0x40f8,0x4018,0x40f8,0x4018,0x7f18,0x0018,0x1010,0x1018,0x1ff8,0x1018,0x1018,0x1ff8,0x0000,0x0000}, /* U+B151 */
    {0x0000,0x0000,0x0018,0xc018,0x41f8,0x4018,0x4018,0x41f8,0x4318,0x7f18,0x0000,0x0830,0x0830,0x1c30,0x3648,0x628c,0x0000,0x0000}, /* U+B154 */
    {0x0000,0x0000,0x0018,0x4018,0x41f8,0x4018,0x4018,0x40f8,0x4018,0x7f18,0x0008,0x0fc0,0x3870,0x2018,0x3018,0x1ff0,0x0000,0x0000}, /* U+B155 */
    {0x0000,0x0000,0x0018,0xc018,0x41f8,0x4018,0xc0f8,0xc0f8,0xc018,0x7f18,0x0018,0x3ff8,0x0018,0x0ff0,0x0010,0x0010,0x0000,0x0000}, /* U+B158 */
    {0x0000,0x0008,0x0048,0x0048,0xc048,0xc0c8,0xc7c8,0xc048,0xc0c8,0xc7c8,0xc048,0xfe48,0x6048,0x0048,0x0048,0x0008,0x0000,0x0000}, /* U+B15C */
    {0x0000,0x0000,0x0048,0x4048,0x43c8,0x43c8,0x4048,0x43c8,0x4048,0x7e48,0x0048,0x0048,0x1008,0x1000,0x1000,0x1ffc,0x0000,0x0000}, /* U+B160 */
    {0x0000,0x0000,0x0000,0x2000,0x2000,0x2000,0x2000,0x2000,0x3ff8,0x0300,0x0300,0x0300,0x0300,0xfffc,0x0000,0x0000,0x0000,0x0000}, /* U+B178 */
    {0x0000,0x0000,0x2000,0x2000,0x2000,0x3ff0,0x0300,0x0300,0xfffc,0x0000,0x0000,0x3ff0,0x0010,0x0010,0x0010,0x0010,0x0000,0x0000}, /* U+B179 */
    {0x0000,0x0000,0x2000,0x2000,0x2000,0x3ff0,0x0300,0x0300,0x0300,0xfffc,0xfffc,0x0000,0x3000,0x3000,0x3000,0x3ff0,0x0000,0x0000}, /* U+B17C */
    {0x0000,0x0000,0x2000,0x2000,0x3000,0x3ff0,0x0300,0x0300,0xfffc,0x0000,0x3fe0,0x0030,0x0030,0x3fe0,0x2000,0x3ff0,0x0000,0x0000}, /* U+B180 */
    {0x0000,0x0000,0x2000,0x2000,0x2000,0x3ff0,0x0300,0x0300,0xfffc,0x0000,0x7cf0,0x0498,0x3c98,0x3c98,0x2098,0x3ef0,0x0000,0x0000}, /* U+B182 */
    {0x0000,0x0000,0x2000,0x2000,0x3ff0,0x3ff0,0x0300,0x0300,0xfffc,0x0000,0x0000,0x3ff0,0x3010,0x2010,0x3030,0x3ff0,0x0000,0x0000}, /* U+B188 */
    {0x0000,0x0000,0x2000,0x2000,0x2000,0x3ff0,0x0300,0x0300,0xfffc,0x0000,0x0000,0x3030,0x3ff0,0x2030,0x3030,0x3ff0,0x0000,0x0000}, /* U+B189 */
    {0x0000,0x0000,0x2000,0x2000,0x2000,0x3ff0,0x0300,0x0300,0xfffc,0x0000,0x0300,0x0300,0x0780,0x0cc0,0x3870,0x6018,0x0000,0x0000}, /* U+B18B */
    {0x0000,0x0000,0x2000,0x2000,0x2000,0x3ff0,0x0300,0x0200,0xfffc,0xfffc,0x0000,0x0fc0,0x3030,0x2010,0x3030,0x1fe0,0x0000,0x0000}, /* U+B18D */
    {0x0000,0x0000,0x2000,0x2000,0x2000,0x3ff0,0x0300,0x0300,0x0300,0xfffc,0x0000,0x3ff0,0x0000,0x0840,0x0840,0x3ff8,0x0000,0x0000}, /* U+B192 */
    {0x0000,0x0000,0x2000,0x2000,0x3000,0x3ff0,0x0200,0x0300,0xfffc,0x0000,0x0780,0x3ff0,0x0000,0x0fc0,0x1060,0x1fc0,0x0000,0x0000}, /* U+B193 */
    {0x0000,0x0010,0x0010,0x6010,0x6010,0x6010,0x6010,0x7f90,0x0410,0x041c,0x0410,0xffd0,0x0010,0x0010,0x0010,0x0010,0x0000,0x0000}, /* U+B194 */
    {0x0000,0x0000,0x0010,0x4010,0x4010,0x4010,0x6010,0x7f9c,0x0c1c,0x0c10,0xfff0,0x0010,0x0010,0x2000,0x2000,0x3ff8,0x0000,0x0000}, /* U+B198 */
    {0x0000,0x0000,0x0010,0x4010,0x4010,0x6010,0x7f90,0x0c1c,0x0c10,0xff90,0x0000,0x3ff0,0x0010,0x3ff0,0x3000,0x3ff0,0x0000,0x0000}, /* U+B19C */
    {0x0000,0x0010,0x0010,0x4010,0x4010,0x4010,0x7f90,0x0c1c,0x0c10,0xff90,0x0010,0x0820,0x0820,0x1c70,0x36d8,0x6188,0x0000,0x0000}, /* U+B1A8 */
    {0x0000,0x0000,0x0018,0x6018,0x6018,0x6018,0x6018,0x7fd8,0x0418,0x0418,0x0418,0x7ff8,0xff18,0x0018,0x0018,0x0018,0x0000,0x0000}, /* U+B1CC */
    {0x0000,0x0000,0x0018,0x4018,0x4018,0x4018,0x7f98,0x3f98,0x0418,0x0c18,0xffd8,0x0018,0x1018,0x3000,0x1000,0x3ff8,0x0000,0x0000}, /* U+B1D0 */
    {0x0000,0x0000,0x0018,0x6018,0x6018,0x6018,0x3fd8,0x0418,0xffd8,0xf018,0x1ff0,0x1ff8,0x0018,0x1ff8,0x3000,0x3ff8,0x0000,0x0000}, /* U+B1D4 */
    {0x0000,0x0000,0x0018,0x6018,0x6018,0x6018,0x3fd8,0x0418,0x0dd8,0xffd8,0x0000,0x1ff8,0x1018,0x1018,0x1018,0x1ff8,0x0000,0x0000}, /* U+B1DC */
    {0x0000,0x0000,0x0018,0x6018,0x6018,0x7f98,0x3f98,0x0418,0xffd8,0x0018,0x0000,0x1018,0x1ff8,0x1018,0x1818,0x1ff8,0x0000,0x0000}, /* U+B1DD */
    {0x0000,0x0000,0x0018,0x6018,0x6018,0x6018,0x7fd8,0x0418,0x0418,0xffd8,0x0018,0x0198,0x0180,0x03c0,0x0670,0x181c,0x0000,0x0000}, /* U+B1DF */
    {0x0000,0x0000,0x0000,0x2000,0x2000,0x2000,0x2000,0x3ff8,0x0c60,0x0c40,0x0c40,0x0c40,0x0c40,0xfffc,0x0000,0x0000,0x0000,0x0000}, /* U+B1E8 */
    {0x0000,0x0000,0x2000,0x2000,0x2000,0x3ff0,0x0840,0x0840,0xfffc,0x0000,0x0000,0x3ff0,0x0030,0x0010,0x0010,0x0010,0x0000,0x0000}, /* U+B1E9 */
    {0x0000,0x0000,0x2000,0x2000,0x2000,0x3ff0,0x0c40,0x0c40,0x0c40,0xfffc,0x0000,0x3000,0x3000,0x3000,0x3ff0,0x1ff0,0x0000,0x0000}, /* U+B1EC */
    {0x0000,0x0000,0x2000,0x2000,0x2000,0x3ff0,0x0cc0,0x0840,0xfffc,0x0000,0x3fe0,0x0030,0x0030,0x3fe0,0x2000,0x3ff0,0x0000,0x0000}, /* U+B1F0 */
    {0x0000,0x0000,0x2000,0x2000,0x2000,0x3ff0,0x0cc0,0x0840,0xfffc,0xfffc,0x0000,0x2010,0x3ff0,0x2010,0x3030,0x3ff0,0x0000,0x0000}, /* U+B1F9 */
    {0x0000,0x0000,0x2000,0x2000,0x3000,0x3ff0,0x0840,0x0840,0xfffc,0xfffc,0x0100,0x0300,0x0380,0x04c0,0x1870,0x7018,0x0000,0x0000}, /* U+B1FB */
    {0x0000,0x0000,0x2000,0x2000,0x2000,0x3ff0,0x0c40,0x0840,0x0cc0,0xfffc,0x0000,0x0fc0,0x3870,0x2010,0x3030,0x1fe0,0x0000,0x0000}, /* U+B1FD */
    {0x0000,0x0000,0x2000,0x2000,0x2000,0x3ff0,0x0000,0x0000,0x0000,0xfffc,0x0300,0x0300,0x0300,0x0300,0x0300,0x0300,0x0000,0x0000}, /* U+B204 */
    {0x0000,0x0000,0x2000,0x2000,0x2000,0x3ff0,0x0000,0x0000,0xfffc,0x0300,0x0200,0x3ff0,0x0030,0x0010,0x0010,0x0010,0x0000,0x0000}, /* U+B205 */
    {0x0000,0x0000,0x2000,0x2000,0x3000,0x3ff0,0x0000,0x0000,0xfffc,0x0300,0x0100,0x0300,0x2300,0x2000,0x2000,0x3ff0,0x0000,0x0000}, /* U+B208 */
    {0x0000,0x0000,0x3000,0x2000,0x3ff0,0x3ff0,0x0000,0x0000,0xfffc,0x0300,0x0300,0x3ff0,0x2000,0x2000,0x3000,0x3ff0,0x0000,0x0000}, /* U+B20B */
    {0x0000,0x0000,0x3000,0x2000,0x3000,0x1ff0,0x0000,0xfffc,0xfffc,0x0300,0x3ff0,0x1cf0,0x0030,0x3fe0,0x2000,0x3ff0,0x0000,0x0000}, /* U+B20C */
    {0x0000,0x0000,0x2000,0x2000,0x2000,0x3ff0,0x3ff0,0x0000,0xfffc,0x0300,0x0300,0x3ff0,0x2010,0x2010,0x3030,0x3ff0,0x0000,0x0000}, /* U+B214 */
    {0x0000,0x2000,0x2000,0x2000,0x3ff0,0x1ff0,0x0000,0x0000,0xfffc,0x0300,0x2310,0x3330,0x3ff0,0x2010,0x3010,0x3ff0,0x0000,0x0000}, /* U+B215 */
    {0x0000,0x2000,0x2000,0x2000,0x3000,0x3ff0,0x0000,0xfffc,0xfffc,0x0300,0x0200,0x0300,0x0780,0x0cc0,0x1870,0x7018,0x0000,0x0000}, /* U+B217 */
    {0x0000,0x0000,0x2000,0x2000,0x2000,0x3ff0,0x0000,0x0000,0xfffc,0x0300,0x0300,0x0fc0,0x3870,0x2010,0x3030,0x1fe0,0x0000,0x0000}, /* U+B219 */
    {0x0000,0x0000,0x0018,0x6018,0x6018,0x6018,0x3fd8,0x0018,0x0018,0xffd8,0x0418,0x0478,0x0478,0x0418,0x0418,0x0018,0x0000,0x0000}, /* U+B220 */
    {0x0000,0x0000,0x2018,0x6018,0x6098,0x3f98,0x0018,0xffc8,0x0418,0x0478,0x0418,0x0c10,0x0c30,0x1c38,0x3668,0x62c4,0x0000,0x0000}, /* U+B234 */
    {0x0000,0x0000,0x0048,0x4048,0x4048,0x4048,0x7e48,0x7e48,0x0048,0xff48,0x1848,0x0848,0x09c8,0x0868,0x0868,0x000c,0x0000,0x0000}, /* U+B23C */
    {0x0000,0x0000,0x0018,0x2018,0x2018,0x2018,0x3fd8,0x0018,0x0018,0xfff8,0xfe18,0x0418,0x0418,0x0418,0x0418,0x0418,0x0000,0x0000}, /* U+B258 */
    {0x0000,0x0000,0x2018,0x2018,0x2018,0x2018,0x3f98,0x0018,0x0078,0xfff8,0x0418,0x0418,0x1018,0x1000,0x1000,0x1ff8,0x0000,0x0000}, /* U+B25C */
    {0x0000,0x0000,0x2018,0x6018,0x2018,0x7f98,0x0018,0x01f8,0xff98,0x0418,0x1ff8,0x1f18,0x0018,0x1ff8,0x1000,0x1ff8,0x0000,0x0000}, /* U+B260 */
    {0x0000,0x0000,0x2018,0x6018,0x2018,0x3f98,0x0018,0x0018,0xfff8,0x0418,0x0400,0x3ff8,0x3018,0x3018,0x3018,0x3ff8,0x0000,0x0000}, /* U+B268 */
    {0x0000,0x0000,0x2018,0x6018,0x6018,0x3f98,0x0018,0x0018,0xfff8,0x0418,0x0400,0x1018,0x1ff8,0x1018,0x1018,0x1ff8,0x0000,0x0000}, /* U+B269 */
    {0x0000,0x0000,0x2000,0x2000,0x2000,0x3ff0,0x0000,0x0000,0x0000,0xfffc,0x1840,0x0840,0x0840,0x0840,0x0840,0x0840,0x0000,0x0000}, /* U+B274 */
    {0x0000,0x0000,0x2000,0x2000,0x2000,0x3ff0,0x3ff0,0x0000,0xfffc,0x0cc0,0x0840,0x3ff0,0x3ff0,0x0010,0x0010,0x0010,0x0000,0x0000}, /* U+B275 */
    {0x0000,0x0000,0x3000,0x2000,0x3000,0x3ff0,0x0000,0x0000,0xfffc,0x0840,0x0cc0,0x3ff0,0x0030,0x3ff0,0x2000,0x3ff0,0x0000,0x0000}, /* U+B27C */
    {0x0000,0x0000,0x2000,0x2000,0x2000,0x3ff0,0x0000,0x0000,0xfffc,0x0840,0x0c40,0x3ff0,0x2010,0x2010,0x3ff0,0x3ff0,0x0000,0x0000}, /* U+B284 */
    {0x0000,0x2000,0x2000,0x2000,0x3ff0,0x1ff0,0x0000,0x0000,0xfffc,0x0cc0,0x24d0,0x3030,0x3ff0,0x3030,0x3030,0x3ff0,0x0000,0x0000}, /* U+B285 */
    {0x0000,0x0000,0x2000,0x2000,0x2000,0x3ff0,0x0000,0x0000,0xfffc,0x0840,0x0c40,0x1fe0,0x3030,0x2010,0x3030,0x1fe0,0x0000,0x0000}, /* U+B289 */
    {0x0000,0x0000,0x0000,0x2000,0x2000,0x2000,0x2000,0x3ff0,0x0000,0x0000,0x0000,0x0000,0x0000,0xfffc,0x0000,0x0000,0x0000,0x0000}, /* U+B290 */
    {0x0000,0x0000,0x2000,0x2000,0x3000,0x3ff0,0x0000,0x0000,0xfffc,0x0000,0x0000,0x3ff0,0x0030,0x0010,0x0010,0x0010,0x0000,0x0000}, /* U+B291 */
    {0x0000,0x0000,0x2000,0x2000,0x2000,0x3ff0,0x0000,0x0000,0xfffc,0xfffc,0x0000,0x2000,0x3000,0x3000,0x3000,0x3ff0,0x0000,0x0000}, /* U+B294 */
    {0x0000,0x0000,0x2000,0x2000,0x2000,0x3ff0,0x0000,0x0000,0xfffc,0x0000,0x1fe0,0x0030,0x0030,0x3fe0,0x2000,0x3ff0,0x0000,0x0000}, /* U+B298 */
    {0x0000,0x0000,0x2000,0x2000,0x3ff0,0x0000,0x0000,0xfffc,0x0000,0x0000,0x3ef0,0x0610,0x3e10,0x2010,0x2218,0x3e18,0x0000,0x0000}, /* U+B299 */
    {0x0000,0x0000,0x2000,0x2000,0x3ff0,0x0000,0x0000,0xfffc,0x0000,0x0000,0x3df0,0x0590,0x3d90,0x2190,0x2190,0x3ff0,0x0000,0x0000}, /* U+B29A */
    {0x0000,0x0000,0x2000,0x2000,0x2000,0x3ff0,0x3ff0,0x0000,0xfffc,0xfffc,0x0000,0x3ff0,0x3010,0x2010,0x3010,0x3ff0,0x0000,0x0000}, /* U+B2A0 */
    {0x0000,0x0000,0x2000,0x2000,0x2000,0x3ff0,0x3ff0,0x0000,0xfffc,0xfffc,0x0000,0x2030,0x3ff0,0x2030,0x2030,0x3ff0,0x0000,0x0000}, /* U+B2A1 */
    {0x0000,0x0000,0x3000,0x2000,0x3000,0x3ff0,0x0000,0x0000,0xfffc,0x0000,0x0000,0x0300,0x0380,0x04c0,0x1870,0x7018,0x0000,0x0000}, /* U+B2A3 */
    {0x0000,0x0000,0x2000,0x2000,0x2000,0x3ff0,0x0000,0x0000,0xfffc,0xfffc,0x0000,0x0fc0,0x3030,0x2018,0x3030,0x1fe0,0x0000,0x0000}, /* U+B2A5 */
    {0x0000,0x0000,0x2000,0x2000,0x2000,0x3ff0,0x0000,0x0000,0xfffc,0x0000,0x0000,0x3ff0,0x0300,0x0380,0x0ce0,0x3838,0x0000,0x0000}, /* U+B2A6 */
    {0x0000,0x0000,0x2000,0x2000,0x2000,0x3ff0,0x3ff0,0x0000,0xfffc,0xfffc,0x0000,0x3ff0,0x0840,0x08c0,0x08c0,0x7ff8,0x0000,0x0000}, /* U+B2AA */
    {0x0000,0x0000,0x0018,0x2018,0x2018,0x2018,0x2018,0x3f98,0x0018,0x0018,0x0018,0xfff8,0x0018,0x0018,0x0018,0x0018,0x0000,0x0000}, /* U+B2AC */
    {0x0000,0x0000,0x0018,0x6018,0x6018,0x6018,0x6018,0x3f98,0x0018,0x0078,0xfff8,0x0018,0x1018,0x1000,0x1000,0x1ff8,0x0000,0x0000}, /* U+B2B0 */
    {0x0000,0x0000,0x0018,0x6018,0x6018,0x6018,0x3f98,0x0018,0xfff8,0x0018,0x1ff8,0x1ff8,0x0018,0x1ff8,0x1000,0x1ff8,0x0000,0x0000}, /* U+B2B4 */
    {0x0000,0x0000,0x0018,0x0018,0x4018,0x4018,0x4008,0x4008,0x4008,0x4008,0x4fc8,0x7c18,0x0018,0x0018,0x0018,0x0018,0x0000,0x0000}, /* U+B2C8 */
    {0x0000,0x0000,0x4018,0x4018,0x4018,0x4018,0x4018,0x4fd8,0x7c18,0x0018,0x0000,0x3ff8,0x0018,0x0018,0x0018,0x0018,0x0000,0x0000}, /* U+B2C9 */
    {0x0000,0x0000,0x0018,0x4018,0x4018,0x4018,0x4018,0x4018,0x7fd8,0x7818,0x0018,0x0018,0x3018,0x3000,0x3000,0x3ff8,0x0000,0x0000}, /* U+B2CC */
    {0x0000,0x0000,0x0018,0x4018,0x4018,0x4018,0x4018,0x47d8,0x7e18,0x0008,0x0000,0x1ff8,0x0018,0x1ff8,0x3000,0x3ff8,0x0000,0x0000}, /* U+B2D0 */
    {0x0000,0x0000,0x0018,0x4018,0x4018,0x4018,0x4018,0x7f98,0x7018,0x0000,0x3cf0,0x0498,0x0498,0x3c98,0x2098,0x3ef8,0x0000,0x0000}, /* U+B2D2 */
    {0x0000,0x0000,0x0018,0x4018,0x4018,0x4018,0x4018,0x40d8,0x7fd8,0x0018,0x0000,0x3ff8,0x3018,0x3018,0x3018,0x3ff8,0x0000,0x0000}, /* U+B2D8 */
    {0x0000,0x0000,0x0018,0x4018,0x4018,0x4018,0x4018,0x67d8,0x7f18,0x0000,0x1000,0x1018,0x1ff8,0x1018,0x1018,0x1ff8,0x0000,0x0000}, /* U+B2D9 */
    {0x0000,0x0000,0x4018,0x4018,0x4018,0x4018,0x4018,0x7fd8,0x7818,0x0018,0x0118,0x0180,0x0380,0x06c0,0x0c70,0x381c,0x0000,0x0000}, /* U+B2DB */
    {0x0000,0x0000,0x0018,0x4018,0x4018,0x4018,0x4018,0x4018,0x7f98,0x0018,0x0018,0x0780,0x3ff0,0x2018,0x3018,0x1ff0,0x0000,0x0000}, /* U+B2DD */
    {0x0000,0x0000,0x0018,0x4018,0x4018,0x4018,0x4018,0x40d8,0x7fd8,0x0018,0x0000,0x1ff0,0x0440,0x0440,0x0440,0x3ff8,0x0000,0x0000}, /* U+B2E2 */
    {0x0000,0x0010,0x0010,0x0010,0x7f10,0xc010,0xc010,0xc010,0xc01c,0xc01c,0xc010,0xc190,0x7f90,0x0010,0x0010,0x0010,0x0000,0x0000}, /* U+B2E4 */
    {0x0000,0x0010,0x0010,0xff10,0xc010,0xc010,0xc01c,0xc01c,0xff90,0x0010,0x0010,0x3ff0,0x3ff0,0x0010,0x0010,0x0010,0x0000,0x0000}, /* U+B2E5 */
    {0x0000,0x0010,0x0010,0xff10,0xc010,0xc010,0xc01c,0xc190,0x7f90,0x0010,0x0000,0x7df0,0x0c10,0x0c10,0x0c10,0x0c10,0x0000,0x0000}, /* U+B2E6 */
    {0x0000,0x0000,0x0010,0x0010,0x7f10,0xc010,0xc010,0x401c,0xc01c,0xdf90,0x7e10,0x0010,0x3010,0x3000,0x3000,0x3ff8,0x0000,0x0000}, /* U+B2E8 */
    {0x0000,0x0000,0x0010,0xff10,0xc010,0xc010,0xc01c,0xc010,0xff90,0x0010,0x0000,0x3fe0,0x3ff0,0x2000,0x2000,0x3ff0,0x0000,0x0000}, /* U+B2EB */
    {0x0000,0x0000,0x0010,0x7f10,0x4010,0x4010,0x401c,0x4010,0x7f90,0x0010,0x0000,0x3ff0,0x0010,0x3ff0,0x3000,0x3ff0,0x0000,0x0000}, /* U+B2EC */
    {0x0000,0x0010,0x7f10,0xff10,0xc010,0xc010,0xc01c,0x7f90,0x0010,0x0000,0x7ff0,0x0410,0x7c10,0x6010,0x4010,0x7e10,0x0000,0x0000}, /* U+B2ED */
    {0x0000,0x0010,0x0010,0xff10,0xc010,0xc010,0xc01c,0xff90,0x0010,0x0000,0x7df0,0x0510,0x7d10,0x6110,0x4190,0x7ff0,0x0000,0x0000}, /* U+B2EE */
    {0x0000,0x0010,0x0010,0xff10,0xc010,0xc010,0xc01c,0xff90,0x0010,0x0000,0x7d10,0x05f0,0x7df0,0x6110,0x4110,0x7df0,0x0000,0x0000}, /* U+B2EF */
    {0x0000,0x0010,0x0010,0xff10,0xc010,0xc010,0xc010,0xc01c,0xff90,0x0010,0x0060,0x7c60,0x05f8,0x7cf0,0x4198,0x7cf8,0x0000,0x0000}, /* U+B2F3 */
    {0x0000,0x0010,0x0010,0xff10,0xc010,0xc010,0xc01c,0xc010,0xff90,0x0010,0x0000,0x3ff0,0x3010,0x3010,0x3030,0x3ff0,0x0000,0x0000}, /* U+B2F4 */
    {0x0000,0x0010,0x0010,0xff10,0xc010,0xc010,0xc01c,0xc010,0xff90,0x0000,0x2010,0x3030,0x3ff0,0x3010,0x3ff0,0x3ff0,0x0000,0x0000}, /* U+B2F5 */
    {0x0000,0x0000,0x0010,0xff10,0xc010,0xc010,0xc010,0xc01c,0xff90,0x0010,0x0010,0x0110,0x0380,0x06c0,0x0c60,0x3038,0x0000,0x0000}, /* U+B2F7 */
    {0x0000,0x0010,0x0010,0xff10,0xc010,0xc010,0xc010,0xc01c,0xff90,0x0010,0x0820,0x0830,0x1c30,0x1470,0x3248,0x618c,0x0000,0x0000}, /* U+B2F8 */
    {0x0000,0x0010,0x0010,0x7f10,0xc010,0xc010,0xc010,0xc01c,0xdf90,0x7e10,0x0010,0x0fc0,0x3870,0x6010,0x2030,0x3fe0,0x0000,0x0000}, /* U+B2F9 */
    {0x0000,0x0010,0x0010,0xff10,0xc010,0xc010,0xc01c,0xff9c,0xff90,0x0010,0x0000,0x3ff0,0x0300,0x0780,0x1ce0,0x3038,0x0000,0x0000}, /* U+B2FA */
    {0x0000,0x0010,0x0010,0xff10,0xc010,0xc010,0xc010,0xc01c,0xff90,0x0010,0x0390,0x0000,0x3ff8,0x0380,0x06e0,0x3c38,0x0000,0x0000}, /* U+B2FB */
    {0x0000,0x0010,0x0010,0x7f10,0xc010,0xc010,0xc010,0xc01c,0xff90,0x0010,0x0790,0x0010,0x3ff0,0x0fc0,0x1860,0x0fc0,0x0000,0x0000}, /* U+B2FF */
    {0x0000,0x0000,0x0048,0x7c48,0x7c48,0x4048,0x4048,0x4048,0x4078,0x4078,0x4048,0x7f48,0x7848,0x0048,0x0048,0x000c,0x0000,0x0000}, /* U+B300 */
    {0x0000,0x0000,0x0048,0x7e48,0x4048,0x4048,0x4078,0x4078,0x4748,0x7e48,0x0048,0x3ff8,0x0008,0x0008,0x0008,0x0008,0x0000,0x0000}, /* U+B301 */
    {0x0000,0x0008,0x0048,0x7e48,0x4048,0x4048,0x4048,0x4078,0x4748,0x7f48,0x0048,0x0048,0x1008,0x1000,0x1000,0x1ff8,0x0000,0x0000}, /* U+B304 */
    {0x0000,0x0000,0x0048,0x7e48,0x4048,0x4048,0x4078,0x4048,0x7f48,0x0048,0x0000,0x0ff8,0x0008,0x1ff8,0x1800,0x1ffc,0x0000,0x0000}, /* U+B308 */
    {0x0000,0x0008,0x004c,0x7e48,0x4048,0x4048,0x4078,0x4078,0x7f48,0x0048,0x0000,0x1ff8,0x180c,0x180c,0x180c,0x1ffc,0x0000,0x0000}, /* U+B310 */
    {0x0000,0x0000,0x0048,0x7e48,0x4048,0x4048,0x4078,0x4048,0x7f48,0x0048,0x0808,0x0808,0x0ff8,0x0808,0x0808,0x0ff8,0x0000,0x0000}, /* U+B311 */
    {0x0000,0x0008,0x004c,0x7e48,0x4048,0x4048,0x4078,0x4078,0x7f48,0x0048,0x0048,0x0188,0x0380,0x06c0,0x0c70,0x3818,0x0000,0x0000}, /* U+B313 */
    {0x0000,0x0008,0x0048,0x7e48,0x4048,0x4048,0x4078,0x4078,0x7f48,0x6048,0x0000,0x0410,0x0430,0x0e38,0x1b6c,0x30c4,0x0000,0x0000}, /* U+B314 */
    {0x0000,0x0008,0x0048,0x7e48,0x4048,0x4048,0x4078,0x4078,0x7f48,0x0048,0x0048,0x03c0,0x1ff8,0x1008,0x1808,0x0ff8,0x0000,0x0000}, /* U+B315 */
    {0x0000,0x0000,0x0010,0x0010,0xff10,0xc010,0xc01c,0xc01c,0xc010,0xc010,0xc01c,0xc09c,0xff90,0x0010,0x0010,0x0010,0x0000,0x0000}, /* U+B31C */
    {0x0000,0x0000,0x0018,0x7e18,0x7e18,0x4018,0x4018,0x41f8,0x40f8,0x4018,0x4018,0x4798,0x7e18,0x0018,0x0018,0x0018,0x0000,0x0000}, /* U+B354 */
    {0x0000,0x0000,0x0018,0x7f18,0x4018,0x40f8,0x40f8,0x4018,0x7f98,0x7018,0x0000,0x3ff8,0x0018,0x0018,0x0018,0x0018,0x0000,0x0000}, /* U+B355 */
    {0x0000,0x0000,0x0018,0x7e18,0x4018,0x40f8,0x4018,0x7f18,0x7e18,0x0000,0x3ef0,0x0618,0x0218,0x0218,0x0218,0x0218,0x0000,0x0000}, /* U+B356 */
    {0x0000,0x0000,0x0018,0x7e18,0x7e18,0x4018,0x40f8,0x40f8,0x4018,0x4318,0x7f18,0x0018,0x2018,0x3000,0x3000,0x3ff8,0x0000,0x0000}, /* U+B358 */
    {0x0000,0x0000,0x0018,0x7f18,0x4018,0x40f8,0x40f8,0x4018,0x7f98,0x7818,0x0000,0x1ff0,0x1000,0x1000,0x1000,0x1ff8,0x0000,0x0000}, /* U+B35B */
    {0x0000,0x0000,0x0018,0x7f18,0x4018,0x40f8,0x40f8,0x4018,0x7f98,0x0000,0x3ff0,0x0018,0x0018,0x3ff8,0x3000,0x3ff8,0x0000,0x0000}, /* U+B35C */
    {0x0000,0x0000,0x0018,0x7e18,0x4018,0x40f8,0x4018,0x7f18,0x7e18,0x0000,0x3cf8,0x0498,0x0498,0x3c98,0x2098,0x3ef8,0x0000,0x0000}, /* U+B35E */
    {0x0000,0x0000,0x0018,0x7e18,0x4018,0x40f8,0x4018,0x7f18,0x7c18,0x0000,0x3e98,0x06f8,0x3e98,0x3098,0x2098,0x3ef8,0x0000,0x0000}, /* U+B35F */
    {0x0000,0x0000,0x0018,0x7f18,0x4018,0x40f8,0x40f8,0x4018,0x7f98,0x7018,0x0000,0x1ff8,0x1018,0x1018,0x1018,0x1ff8,0x0000,0x0000}, /* U+B364 */
    {0x0000,0x0000,0x0018,0x7e18,0x4018,0x40f8,0x40f8,0x4018,0x7f18,0x7c00,0x0000,0x1018,0x1ff8,0x1018,0x1018,0x1ff8,0x0000,0x0000}, /* U+B365 */
    {0x0000,0x0000,0x0018,0x7f18,0x4018,0x4018,0x41f8,0x4018,0x4018,0x7f98,0x7818,0x0118,0x0380,0x02c0,0x0c70,0x3818,0x0000,0x0000}, /* U+B367 */
    {0x0000,0x0000,0x0018,0x7f18,0x4018,0x4018,0x41f8,0x4018,0x4018,0x7f18,0x0018,0x07c0,0x1ff0,0x3018,0x3018,0x1ff0,0x0000,0x0000}, /* U+B369 */
    {0x0000,0x0000,0x0018,0x7f18,0x4018,0x40f8,0x40f8,0x4018,0x7f18,0x0000,0x0380,0x0000,0x1ff0,0x0180,0x0660,0x1c38,0x0000,0x0000}, /* U+B36B */
    {0x0000,0x0000,0x0018,0x7e18,0x4018,0x4018,0x41f8,0x4018,0x4118,0x7f18,0x0000,0x1ff8,0x0400,0x0460,0x0440,0x3ff8,0x0000,0x0000}, /* U+B36E */
    {0x0000,0x0000,0x0048,0x0048,0xfc48,0xc048,0xc048,0xc7c8,0xc0c8,0xc048,0xc048,0xfe48,0x6048,0x0048,0x0048,0x0008,0x0000,0x0000}, /* U+B370 */
    {0x0000,0x0000,0x004c,0x7e48,0x4048,0x40c8,0x47c8,0x4048,0x7f48,0x7048,0x0008,0x1ff8,0x0008,0x0008,0x0008,0x0008,0x0000,0x0000}, /* U+B371 */
    {0x0000,0x0008,0x006c,0x7e68,0x4068,0x4068,0x43e8,0x4068,0x4068,0x7f68,0x7868,0x006c,0x1808,0x1800,0x1800,0x1ffc,0x0000,0x0000}, /* U+B374 */
    {0x0000,0x0008,0x0068,0x7e68,0x4068,0x43e8,0x43e8,0x4068,0x7f68,0x7e68,0x0000,0x1ff8,0x0008,0x1ff8,0x1800,0x1ffc,0x0000,0x0000}, /* U+B378 */
    {0x0000,0x0000,0x006c,0x7e68,0x4068,0x43e8,0x43e8,0x4068,0x7f68,0x7e68,0x0008,0x0ff8,0x180c,0x1008,0x1808,0x1ffc,0x0000,0x0000}, /* U+B380 */
    {0x0000,0x0008,0x0068,0x7e68,0x4068,0x43e8,0x43e8,0x4068,0x7f68,0x7e68,0x0008,0x0808,0x0ff8,0x0808,0x0808,0x0ff8,0x0000,0x0000}, /* U+B381 */
    {0x0000,0x0008,0x0068,0x7e68,0x4068,0x43e8,0x43e8,0x4068,0x7f68,0x7c68,0x0068,0x0188,0x0180,0x02c0,0x0c70,0x3818,0x0000,0x0000}, /* U+B383 */
    {0x0000,0x0008,0x0068,0x7e68,0x4068,0x43e8,0x43e8,0x4068,0x7f68,0x7868,0x0000,0x0410,0x0c30,0x0e38,0x1b6c,0x30c6,0x0000,0x0000}, /* U+B384 */
    {0x0000,0x0000,0x006c,0x7e68,0x4068,0x43e8,0x43e8,0x4068,0x7f68,0x7e68,0x0008,0x07e0,0x1c38,0x1008,0x1818,0x0ff0,0x0000,0x0000}, /* U+B385 */
    {0x0000,0x0000,0x0018,0x7e18,0x4018,0x4018,0x41f8,0x4018,0x4018,0x41f8,0x4018,0x4f18,0x7e18,0x0018,0x0018,0x0018,0x0000,0x0000}, /* U+B38C */
    {0x0000,0x0000,0x0018,0x7e18,0x7e18,0x40f8,0x4018,0x4018,0x40f8,0x4118,0x7f18,0x0018,0x2018,0x3000,0x3000,0x3ff8,0x0000,0x0000}, /* U+B390 */
    {0x0000,0x0000,0x0018,0x7e18,0x40f8,0x4018,0x4018,0x40f8,0x7f18,0x0000,0x1ff0,0x0018,0x0018,0x3ff8,0x1000,0x3ff8,0x0000,0x0000}, /* U+B394 */
    {0x0000,0x0000,0x0018,0x7f18,0x4078,0x4078,0x4018,0x4078,0x4018,0x7f18,0x0c10,0x0c10,0x0c30,0x1e38,0x334c,0x60c4,0x0000,0x0000}, /* U+B3A0 */
    {0x0000,0x0000,0x0018,0x7f18,0x4078,0x4018,0x4018,0x4078,0x4198,0x7f18,0x0018,0x0780,0x1ff0,0x3018,0x3018,0x1ff0,0x0000,0x0000}, /* U+B3A1 */
    {0x0000,0x0008,0x0048,0x0048,0xfc48,0xc0c8,0xc3c8,0xc048,0xc048,0xc3c8,0xc3c8,0xc048,0xfe48,0x0048,0x0048,0x0048,0x0000,0x0000}, /* U+B3A8 */
    {0x0000,0x0000,0x0068,0x7e68,0x4068,0x41e8,0x4068,0x41e8,0x41e8,0x7f68,0x7e68,0x0068,0x1808,0x1800,0x1800,0x1ffc,0x0000,0x0000}, /* U+B3AC */
    {0x0000,0x0000,0x0000,0x3ff0,0x2000,0x2000,0x2000,0x2000,0x3ff0,0x0300,0x0300,0x0300,0x0300,0x0300,0xfffc,0x0000,0x0000,0x0000}, /* U+B3C4 */
    {0x0000,0x0000,0x3ff0,0x2000,0x2000,0x3ff0,0x0300,0x0200,0xfffc,0xfffc,0x0000,0x3ff0,0x0030,0x0010,0x0010,0x0010,0x0000,0x0000}, /* U+B3C5 */
    {0x0000,0x0000,0x3ff0,0x3000,0x2000,0x3000,0x3ff0,0x0300,0x0300,0xfffc,0x0000,0x3000,0x3000,0x3000,0x3ff0,0x1ff8,0x0000,0x0000}, /* U+B3C8 */
    {0x0000,0x0000,0x3ff0,0x2000,0x2000,0x3000,0x3ff0,0x0300,0x0300,0xfffc,0x0000,0x1ff0,0x3000,0x3000,0x3000,0x3ff8,0x0000,0x0000}, /* U+B3CB */
    {0x0000,0x0000,0x3ff0,0x2000,0x2000,0x3ff0,0x0300,0x0200,0xfffc,0x0000,0x1fe0,0x3ff0,0x0030,0x3fe0,0x3000,0x3ff0,0x0000,0x0000}, /* U+B3CC */
    {0x0000,0x0000,0x3ff0,0x2000,0x2000,0x3000,0x1ff0,0x0300,0xfffc,0x0000,0x3cf0,0x0498,0x3c98,0x2098,0x2098,0x3cf8,0x0000,0x0000}, /* U+B3CE */
    {0x0000,0x0000,0x3ff0,0x2000,0x2000,0x3000,0x3ff0,0x0300,0xfffc,0x0000,0x7c20,0x0460,0x3c60,0x2050,0x249c,0x3d00,0x0000,0x0000}, /* U+B3D0 */
    {0x0000,0x0000,0x3ff0,0x2000,0x2000,0x3ff0,0x3ff0,0x0300,0xfffc,0xfffc,0x0000,0x3ff0,0x2010,0x2010,0x3ff0,0x3ff0,0x0000,0x0000}, /* U+B3D4 */
    {0x0000,0x0000,0x3ff0,0x2000,0x2000,0x3ff0,0x3ff0,0x0300,0x0300,0xfffc,0x1010,0x3030,0x1ff0,0x3030,0x3030,0x3ff0,0x0000,0x0000}, /* U+B3D5 */
    {0x0000,0x0000,0x3ff0,0x2000,0x2000,0x3000,0x3ff0,0x0300,0x0300,0xfffc,0x0200,0x0300,0x0780,0x0cc0,0x3870,0x6018,0x0000,0x0000}, /* U+B3D7 */
    {0x0000,0x0000,0x3ff0,0x2000,0x2000,0x3ff0,0x3ff0,0x0100,0x0300,0xfffc,0x0000,0x1fe0,0x3030,0x2010,0x3030,0x0fe0,0x0000,0x0000}, /* U+B3D9 */
    {0x0000,0x0000,0x3ff0,0x2000,0x2000,0x3000,0x3ff0,0x0300,0xfffc,0x0000,0x0780,0x0000,0x3ff0,0x0780,0x0cc0,0x3070,0x0000,0x0000}, /* U+B3DB */
    {0x0000,0x0000,0x3ff0,0x2000,0x2000,0x3ff0,0x0300,0x0300,0xfffc,0x0000,0x3ff0,0x3000,0x37e0,0x3fe0,0x3000,0x3ff0,0x0000,0x0000}, /* U+B3DD */
    {0x0000,0x0000,0x0010,0x7f90,0x6010,0x4010,0x4010,0x4010,0x7f90,0x0c1c,0x0c10,0xfff0,0xfe10,0x0010,0x0010,0x0010,0x0000,0x0000}, /* U+B3E0 */
    {0x0000,0x0000,0x0010,0x7f10,0x7f10,0x4010,0x4010,0x7f90,0x081c,0x0c10,0x1ffd0,0x0010,0x2010,0x2010,0x2000,0x3ff0,0x0000,0x0000}, /* U+B3E4 */
    {0x0000,0x0010,0x0010,0x7f10,0x4010,0x6010,0x7f9c,0x081c,0xff90,0x8010,0x0000,0x3ff0,0x0010,0x3ff0,0x2000,0x3ff0,0x0000,0x0000}, /* U+B3E8 */
    {0x0000,0x0000,0x0048,0x3e48,0x7e48,0x6048,0x6048,0x7f48,0x0878,0x0878,0x0848,0x7fc8,0x4048,0x0048,0x0048,0x0008,0x0000,0x0000}, /* U+B3FC */
    {0x0000,0x0008,0x0048,0x7e48,0x4048,0x6048,0x7f48,0x0878,0x0848,0xff48,0xc000,0x0410,0x0430,0x0e38,0x1a6c,0x30c4,0x0000,0x0000}, /* U+B410 */
    {0x0000,0x0000,0x0018,0x3f98,0x3f98,0x2018,0x2018,0x3f98,0x3f98,0x0418,0x0418,0x1ff8,0xff98,0x0018,0x0018,0x0018,0x0000,0x0000}, /* U+B418 */
    {0x0000,0x0000,0x0018,0x7f98,0x6018,0x6018,0x7f98,0x0c18,0x0418,0x0cd8,0xffd8,0x0018,0x1018,0x1000,0x1000,0x1ff8,0x0000,0x0000}, /* U+B41C */
    {0x0000,0x0000,0x0018,0x7f98,0x6018,0x6018,0x3f98,0x0418,0xffd8,0xe018,0x0000,0x1ff8,0x0018,0x1ff8,0x3000,0x1ff8,0x0000,0x0000}, /* U+B420 */
    {0x0000,0x0000,0x0018,0x7f98,0x6018,0x6018,0x7f98,0x0418,0x0418,0xffd8,0x0000,0x1ff0,0x1018,0x1018,0x1018,0x1ff8,0x0000,0x0000}, /* U+B428 */
    {0x0000,0x0000,0x0018,0x7f98,0x6018,0x6018,0x3f98,0x0418,0x0418,0xffd8,0x0000,0x1018,0x1ff8,0x1818,0x1018,0x1ff8,0x0000,0x0000}, /* U+B429 */
    {0x0000,0x0000,0x0018,0x7f98,0x6018,0x6018,0x7f98,0x0418,0x0418,0xffd8,0x0018,0x0198,0x0180,0x03c0,0x0670,0x381c,0x0000,0x0000}, /* U+B42B */
    {0x0000,0x0000,0x0000,0x3ff0,0x2000,0x2000,0x2000,0x2000,0x3ff0,0x0000,0x0840,0x0c40,0x0c40,0x0c40,0xfffc,0x0000,0x0000,0x0000}, /* U+B434 */
    {0x0000,0x0000,0x3ff0,0x2000,0x2000,0x3ff0,0x3ff0,0x0000,0x0000,0xfffc,0x0300,0x0300,0x0300,0x0300,0x0300,0x0300,0x0000,0x0000}, /* U+B450 */
    {0x0000,0x0000,0x3ff0,0x2000,0x2000,0x3ff0,0x3ff0,0x0000,0xfffc,0xfffc,0x0200,0x0300,0x3ff0,0x0010,0x0030,0x0030,0x0000,0x0000}, /* U+B451 */
    {0x0000,0x0000,0x3ff0,0x2000,0x2000,0x3ff0,0x3ff0,0x0000,0xfffc,0xfffc,0x0300,0x0300,0x2300,0x2000,0x2000,0x3ff0,0x0000,0x0000}, /* U+B454 */
    {0x0000,0x0000,0x3ff0,0x3000,0x2000,0x3ff0,0x0000,0x0000,0xfffc,0x0300,0x3ff0,0x3ff0,0x0010,0x3ff0,0x2000,0x3ff0,0x0000,0x0000}, /* U+B458 */
    {0x0000,0x0000,0x3ff0,0x2000,0x2000,0x3ff0,0x0000,0x0000,0xfffc,0x0300,0x0300,0x3ff0,0x2010,0x2010,0x3030,0x3ff0,0x0000,0x0000}, /* U+B460 */
    {0x0000,0x0000,0x3ff0,0x3000,0x2000,0x3ff0,0x1fe0,0x0000,0xfffc,0x0300,0x0300,0x3030,0x3ff0,0x3030,0x3030,0x3ff0,0x0000,0x0000}, /* U+B461 */
    {0x0000,0x0000,0x3ff0,0x2000,0x2000,0x2000,0x3ff0,0x0000,0xfffc,0x0300,0x0300,0x0300,0x0300,0x0680,0x1c70,0x3010,0x0000,0x0000}, /* U+B463 */
    {0x0000,0x0000,0x3ff0,0x2000,0x2000,0x3000,0x3ff0,0x0000,0xfffc,0xfffc,0x0200,0x0fc0,0x3870,0x2010,0x3030,0x1fe0,0x0000,0x0000}, /* U+B465 */
    {0x0000,0x0000,0x0018,0x3f98,0x6018,0x2018,0x6018,0x3f98,0x0018,0x00d8,0xff98,0x0418,0x04f8,0x0418,0x0418,0x0418,0x0000,0x0000}, /* U+B46C */
    {0x0000,0x0000,0x0018,0x3f18,0x2018,0x2018,0x3f18,0x00d8,0xff18,0x0c78,0x0c18,0x0420,0x0430,0x0e70,0x1b48,0x3084,0x0000,0x0000}, /* U+B480 */
    {0x0000,0x0000,0x0048,0x7e48,0x4048,0x4048,0x7e48,0x7e48,0x0048,0x7f48,0xfc48,0x0848,0x0bc8,0x0848,0x0848,0x000c,0x0000,0x0000}, /* U+B488 */
    {0x0000,0x0008,0x0068,0x7e68,0x6068,0x6068,0x3e68,0x0168,0xff68,0x09e8,0x0868,0x07f8,0x0e38,0x180c,0x080c,0x07f8,0x0000,0x0000}, /* U+B49D */
    {0x0000,0x0000,0x0018,0x3f98,0x2018,0x2018,0x2018,0x3fd8,0x0018,0x00d8,0xffd8,0x0418,0x0418,0x0418,0x0418,0x0418,0x0000,0x0000}, /* U+B4A4 */
    {0x0000,0x0000,0x0018,0x3f98,0x6018,0x6018,0x7f98,0x0018,0xffd8,0xff18,0x0418,0x0418,0x1018,0x1000,0x1000,0x1ff8,0x0000,0x0000}, /* U+B4A8 */
    {0x0000,0x0000,0x0018,0x7f98,0x6018,0x6018,0x3f98,0x0018,0xffd8,0x0c18,0x0c10,0x1ff8,0x0018,0x1ff8,0x1000,0x1ff8,0x0000,0x0000}, /* U+B4AC */
    {0x0000,0x0000,0x0018,0x7f98,0x6018,0x6018,0x3f98,0x0018,0xffd8,0x0c18,0x0400,0x1018,0x1ff8,0x1018,0x1018,0x1ff8,0x0000,0x0000}, /* U+B4B5 */
    {0x0000,0x0000,0x0018,0x3f98,0x2018,0x2018,0x3f98,0x0018,0x7ff8,0xfe18,0x0418,0x0598,0x0180,0x0340,0x0630,0x1c1c,0x0000,0x0000}, /* U+B4B7 */
    {0x0000,0x0000,0x0008,0x3f88,0x2008,0x3f88,0x3e08,0x0068,0xffc8,0x0408,0x0408,0x07e0,0x1c38,0x1008,0x1818,0x0ff0,0x0000,0x0000}, /* U+B4B9 */
    {0x0000,0x0000,0x3ff0,0x2000,0x2000,0x2000,0x3ff0,0x0000,0x0000,0xfffc,0x0840,0x0840,0x0840,0x0840,0x0840,0x0840,0x0000,0x0000}, /* U+B4C0 */
    {0x0000,0x0000,0x3ff0,0x2000,0x2000,0x3ff0,0x3ff0,0x0000,0xfffc,0xfffc,0x0440,0x0440,0x2440,0x2000,0x2000,0x3ff0,0x0000,0x0000}, /* U+B4C4 */
    {0x0000,0x0000,0x3ff0,0x3000,0x2000,0x3000,0x3ff0,0x0000,0xfffe,0x0c40,0x0c40,0x1ff0,0x0010,0x3ff0,0x3000,0x3ff8,0x0000,0x0000}, /* U+B4C8 */
    {0x0000,0x0000,0x3ff0,0x2000,0x2000,0x3ff0,0x0000,0x0000,0xfffc,0x0840,0x0840,0x3ff0,0x2010,0x2010,0x3010,0x3ff0,0x0000,0x0000}, /* U+B4D0 */
    {0x0000,0x0000,0x3ff0,0x2000,0x2000,0x3ff0,0x3ff0,0x0000,0xfffc,0x0840,0x0840,0x0fe0,0x3830,0x2010,0x3030,0x1fe0,0x0000,0x0000}, /* U+B4D5 */
    {0x0000,0x0000,0x0000,0x3ff0,0x3000,0x2000,0x2000,0x2000,0x3ff0,0x0000,0x0000,0x0000,0x0000,0xfffc,0x0000,0x0000,0x0000,0x0000}, /* U+B4DC */
    {0x0000,0x0000,0x3ff0,0x3000,0x2000,0x3000,0x3ff0,0x0000,0xfffc,0xfffc,0x0000,0x3ff0,0x0010,0x0010,0x0010,0x0010,0x0000,0x0000}, /* U+B4DD */
    {0x0000,0x0000,0x3ff0,0x3ff0,0x2000,0x2000,0x3ff0,0x0000,0x0000,0xfffc,0x0000,0x2000,0x3000,0x2000,0x3000,0x3ff8,0x0000,0x0000}, /* U+B4E0 */
    {0x0000,0x0000,0x3ff0,0x3000,0x2000,0x3000,0x3ff0,0x0000,0xfffc,0xfffc,0x0000,0x3ff0,0x3000,0x3000,0x3000,0x3ff0,0x0000,0x0000}, /* U+B4E3 */
    {0x0000,0x0000,0x3ff0,0x3000,0x2000,0x3ff0,0x3ff0,0x0000,0xfffc,0x0000,0x3ff0,0x0010,0x1ff0,0x3000,0x3000,0x3ff0,0x0000,0x0000}, /* U+B4E4 */
    {0x0000,0x0000,0x3ff0,0x2000,0x2000,0x3000,0x1ff0,0x0000,0xfffc,0x0000,0x3cf8,0x0698,0x3c98,0x2098,0x22f8,0x3ef8,0x0000,0x0000}, /* U+B4E6 */
    {0x0000,0x0000,0x3ff0,0x2000,0x2000,0x2000,0x3ff0,0x0000,0xfffc,0x0000,0x0000,0x3ff0,0x2010,0x2010,0x3ff0,0x3010,0x0000,0x0000}, /* U+B4EC */
    {0x0000,0x0000,0x3ff0,0x2000,0x2000,0x3000,0x3ff0,0x0000,0xfffc,0xfffc,0x1010,0x3010,0x1ff0,0x3010,0x3ff0,0x1010,0x0000,0x0000}, /* U+B4ED */
    {0x0000,0x0000,0x3ff0,0x2000,0x2000,0x3000,0x3ff0,0x0000,0x0004,0xfffc,0x0000,0x0300,0x0380,0x04c0,0x1870,0x3018,0x0000,0x0000}, /* U+B4EF */
    {0x0000,0x0000,0x3ff0,0x2000,0x2000,0x2000,0x3ff0,0x0000,0xfffc,0xfffc,0x0000,0x1fe0,0x3030,0x2010,0x3030,0x1fe0,0x0000,0x0000}, /* U+B4F1 */
    {0x0000,0x0000,0x0018,0x3f98,0x3f98,0x2018,0x2018,0x3f98,0x3f98,0x0018,0x0018,0xfff8,0xff98,0x0018,0x0018,0x0018,0x0000,0x0000}, /* U+B4F8 */
    {0x0000,0x0000,0x0018,0x7f98,0x4018,0x4018,0x4018,0x4018,0x4018,0x4018,0x4018,0x41d8,0x7f98,0x0018,0x0018,0x0018,0x0000,0x0000}, /* U+B514 */
    {0x0000,0x0000,0x0018,0x7f18,0x6018,0x6018,0x6018,0x6018,0x7fd8,0x3818,0x0000,0x3ff8,0x0018,0x0018,0x0018,0x0018,0x0000,0x0000}, /* U+B515 */
    {0x0000,0x0000,0x0018,0x7f98,0x4018,0x4018,0x4018,0x4018,0x7fd8,0x0018,0x0018,0x0018,0x3000,0x3000,0x1000,0x3ff8,0x0000,0x0000}, /* U+B518 */
    {0x0000,0x0000,0x0018,0x7f98,0x4018,0x4018,0x4018,0x4018,0x7fd8,0x0018,0x0000,0x1ff8,0x1800,0x1000,0x1000,0x1ff8,0x0000,0x0000}, /* U+B51B */
    {0x0000,0x0000,0x0018,0x7f98,0x4018,0x4018,0x4018,0x4058,0x7fd8,0x0000,0x1ff0,0x1ff8,0x0018,0x3ff8,0x3000,0x3ff8,0x0000,0x0000}, /* U+B51C */
    {0x0000,0x0000,0x0018,0x7f98,0x4018,0x4018,0x4018,0x4018,0x7fd8,0x0018,0x0000,0x1ff8,0x1018,0x1018,0x1018,0x1ff8,0x0000,0x0000}, /* U+B524 */
    {0x0000,0x0000,0x0018,0x7f98,0x4018,0x4018,0x4018,0x4058,0x7fd8,0x0000,0x0000,0x1018,0x1ff8,0x1018,0x1018,0x1ff8,0x0000,0x0000}, /* U+B525 */
    {0x0000,0x0000,0x0018,0x7f98,0x4018,0x4018,0x4018,0x4018,0x7fd8,0x0018,0x0018,0x0118,0x0380,0x06c0,0x0c70,0x3818,0x0000,0x0000}, /* U+B527 */
    {0x0000,0x0000,0x0018,0x7f98,0x4018,0x4018,0x4018,0x4018,0x7fd8,0x0018,0x0010,0x0410,0x0430,0x0e38,0x1b6c,0x30c4,0x0000,0x0000}, /* U+B528 */
    {0x0000,0x0000,0x0018,0x7f98,0x4018,0x4018,0x4018,0x4018,0x7fd8,0x0018,0x0018,0x0fe0,0x1830,0x3018,0x3018,0x1ff0,0x0000,0x0000}, /* U+B529 */
    {0x0000,0x0000,0x0018,0x7f98,0x4018,0x4018,0x4018,0x4018,0x7fd8,0x0018,0x0000,0x1ff8,0x0180,0x03c0,0x0e60,0x3818,0x0000,0x0000}, /* U+B52A */
    {0x0000,0x0000,0x0010,0x0010,0xfbd0,0xc610,0xc610,0xc610,0xc210,0xc21c,0xc210,0xfbf0,0x0210,0x0010,0x0010,0x0010,0x0000,0x0000}, /* U+B530 */
    {0x0000,0x0000,0x0010,0xf790,0x8610,0x8410,0x861c,0x841c,0xf7d0,0x4310,0x0000,0x7ff0,0x0030,0x0010,0x0010,0x0010,0x0000,0x0000}, /* U+B531 */
    {0x0000,0x0010,0x0010,0x7390,0xf790,0x8610,0xc610,0x861c,0xc63c,0xfff0,0x0010,0x0010,0x3010,0x3000,0x3000,0x3ff8,0x0000,0x0000}, /* U+B534 */
    {0x0000,0x0000,0x0010,0xf790,0xc610,0x8610,0x861c,0x8610,0xf7f0,0x0010,0x0000,0x3ff0,0x0010,0x3ff0,0x2000,0x3ff0,0x0000,0x0000}, /* U+B538 */
    {0x0000,0x0010,0x0010,0x7390,0xf790,0xc610,0xc610,0xc61c,0xc670,0xf3f0,0x0010,0x3ff0,0x3030,0x3010,0x3030,0x3ff0,0x0000,0x0000}, /* U+B540 */
    {0x0000,0x0010,0x0010,0xf790,0x8610,0x8610,0x861c,0x8610,0xf7d0,0x0010,0x0010,0x3010,0x3ff0,0x3010,0x3010,0x3ff0,0x0000,0x0000}, /* U+B541 */
    {0x0000,0x0000,0x0010,0xf790,0x8610,0x8610,0x861c,0x861c,0xd7d0,0xf310,0x0110,0x0110,0x0380,0x06c0,0x0c70,0x3038,0x0000,0x0000}, /* U+B543 */
    {0x0000,0x0010,0x0010,0xf790,0xc610,0xc610,0xc61c,0xc41c,0xffd0,0x6310,0x0820,0x0c30,0x0c30,0x1670,0x32c8,0x618c,0x0000,0x0000}, /* U+B544 */
    {0x0000,0x0010,0x0010,0xf390,0xc610,0xc610,0xc610,0xc61c,0xc610,0xffd0,0x0010,0x0790,0x3ff0,0x2010,0x2010,0x1ff0,0x0000,0x0000}, /* U+B545 */
    {0x0000,0x0010,0x0010,0xf790,0x8610,0x8610,0x861c,0x8630,0xf7f0,0x0010,0x0780,0x3ff0,0x0780,0x0fc0,0x1860,0x0fc0,0x0000,0x0000}, /* U+B54B */
    {0x0000,0x0000,0x0048,0x0048,0x7748,0xc448,0xc448,0xc448,0xc478,0xc478,0xcc48,0xff48,0x0048,0x0048,0x0048,0x000c,0x0000,0x0000}, /* U+B54C */
    {0x0000,0x0008,0x006c,0xf768,0xc468,0xc448,0xc478,0xc468,0xff48,0x7648,0x0000,0x1ff8,0x0008,0x0008,0x0008,0x0008,0x0000,0x0000}, /* U+B54D */
    {0x0000,0x0000,0x0048,0x0048,0x7748,0x4448,0x4448,0x4478,0x4478,0x5f48,0x7748,0x0048,0x1048,0x1000,0x1800,0x1ffc,0x0000,0x0000}, /* U+B550 */
    {0x0000,0x0008,0x0048,0xf748,0xc448,0xc448,0xc478,0xc468,0xf748,0x7748,0x0000,0x0ff8,0x0008,0x1ff8,0x1800,0x1ffc,0x0000,0x0000}, /* U+B554 */
    {0x0000,0x0008,0x0068,0x7768,0x4468,0x4448,0x4478,0x4478,0xff48,0x7768,0x0000,0x0ff8,0x1808,0x1808,0x1808,0x1ff8,0x0000,0x0000}, /* U+B55C */
    {0x0000,0x0008,0x0048,0x7748,0x4448,0x4448,0x4478,0x4478,0x7f48,0x7748,0x0008,0x0808,0x0ff8,0x0808,0x0808,0x0ff8,0x0000,0x0000}, /* U+B55D */
    {0x0000,0x0008,0x0048,0x7748,0xc448,0xc448,0xc478,0xc468,0xf748,0x7748,0x0048,0x0108,0x0380,0x06c0,0x0c60,0x3838,0x0000,0x0000}, /* U+B55F */
    {0x0000,0x0008,0x006c,0x7768,0x4468,0x4468,0x4478,0x4468,0x77e8,0x7368,0x0000,0x0410,0x0430,0x0e38,0x1b6c,0x31c4,0x0000,0x0000}, /* U+B560 */
    {0x0000,0x0008,0x006c,0x7768,0xc468,0xc448,0xc478,0xc478,0xffc8,0x0068,0x0008,0x0ff0,0x1818,0x1008,0x1808,0x0ff0,0x0000,0x0000}, /* U+B561 */
    {0x0000,0x0000,0x0018,0x0018,0x7b98,0x4618,0x4218,0x4278,0x4278,0x4218,0x4218,0x7ff8,0x7398,0x0018,0x0018,0x0018,0x0000,0x0000}, /* U+B5A0 */
    {0x0000,0x0000,0x0018,0x7398,0x4618,0x4618,0x4678,0x4618,0x7fd8,0x0318,0x0000,0x3ff8,0x0018,0x0018,0x0018,0x0018,0x0000,0x0000}, /* U+B5A1 */
    {0x0000,0x0000,0x0018,0x7398,0x4618,0x4618,0x4678,0x4618,0x4618,0x4618,0x7bd8,0x0018,0x1018,0x1000,0x1000,0x1ff8,0x0000,0x0000}, /* U+B5A4 */
    {0x0000,0x0000,0x0018,0x7398,0xc618,0xc618,0xc678,0xc618,0xf7d8,0x0218,0x0000,0x3ff8,0x0018,0x3ff8,0x3000,0x3ff8,0x0000,0x0000}, /* U+B5A8 */
    {0x0000,0x0000,0x0018,0x7398,0x4218,0x4218,0x4278,0x4618,0x4618,0x7bd8,0x0000,0x3cf8,0x0498,0x3c98,0x2098,0x3ff8,0x3800,0x0000}, /* U+B5AA */
    {0x0000,0x0000,0x0018,0x7398,0x4218,0x4218,0x4278,0x4618,0x4618,0x7bd8,0x0000,0x3e98,0x06f8,0x3c98,0x2098,0x3ef8,0x0000,0x0000}, /* U+B5AB */
    {0x0000,0x0000,0x0018,0x7398,0x4618,0x4618,0x4678,0x4618,0x7ed8,0x6398,0x0000,0x1ff0,0x3018,0x1018,0x1018,0x3ff8,0x0000,0x0000}, /* U+B5B0 */
    {0x0000,0x0000,0x0018,0xf398,0xc618,0xc678,0xc678,0xc618,0xf7d8,0x0018,0x1000,0x1018,0x1ff8,0x1018,0x1018,0x1ff8,0x0000,0x0000}, /* U+B5B1 */
    {0x0000,0x0000,0x0018,0x7398,0x4618,0x4618,0x4678,0x4618,0x5e18,0x73d8,0x0018,0x0118,0x0380,0x06c0,0x0c70,0x3818,0x0000,0x0000}, /* U+B5B3 */
    {0x0000,0x0000,0x0018,0x7398,0x4618,0x4618,0x4678,0x4618,0x4618,0x7bd8,0x0000,0x0410,0x0430,0x0e38,0x1b68,0x70c4,0x0000,0x0000}, /* U+B5B4 */
    {0x0000,0x0000,0x0018,0x7398,0x4618,0x4618,0x4678,0x4618,0x5e18,0x77d8,0x0018,0x0fe0,0x1870,0x3018,0x3018,0x1ff0,0x0000,0x0000}, /* U+B5B5 */
    {0x0000,0x0000,0x0018,0x73d8,0x4618,0x4678,0x4218,0x4618,0x73d8,0x0018,0x07c0,0x3ff8,0x07c0,0x0fe0,0x1830,0x0fe0,0x0000,0x0000}, /* U+B5BB */
    {0x0000,0x0008,0x0048,0x0048,0x7748,0x4448,0x4448,0x4448,0x45c8,0x4448,0x4448,0x7f48,0x4448,0x0048,0x0048,0x0008,0x0000,0x0000}, /* U+B5BC */
    {0x0000,0x0008,0x0068,0x6668,0xcc48,0xcc48,0x4dc8,0x4c48,0xfd48,0x7768,0x0008,0x1ff8,0x0008,0x0008,0x0008,0x0008,0x0000,0x0000}, /* U+B5BD */
    {0x0000,0x0008,0x0068,0x6768,0xef68,0x4c68,0x4dc8,0x4dc8,0x4c68,0x7f68,0x0068,0x0068,0x1808,0x1800,0x1800,0x1ffc,0x0000,0x0000}, /* U+B5C0 */
    {0x0000,0x0008,0x006c,0x7768,0x4468,0x44c8,0x44c8,0x4468,0x7768,0x7768,0x0000,0x0ff8,0x0008,0x1ff8,0x1800,0x1ffc,0x0000,0x0000}, /* U+B5C4 */
    {0x0000,0x0008,0x0068,0x6668,0xcc48,0xcc48,0x4dc8,0x4c48,0xfd48,0x7768,0x0000,0x0ff8,0x1808,0x1808,0x1808,0x1ff8,0x0000,0x0000}, /* U+B5CC */
    {0x0000,0x0008,0x0068,0x7768,0x4468,0x44c8,0x44c8,0x4468,0x7768,0x7768,0x0008,0x0808,0x0ff8,0x0808,0x0808,0x0ff8,0x0800,0x0000}, /* U+B5CD */
    {0x0000,0x0008,0x0068,0x6668,0xcc48,0xcc48,0x4dc8,0x4c48,0xfd48,0x7768,0x0048,0x0108,0x0380,0x02c0,0x0c60,0x3838,0x0000,0x0000}, /* U+B5CF */
    {0x0000,0x0008,0x0068,0x7768,0xc468,0xc468,0xc4e8,0xc468,0xff68,0x0068,0x0400,0x0430,0x0c30,0x0e38,0x1b4c,0x31c4,0x0000,0x0000}, /* U+B5D0 */
    {0x0000,0x0008,0x0068,0x6668,0xcc48,0xcc48,0x4dc8,0x4c48,0xfd48,0x7768,0x0048,0x03c0,0x1ff8,0x100c,0x1808,0x0ff8,0x0000,0x0000}, /* U+B5D1 */
    {0x0000,0x0000,0x0018,0x0018,0x7398,0x4618,0x4678,0x4618,0x4618,0x4678,0x4618,0x7fc8,0x73d8,0x0018,0x0018,0x0018,0x0000,0x0000}, /* U+B5D8 */
    {0x0000,0x0000,0x0018,0x7798,0x4618,0x4678,0x4618,0x4678,0x4618,0x7fd8,0x0010,0x0410,0x0630,0x0e38,0x196c,0x60c4,0x0000,0x0000}, /* U+B5EC */
    {0x0000,0x0000,0x0000,0x7df0,0x6180,0x6180,0x6180,0x6180,0x7df8,0x0000,0x0300,0x0300,0x0300,0xfffc,0x0000,0x0000,0x0000,0x0000}, /* U+B610 */
    {0x0000,0x0000,0x7df8,0x6180,0x6180,0x6580,0x7df8,0x0300,0xfffc,0xfffc,0x0000,0x3ff0,0x0010,0x0010,0x0010,0x0010,0x0000,0x0000}, /* U+B611 */
    {0x0000,0x0000,0x3cf0,0x7df0,0x6180,0x6180,0x7df0,0x30f0,0x0200,0xfffc,0x0000,0x0000,0x2000,0x2000,0x3ff0,0x1ff0,0x0000,0x0000}, /* U+B614 */
    {0x0000,0x0000,0x7cf8,0x6180,0x6180,0x7ef8,0x0100,0x0300,0xfffc,0x0000,0x3fe0,0x3ff0,0x0030,0x3ff0,0x2000,0x3ff0,0x0000,0x0000}, /* U+B618 */
    {0x0000,0x0000,0x7df0,0x6180,0x6180,0x6180,0x7df8,0x0300,0x0300,0xfffc,0x0000,0x1fe0,0x2030,0x2010,0x3870,0x0fc0,0x0000,0x0000}, /* U+B625 */
    {0x0000,0x0010,0x0010,0x7390,0xf790,0xc610,0xc610,0xc610,0xc61c,0x73dc,0x0410,0x0410,0x0410,0xfff0,0xfff0,0x0010,0x0000,0x0000}, /* U+B62C */
    {0x0000,0x0000,0x0010,0x7790,0xc410,0xc410,0xf7dc,0x4710,0x0c10,0xffd0,0x0000,0x3ff0,0x0010,0x3ff0,0x3000,0x3ff0,0x0000,0x0000}, /* U+B634 */
    {0x0000,0x0008,0x0068,0x6768,0xef68,0x8868,0x8c68,0x8c48,0xdc78,0xff78,0x0848,0x0868,0x0868,0xffe8,0x0068,0x0008,0x0000,0x0000}, /* U+B648 */
    {0x0000,0x0000,0x0018,0x3bd8,0x7bd8,0x6218,0x6218,0x6218,0x6318,0x7bd8,0x0018,0x0618,0x0618,0x7ff8,0x7ff8,0x0018,0x0000,0x0000}, /* U+B664 */
    {0x0000,0x0000,0x0018,0x7bd8,0x4218,0x4218,0x7bd8,0x3398,0x0418,0xfff8,0xfe18,0x0018,0x3018,0x3000,0x3000,0x3ff8,0x0000,0x0000}, /* U+B668 */
    {0x0000,0x0000,0x7df8,0x6180,0x6180,0x6180,0x7df8,0x0000,0x0000,0xfffc,0x0300,0x0300,0x0300,0x0300,0x0300,0x0300,0x0000,0x0000}, /* U+B69C */
    {0x0000,0x0000,0x3df8,0x2180,0x2180,0x3df8,0x0000,0x0000,0xfffc,0x0300,0x0300,0x3ff0,0x0010,0x0010,0x0010,0x0010,0x0000,0x0000}, /* U+B69D */
    {0x0000,0x0000,0x7df0,0x6180,0x6180,0x6180,0x3df8,0x0000,0xfffc,0xfffc,0x0300,0x0300,0x2300,0x2000,0x2000,0x3ff8,0x0000,0x0000}, /* U+B6A0 */
    {0x0000,0x0000,0x7df0,0x6180,0x6100,0x7df8,0x3800,0x0000,0xfffc,0x0300,0x3ff0,0x0010,0x1ff0,0x3000,0x3000,0x3ff0,0x0000,0x0000}, /* U+B6A4 */
    {0x0000,0x0000,0x7df8,0x6180,0x6180,0x7df8,0x0000,0x0000,0xfffc,0x0300,0x3c70,0x05f8,0x3d38,0x60f8,0x6088,0x3e70,0x0000,0x0000}, /* U+B6AB */
    {0x0000,0x0000,0x7df0,0x6180,0x6100,0x7df8,0x3cf0,0x0000,0xfffc,0x0300,0x0300,0x3ff0,0x2010,0x2010,0x3ff0,0x3ff0,0x0000,0x0000}, /* U+B6AC */
    {0x0000,0x0000,0x7df0,0x6180,0x6180,0x7df8,0x3cf8,0x0000,0xfffc,0x0300,0x0300,0x0fc0,0x3870,0x2010,0x3010,0x1fe0,0x0000,0x0000}, /* U+B6B1 */
    {0x0000,0x0000,0x0068,0x7768,0x4468,0x4468,0x4468,0x7768,0x0068,0x7f68,0xfc68,0x0868,0x09e8,0x0868,0x0868,0x000c,0x0000,0x0000}, /* U+B6D4 */
    {0x0000,0x0000,0x0018,0x7bd8,0x4218,0x4218,0x4218,0x7bd8,0x0018,0x0018,0xffd8,0x0418,0x0418,0x0418,0x0418,0x0418,0x0000,0x0000}, /* U+B6F0 */
    {0x0000,0x0000,0x0018,0x7bd8,0x4218,0x4218,0x6a58,0x7bd8,0x0018,0xffd8,0x0618,0x0418,0x0418,0x3000,0x3000,0x3ff8,0x0000,0x0000}, /* U+B6F4 */
    {0x0000,0x0000,0x0018,0x7b98,0x4218,0x4618,0x7fd8,0x0018,0xffd8,0x0618,0x0400,0x1ff8,0x0018,0x1ff8,0x1000,0x1ff8,0x0000,0x0000}, /* U+B6F8 */
    {0x0000,0x0000,0x7398,0x7398,0x4218,0x4658,0x7bd8,0x0018,0xffd8,0x0618,0x0400,0x1ff0,0x1818,0x1018,0x1818,0x1ff8,0x0000,0x0000}, /* U+B700 */
    {0x0000,0x0000,0x0018,0x7bd8,0x4218,0x4218,0x7bd8,0x0018,0xfff8,0x0418,0x0400,0x1018,0x1ff8,0x1818,0x1018,0x1ff8,0x0000,0x0000}, /* U+B701 */
    {0x0000,0x0000,0x7398,0x7398,0x4218,0x4658,0x7bd8,0x0018,0xfff8,0x0618,0x0418,0x07f0,0x1c38,0x1008,0x1818,0x0ff0,0x0000,0x0000}, /* U+B705 */
    {0x0000,0x0000,0x0000,0x7df0,0x6180,0x6180,0x6180,0x6180,0x7df8,0x0000,0x0000,0x0000,0x0000,0xfffc,0x0000,0x0000,0x0000,0x0000}, /* U+B728 */
    {0x0000,0x0000,0x7df8,0x6180,0x6180,0x6180,0x7df8,0x0000,0xfffc,0xfffc,0x0000,0x3ff0,0x0010,0x0010,0x0010,0x0010,0x0000,0x0000}, /* U+B729 */
    {0x0000,0x0000,0x3cf0,0x6180,0x6180,0x6180,0x7ff0,0x30f0,0x0000,0xfffc,0x0000,0x2000,0x3000,0x2000,0x3ff0,0x1ff0,0x0000,0x0000}, /* U+B72C */
    {0x0000,0x0000,0x7df8,0x6180,0x6180,0x6580,0x7cf8,0x0000,0xfffc,0x0000,0x0000,0x3ff0,0x2000,0x2000,0x3000,0x3ff0,0x0000,0x0000}, /* U+B72F */
    {0x0000,0x0000,0x7df0,0x6180,0x4100,0x6180,0x7df8,0x0000,0xfffc,0x0000,0x3ff0,0x0010,0x1ff0,0x3000,0x3000,0x3ff0,0x0000,0x0000}, /* U+B730 */
    {0x0000,0x0000,0x7df0,0x6180,0x6180,0x7df8,0x38f0,0x0000,0xfffc,0x0000,0x1ff0,0x3ff0,0x2010,0x2010,0x3ff0,0x3030,0x0000,0x0000}, /* U+B738 */
    {0x0000,0x0000,0x7df0,0x4100,0x4100,0x7df0,0x3cf0,0x0000,0xfffc,0x0000,0x2010,0x3ff0,0x3ff0,0x2010,0x3ff0,0x3010,0x0000,0x0000}, /* U+B739 */
    {0x0000,0x0000,0x7df8,0x6180,0x6180,0x6180,0x7df8,0x0000,0x0000,0xfffc,0x0000,0x0300,0x0380,0x04c0,0x1870,0x3038,0x0000,0x0000}, /* U+B73B */
    {0x0000,0x0000,0x0018,0x33d8,0x7bd8,0x4218,0x6218,0x4218,0x7fd8,0x0018,0x0018,0x00f8,0xffd8,0x0018,0x0018,0x0018,0x0000,0x0000}, /* U+B744 */
    {0x0000,0x0000,0x0018,0x7b98,0x6218,0x4218,0x4218,0x7fd8,0x0018,0x00f8,0xfff8,0x0018,0x1018,0x1000,0x1000,0x1ff8,0x0000,0x0000}, /* U+B748 */
    {0x0000,0x0000,0x0018,0x7398,0x4218,0x4218,0x7fd8,0x0018,0x1ff8,0xff18,0x0000,0x1ff8,0x0018,0x1ff8,0x1000,0x1ff8,0x0000,0x0000}, /* U+B74C */
    {0x0000,0x0000,0x0018,0x7bd8,0x4218,0x4218,0x7bd8,0x0018,0x0058,0x7fd8,0x0000,0x1ff8,0x1818,0x1018,0x1818,0x1ff8,0x0000,0x0000}, /* U+B754 */
    {0x0000,0x0000,0x0018,0x7b98,0x4218,0x4218,0x7fd8,0x3398,0x0018,0x7ff8,0x0000,0x1018,0x1ff8,0x1018,0x1018,0x1ff8,0x0000,0x0000}, /* U+B755 */
    {0x0000,0x0000,0x0018,0x0018,0x7bd8,0x4218,0x4218,0x4218,0x4218,0x4218,0x4218,0x7bf8,0x6318,0x0018,0x0018,0x0018,0x0000,0x0000}, /* U+B760 */
    {0x0000,0x0000,0x0018,0x0018,0x7bd8,0x4218,0x4218,0x4218,0x4218,0x7bf8,0x0018,0x0018,0x1018,0x1000,0x1000,0x1ff8,0x0000,0x0000}, /* U+B764 */
    {0x0000,0x0000,0x0018,0xf398,0xc618,0xc618,0xc618,0xc618,0xf7d8,0x0018,0x0000,0x1ff8,0x0018,0x3ff8,0x3000,0x3ff8,0x0000,0x0000}, /* U+B768 */
    {0x0000,0x0000,0x0018,0x7398,0x4618,0x4618,0x4618,0x4618,0x7fd8,0x7318,0x0000,0x3ff8,0x3018,0x3018,0x3018,0x3ff8,0x0000,0x0000}, /* U+B770 */
    {0x0000,0x0000,0x0018,0xf398,0xc618,0xc618,0xc618,0xc618,0xf7d8,0x0008,0x0000,0x3008,0x1ff8,0x1018,0x1018,0x3ff8,0x0000,0x0000}, /* U+B771 */
    {0x0000,0x0000,0x0018,0x7398,0x4618,0x4618,0x4618,0x4618,0x7e58,0x73d8,0x0018,0x0118,0x0380,0x06c0,0x0c70,0x3818,0x0000,0x0000}, /* U+B773 */
    {0x0000,0x0000,0x0018,0x7398,0x4618,0x4618,0x4618,0x4618,0x7e48,0x77d8,0x0018,0x0fe0,0x1870,0x3018,0x3018,0x1ff0,0x0000,0x0000}, /* U+B775 */
    {0x0000,0x0000,0x0010,0xff10,0x0310,0x0310,0x0310,0xff10,0xc01c,0xc010,0xc010,0xc090,0xff90,0x0010,0x0010,0x0010,0x0000,0x0000}, /* U+B77C */
    {0x0000,0x0010,0x0010,0x7f10,0x0110,0x0310,0xff1c,0xc01c,0xc010,0xff90,0x0010,0x3fe0,0x3ff0,0x0010,0x0010,0x0010,0x0000,0x0000}, /* U+B77D */
    {0x0000,0x0000,0x0010,0x7e10,0x0310,0x0310,0x7f10,0xfe1c,0xc01c,0xc010,0xff90,0x0010,0x3010,0x3000,0x3000,0x3ff8,0x0000,0x0000}, /* U+B780 */
    {0x0000,0x0010,0x7e10,0x7f10,0x0310,0x7f10,0xfe1c,0xc010,0xff90,0x7810,0x0000,0x3ff0,0x0010,0x3ff0,0x2000,0x3ff0,0x0000,0x0000}, /* U+B784 */
    {0x0000,0x0010,0x7e10,0x7f10,0x0110,0x0310,0xff1c,0xc010,0xc010,0xff90,0x4010,0x3ff0,0x3010,0x2010,0x3010,0x3ff0,0x0000,0x0000}, /* U+B78C */
    {0x0000,0x0010,0x0010,0xff10,0x0110,0x7f10,0xfe1c,0xc010,0xc190,0x7f90,0x0000,0x3010,0x3ff0,0x3010,0x3010,0x3ff0,0x0000,0x0000}, /* U+B78D */
    {0x0000,0x0010,0x0010,0x7f10,0x0110,0x0310,0x7f10,0x401c,0x4010,0x7fd0,0x7f10,0x0110,0x0300,0x0680,0x0c60,0x3038,0x0000,0x0000}, /* U+B78F */
    {0x0000,0x0010,0x7e10,0xfe10,0x0210,0x0210,0xfe1c,0xc01c,0xc090,0xff90,0x0010,0x0c20,0x0c20,0x1e70,0x32d8,0x618c,0x0000,0x0000}, /* U+B790 */
    {0x0000,0x0010,0x0010,0x7e10,0x0310,0x0310,0x7e10,0x401c,0x4010,0x7f90,0x6010,0x0fc0,0x3870,0x2010,0x3010,0x1fe0,0x0000,0x0000}, /* U+B791 */
    {0x0000,0x0010,0x0010,0xff10,0x0310,0x0310,0xff1c,0xc01c,0xc190,0x7f90,0x0000,0x3ff0,0x0100,0x0380,0x0ce0,0x3838,0x0000,0x0000}, /* U+B792 */
    {0x0000,0x0010,0x0010,0xff10,0x0310,0x0310,0xff1c,0xc010,0xc190,0xff90,0x0000,0x1ff0,0x0000,0x0c40,0x0c40,0x3ff8,0x0000,0x0000}, /* U+B796 */
    {0x0000,0x0000,0x0010,0xfe10,0x0210,0x7e10,0xc01c,0x8010,0xff90,0x0010,0x0780,0x0000,0x3ff0,0x0fc0,0x1060,0x1840,0x0000,0x0000}, /* U+B797 */
    {0x0000,0x0008,0x0048,0x0048,0x7e48,0x0648,0x0248,0x7e48,0x7c78,0x4048,0x4048,0x4148,0x7e48,0x0048,0x0048,0x0048,0x0000,0x0000}, /* U+B798 */
    {0x0000,0x0008,0x0048,0x7e48,0x0248,0x0648,0x7e78,0x4048,0x4048,0x7f48,0x0048,0x3ff8,0x0008,0x0008,0x0008,0x0008,0x0000,0x0000}, /* U+B799 */
    {0x0000,0x0000,0x0048,0x7e48,0x7e48,0x0248,0x0648,0x7e78,0x4078,0x4048,0x7f48,0x7048,0x1048,0x1000,0x1000,0x1ffc,0x0000,0x0000}, /* U+B79C */
    {0x0000,0x0000,0x0048,0x7e48,0x0248,0x0248,0x7e78,0x4078,0x4348,0x7f48,0x0048,0x1ff8,0x0008,0x1ff8,0x1000,0x1ff8,0x0000,0x0000}, /* U+B7A0 */
    {0x0000,0x0000,0x0048,0x7e48,0x0248,0x0648,0x7e78,0x4078,0x4048,0x7f48,0x0048,0x1ff8,0x1808,0x1008,0x1808,0x1ff8,0x0000,0x0000}, /* U+B7A8 */
    {0x0000,0x0000,0x0048,0x7e48,0x0248,0x0648,0x7e78,0x4048,0x4048,0x7e48,0x0008,0x1808,0x0ff8,0x0808,0x0808,0x0ff8,0x0000,0x0000}, /* U+B7A9 */
    {0x0000,0x0000,0x0048,0x7e48,0x0648,0x0648,0x7e48,0x4078,0x4048,0x4648,0x7c48,0x0088,0x01c0,0x0360,0x0630,0x181c,0x0000,0x0000}, /* U+B7AB */
    {0x0000,0x0000,0x0048,0x7e48,0x0648,0x0648,0x7e78,0x4078,0x4048,0x7f48,0x7048,0x0410,0x0c30,0x0e38,0x136c,0x60c4,0x0000,0x0000}, /* U+B7AC */
    {0x0000,0x0000,0x0048,0x7e48,0x0248,0x0648,0x7e78,0x4078,0x4048,0x7f48,0x7c48,0x07e0,0x1c38,0x1008,0x1008,0x0ff0,0x0000,0x0000}, /* U+B7AD */
    {0x0000,0x0010,0x0010,0x7e10,0x7f10,0x0110,0x011c,0x7f10,0x7e10,0x4010,0x4010,0x40dc,0x7f90,0x0010,0x0010,0x0010,0x0000,0x0000}, /* U+B7B4 */
    {0x0000,0x0010,0x0010,0xfe10,0x0210,0x021c,0xfe10,0xc01c,0xc01c,0xff90,0x0010,0x7ff0,0x0030,0x0010,0x0010,0x0010,0x0000,0x0000}, /* U+B7B5 */
    {0x0000,0x0010,0x0010,0x7f10,0x0110,0x011c,0x7f10,0x4010,0x401c,0x419c,0x7f90,0x0010,0x3010,0x3000,0x2000,0x3ff0,0x0000,0x0000}, /* U+B7B8 */
    {0x0000,0x0010,0x0010,0xff10,0x0310,0x031c,0xff10,0xc010,0xc01c,0xff90,0x0010,0x0110,0x0300,0x0680,0x0c60,0x3038,0x0000,0x0000}, /* U+B7C7 */
    {0x0000,0x0010,0x0010,0xff10,0x0310,0x031c,0x7f10,0xc010,0xc010,0xc39c,0x7c10,0x0000,0x1fe0,0x2010,0x2010,0x1ff0,0x0000,0x0000}, /* U+B7C9 */
    {0x0000,0x0000,0x0018,0x7e18,0x0218,0x0218,0x0218,0x7e18,0x40f8,0x4018,0x4018,0x4018,0x7f18,0x0018,0x0018,0x0018,0x0000,0x0000}, /* U+B7EC */
    {0x0000,0x0000,0x7e18,0x7e18,0x0218,0x0218,0x7ef8,0x4018,0x4018,0x7f98,0x0000,0x1ff0,0x0018,0x0018,0x0018,0x0018,0x0000,0x0000}, /* U+B7ED */
    {0x0000,0x0000,0x0018,0x7e18,0x0318,0x0318,0x7f18,0x7e78,0x4018,0x4018,0x7f98,0x0018,0x1018,0x1000,0x1000,0x1ff8,0x0000,0x0000}, /* U+B7F0 */
    {0x0000,0x0000,0x0018,0x7f18,0x0118,0x7f78,0x4078,0x4018,0x7f18,0x0000,0x1ff0,0x0018,0x0018,0x3ff8,0x3000,0x3ff8,0x0000,0x0000}, /* U+B7F4 */
    {0x0000,0x0000,0x0018,0x7e18,0x0218,0x0218,0x7e78,0x4018,0x4018,0x7f98,0x0000,0x1ff0,0x1018,0x1018,0x1018,0x1ff8,0x0000,0x0000}, /* U+B7FC */
    {0x0000,0x0000,0x0018,0x7e18,0x0218,0x0218,0x7e78,0x4018,0x4018,0x7f88,0x1000,0x1018,0x1ff8,0x1018,0x1018,0x1ff8,0x0000,0x0000}, /* U+B7FD */
    {0x0000,0x0000,0x0018,0x7f18,0x0318,0x0318,0x7ef8,0x4018,0x4018,0x7f18,0x0018,0x0118,0x0380,0x06c0,0x0c60,0x3838,0x0000,0x0000}, /* U+B7FF */
    {0x0000,0x0000,0x7e18,0x7f18,0x0318,0x0318,0x7f78,0x4018,0x4018,0x7f18,0x0400,0x0c30,0x0c30,0x1e70,0x32d8,0x618c,0x0000,0x0000}, /* U+B800 */
    {0x0000,0x0000,0x7e18,0x7f18,0x0118,0x0318,0x7f78,0x4018,0x4018,0x7f18,0x0008,0x0fe0,0x1870,0x3018,0x1018,0x0ff0,0x0000,0x0000}, /* U+B801 */
    {0x0000,0x0000,0x7f18,0x0318,0x0318,0x7f78,0x4018,0x4018,0x7f18,0x0008,0x07c0,0x3ff8,0x07c0,0x0fe0,0x1830,0x0fe0,0x0000,0x0000}, /* U+B807 */
    {0x0000,0x0000,0x0048,0x0068,0x7c68,0x0668,0x0468,0x7e68,0x7dc8,0x4068,0x4068,0x4068,0x7e68,0x0068,0x0068,0x0008,0x0000,0x0000}, /* U+B808 */
    {0x0000,0x0008,0x0048,0x7e48,0x0248,0x0648,0x7e48,0x41c8,0x4048,0x7f48,0x0048,0x3ff8,0x0008,0x0008,0x0008,0x0008,0x0000,0x0000}, /* U+B809 */
    {0x0000,0x0008,0x0068,0x7e68,0x0668,0x0668,0x7e68,0x7de8,0x4068,0x4068,0x7e68,0x0068,0x1008,0x1000,0x1000,0x1ffc,0x0000,0x0000}, /* U+B80C */
    {0x0000,0x0000,0x0048,0x7e48,0x0248,0x0248,0x7e48,0x41c8,0x4048,0x7f48,0x1e48,0x1ff8,0x0008,0x1ff8,0x1800,0x1ffc,0x0000,0x0000}, /* U+B810 */
    {0x0000,0x0008,0x0048,0x7e48,0x0248,0x0648,0x7fc8,0x41c8,0x4048,0x7f48,0x0048,0x1ff8,0x1808,0x1008,0x1008,0x1ff8,0x0000,0x0000}, /* U+B818 */
    {0x0000,0x0008,0x0048,0x7e48,0x0248,0x0648,0x7fc8,0x40c8,0x4048,0x7f48,0x1008,0x1808,0x1ff8,0x1808,0x1808,0x1ff8,0x0000,0x0000}, /* U+B819 */
    {0x0000,0x0008,0x0068,0x7e68,0x0668,0x0668,0x7e68,0x41c8,0x4068,0x4e68,0x7c48,0x0088,0x01c0,0x0360,0x0638,0x181c,0x0000,0x0000}, /* U+B81B */
    {0x0000,0x0008,0x0048,0x7e48,0x0248,0x0648,0x7e48,0x41c8,0x4048,0x7f48,0x0008,0x07e0,0x1c38,0x1008,0x1008,0x0ff0,0x0000,0x0000}, /* U+B81D */
    {0x0000,0x0000,0x0018,0x7e18,0x7e18,0x0218,0x0218,0x7e78,0x7e18,0x4018,0x40f8,0x4018,0x7f18,0x0018,0x0018,0x0018,0x0000,0x0000}, /* U+B824 */
    {0x0000,0x0000,0x0018,0x7e18,0x0278,0x0278,0x7e18,0x40f8,0x4018,0xff18,0x0000,0x1ff0,0x0018,0x0018,0x0018,0x0018,0x0000,0x0000}, /* U+B825 */
    {0x0000,0x0000,0x0018,0x7e18,0x0318,0x0278,0x7f18,0x4018,0x4078,0x4078,0x7f18,0x0018,0x2018,0x3008,0x3000,0x3ff8,0x0000,0x0000}, /* U+B828 */
    {0x0000,0x0000,0x0018,0x7e18,0x0278,0x7e18,0x4018,0x40f8,0x7f18,0x7c18,0x1ff0,0x1f98,0x0018,0x3ff0,0x3000,0x3ff8,0x0000,0x0000}, /* U+B82C */
    {0x0000,0x0000,0x0018,0x7f18,0x0218,0x02f8,0x7e18,0x4078,0x4078,0x7f18,0x0000,0x1ff0,0x1018,0x1018,0x1018,0x1ff8,0x0000,0x0000}, /* U+B834 */
    {0x0000,0x0000,0x0018,0x7e18,0x0218,0x7e78,0x4018,0x40f8,0x4018,0x7e18,0x0000,0x3018,0x1ff8,0x1018,0x1018,0x3ff8,0x0000,0x0000}, /* U+B835 */
    {0x0000,0x0000,0x7e18,0x7f18,0x0318,0x02f8,0x7e18,0x4078,0x4078,0x7f18,0x0018,0x0198,0x0180,0x0240,0x0c30,0x1818,0x0000,0x0000}, /* U+B837 */
    {0x0000,0x0000,0x7e18,0x7e18,0x0278,0x0278,0x7e18,0x40f8,0x4018,0x7f18,0x0010,0x0430,0x0c30,0x1e30,0x3348,0x6084,0x0000,0x0000}, /* U+B838 */
    {0x0000,0x0000,0x0018,0x7e18,0x0218,0x02f8,0x7e18,0x4018,0x4078,0x7f18,0x0018,0x0fe0,0x3870,0x2018,0x3010,0x1fe0,0x0000,0x0000}, /* U+B839 */
    {0x0000,0x0008,0x0068,0x7c48,0x7c48,0x0448,0x07c8,0x7c48,0x4048,0x41c8,0x41c8,0x7e48,0x7848,0x0048,0x0068,0x0008,0x0000,0x0000}, /* U+B840 */
    {0x0000,0x0000,0x0068,0x7e68,0x0668,0x07e8,0x7e68,0x7c68,0x41e8,0x4068,0x7e68,0x0068,0x1008,0x1000,0x1000,0x1ffc,0x0000,0x0000}, /* U+B844 */
    {0x0000,0x0000,0x0068,0x7e68,0x0648,0x07c8,0x7c68,0x41c8,0x4048,0x7e48,0x4800,0x0808,0x0ff8,0x0808,0x0808,0x0ff8,0x0000,0x0000}, /* U+B851 */
    {0x0000,0x0000,0x0068,0x7e68,0x0668,0x07e8,0x7e68,0x60e8,0x40e8,0x4668,0x7e68,0x0088,0x01c0,0x0360,0x0638,0x180c,0x0000,0x0000}, /* U+B853 */
    {0x0000,0x0000,0x0000,0x3ff0,0x0030,0x0010,0x3ff0,0x2000,0x2000,0x2000,0x3ff0,0x0300,0x0300,0xfffc,0xfffc,0x0000,0x0000,0x0000}, /* U+B85C */
    {0x0000,0x0000,0x3ff0,0x0010,0x1ff0,0x3000,0x2000,0x3ff0,0x0300,0xfffc,0x0000,0x3fe0,0x3ff0,0x0030,0x0030,0x0030,0x0000,0x0000}, /* U+B85D */
    {0x0000,0x0000,0x3fe0,0x0030,0x0030,0x3fe0,0x2000,0x3ff0,0x0300,0x0300,0xfffc,0x3000,0x3000,0x3000,0x3010,0x1ff8,0x0000,0x0000}, /* U+B860 */
    {0x0000,0x0000,0x3ff0,0x0010,0x3ff0,0x2000,0x3ff0,0x0300,0x0300,0xfffc,0x0000,0x1ff0,0x0010,0x3ff0,0x3000,0x3ff8,0x0000,0x0000}, /* U+B864 */
    {0x0000,0x0000,0x3ff0,0x0010,0x3ff0,0x2000,0x3ff0,0x0300,0x0300,0xfffc,0x0000,0x1ff0,0x3010,0x3010,0x3010,0x3ff0,0x0000,0x0000}, /* U+B86C */
    {0x0000,0x0000,0x3ff0,0x0010,0x3ff0,0x2000,0x3ff0,0x3ff0,0x0200,0xfffc,0x3030,0x2010,0x3ff0,0x3010,0x2010,0x3ff0,0x0000,0x0000}, /* U+B86D */
    {0x0000,0x0000,0x3ff0,0x0010,0x3ff0,0x2000,0x3ff0,0x0300,0x0300,0xfffc,0x0000,0x0300,0x0780,0x0cc0,0x3878,0x6018,0x0000,0x0000}, /* U+B86F */
    {0x0000,0x0000,0x3ff0,0x0010,0x3ff0,0x2000,0x2000,0x3ff0,0x0300,0xfffc,0x0000,0x0fc0,0x3030,0x2010,0x3030,0x0fc0,0x0000,0x0000}, /* U+B871 */
    {0x0000,0x0000,0x0010,0x7f10,0x7f90,0x0190,0x7f10,0x4010,0x401c,0x7f90,0x0c10,0x0810,0xffd0,0x1f010,0x0010,0x0010,0x0000,0x0000}, /* U+B878 */
    {0x0000,0x0000,0x0010,0x7f10,0x0110,0x3f10,0x7f10,0x601c,0x7f90,0x0c10,0xffd0,0xe010,0x0010,0x3000,0x3000,0x3ff8,0x0000,0x0000}, /* U+B87C */
    {0x0000,0x0010,0x0010,0x7f10,0x0110,0x7f10,0x601c,0x7f9c,0x0c10,0xffd0,0xc010,0x0fc0,0x1870,0x2010,0x3030,0x1fe0,0x0000,0x0000}, /* U+B88D */
    {0x0000,0x0000,0x3e48,0x3f48,0x0348,0x7e48,0x6078,0x7f78,0x0848,0xffc8,0x0008,0x0420,0x0c20,0x0e70,0x1ad8,0x3188,0x0000,0x0000}, /* U+B8A8 */
    {0x0000,0x0000,0x0018,0x3f98,0x3f98,0x0098,0x3f98,0x6018,0x6018,0x7fd8,0x0418,0x0418,0xfff8,0x0018,0x0018,0x0018,0x0000,0x0000}, /* U+B8B0 */
    {0x0000,0x0000,0x0018,0x3f98,0x0098,0x3f98,0x2018,0x2018,0x3fd8,0x0418,0x7ff8,0x7818,0x1018,0x1800,0x1000,0x1ffc,0x0000,0x0000}, /* U+B8B4 */
    {0x0000,0x0000,0x3f18,0x0198,0x0198,0x3f18,0x2018,0x3f98,0x0418,0xfff8,0x0000,0x1ff8,0x0018,0x1ff8,0x1000,0x1ff8,0x1ff8,0x0000}, /* U+B8B8 */
    {0x0000,0x0000,0x0018,0x3f98,0x0198,0x3f18,0x2018,0x3f98,0x0418,0xffd8,0x0000,0x1ff8,0x1018,0x1018,0x1818,0x1ff8,0x0000,0x0000}, /* U+B8C0 */
    {0x0000,0x0000,0x3f18,0x3f98,0x0198,0x7f18,0x6018,0x3f98,0x0418,0xfff8,0x0000,0x1018,0x1ff8,0x1818,0x1818,0x1ff8,0x0000,0x0000}, /* U+B8C1 */
    {0x0000,0x0000,0x3f18,0x3f98,0x0198,0x7f18,0x6018,0x7f98,0x0418,0xfff8,0xfb98,0x0080,0x01c0,0x0140,0x0630,0x1c18,0x0000,0x0000}, /* U+B8C3 */
    {0x0000,0x0000,0x0018,0x3f98,0x0198,0x3f98,0x6018,0x3f98,0x0418,0xfff8,0x0018,0x07e0,0x1c30,0x1008,0x1818,0x0ff0,0x0000,0x0000}, /* U+B8C5 */
    {0x0000,0x0000,0x0000,0x3ff0,0x0010,0x0030,0x3ff0,0x2000,0x2000,0x3ff0,0x0840,0x08c0,0x08c0,0xfffc,0xfffc,0x0000,0x0000,0x0000}, /* U+B8CC */
    {0x0000,0x0000,0x3fe0,0x0030,0x0030,0x3fe0,0x2000,0x3ff0,0x0cc0,0x08c0,0xfffc,0x0000,0x3000,0x3000,0x3000,0x3ff8,0x0000,0x0000}, /* U+B8D0 */
    {0x0000,0x0000,0x3ff0,0x0010,0x3ff0,0x2000,0x3ff0,0x0cc0,0x0cc0,0xfffc,0x0000,0x3ff0,0x0010,0x3ff0,0x2000,0x3ff0,0x0000,0x0000}, /* U+B8D4 */
    {0x0000,0x0000,0x3ff0,0x0010,0x3ff0,0x2000,0x3000,0x1ff0,0x0cc0,0xfffc,0x0010,0x3010,0x3ff0,0x3010,0x3010,0x3ff0,0x0000,0x0000}, /* U+B8DD */
    {0x0000,0x0000,0x3ff0,0x0010,0x3ff0,0x2000,0x3ff0,0x3ff0,0x0c40,0xfffc,0x0300,0x0300,0x0780,0x0cc0,0x3878,0x6018,0x0000,0x0000}, /* U+B8DF */
    {0x0000,0x0000,0x3ff0,0x0010,0x1ff0,0x3000,0x3000,0x3ff0,0x0480,0xfffc,0x0000,0x0380,0x3870,0x2010,0x3030,0x0fe0,0x0000,0x0000}, /* U+B8E1 */
    {0x0000,0x0000,0x3ff0,0x0010,0x3ff0,0x3fe0,0x2000,0x3ff0,0x0000,0xfffc,0xfffc,0x0300,0x0300,0x0300,0x0300,0x0300,0x0000,0x0000}, /* U+B8E8 */
    {0x0000,0x0000,0x3ff0,0x0030,0x3ff0,0x2000,0x3ff0,0x1ff0,0x0000,0xfffc,0x0300,0x3fe0,0x3ff0,0x0010,0x0030,0x0030,0x0000,0x0000}, /* U+B8E9 */
    {0x0000,0x0000,0x3ff0,0x0010,0x3ff0,0x2000,0x3000,0x3ff0,0x0000,0xfffc,0x0300,0x0100,0x3300,0x3000,0x3000,0x3ff8,0x0000,0x0000}, /* U+B8EC */
    {0x0000,0x0000,0x3ff0,0x0030,0x3ff0,0x2000,0x3000,0x1fe0,0xfdfc,0x0300,0x0300,0x3ff0,0x0010,0x3ff0,0x3000,0x3ff0,0x0000,0x0000}, /* U+B8F0 */
    {0x0000,0x0000,0x3ff0,0x0030,0x3ff0,0x2000,0x3ff0,0x0000,0x0000,0xfffc,0x0300,0x3ff0,0x3030,0x2010,0x3ff0,0x3ff0,0x0000,0x0000}, /* U+B8F8 */
    {0x0000,0x0000,0x3ff0,0x0030,0x3ff0,0x2000,0x3ff0,0x0000,0xfffc,0xfffc,0x0300,0x3010,0x3ff0,0x3010,0x3030,0x3ff0,0x0000,0x0000}, /* U+B8F9 */
    {0x0000,0x0000,0x3ff0,0x0030,0x3ff0,0x2000,0x3ff0,0x1ff0,0x0000,0xfffc,0x0300,0x0300,0x0300,0x0580,0x18e0,0x7030,0x0000,0x0000}, /* U+B8FB */
    {0x0000,0x0000,0x3ff0,0x0010,0x1ff0,0x3000,0x3ff0,0x1ff0,0x0000,0xfffc,0x0300,0x0fc0,0x3870,0x2010,0x3030,0x1fe0,0x0000,0x0000}, /* U+B8FD */
    {0x0000,0x0000,0x0018,0x3f98,0x0098,0x3f98,0x6018,0x6018,0x3f98,0x0018,0xffd8,0x0418,0x04f8,0x0418,0x0418,0x0418,0x0000,0x0000}, /* U+B904 */
    {0x0000,0x0000,0x3f18,0x3f98,0x1f98,0x7f18,0x7f98,0x0018,0xffd8,0x8c18,0x0c78,0x0018,0x0420,0x0e70,0x0b58,0x308c,0x0000,0x0000}, /* U+B918 */
    {0x0000,0x0008,0x0068,0x7f68,0x0168,0x3f68,0x6068,0x4068,0x7f68,0x0068,0xff68,0x0868,0x09e8,0x0868,0x0868,0x000c,0x0000,0x0000}, /* U+B920 */
    {0x0000,0x0000,0x0018,0x3f98,0x0098,0x3f98,0x6018,0x6018,0x3f98,0x0018,0xfff8,0x0418,0x0418,0x0418,0x0418,0x0418,0x0000,0x0000}, /* U+B93C */
    {0x0000,0x0000,0x3f98,0x0198,0x3f98,0x6018,0x7f98,0x0018,0x00d8,0xffd8,0x0400,0x3ff0,0x0018,0x0018,0x0018,0x0018,0x0000,0x0000}, /* U+B93D */
    {0x0000,0x0000,0x0018,0x7f98,0x0198,0x7f98,0x6018,0x7f98,0x0018,0xffd8,0x4c18,0x0418,0x0418,0x3400,0x3000,0x3ff8,0x0000,0x0000}, /* U+B940 */
    {0x0000,0x0000,0x3f98,0x0198,0x3f98,0x6018,0x7f98,0x3f98,0xfff8,0x0c18,0x0400,0x1ff8,0x0018,0x1ff8,0x1000,0x1ff8,0x0000,0x0000}, /* U+B944 */
    {0x0000,0x0000,0x3f98,0x0198,0x3f98,0x6018,0x7f98,0x3f18,0xffd8,0x0c18,0x0018,0x1ff0,0x1818,0x1018,0x1818,0x1ff8,0x0000,0x0000}, /* U+B94C */
    {0x0000,0x0000,0x3f98,0x0198,0x3f98,0x3f18,0x6098,0x3f98,0x1bf8,0xff18,0x0418,0x0598,0x0180,0x02c0,0x0c60,0x3838,0x0000,0x0000}, /* U+B94F */
    {0x0000,0x0000,0x3f18,0x0198,0x3f98,0x6018,0x7f98,0x3f18,0x0018,0xffd8,0x0c18,0x07e0,0x1c30,0x1018,0x1818,0x0ff0,0x0000,0x0000}, /* U+B951 */
    {0x0000,0x0000,0x1ff0,0x0010,0x3ff0,0x3000,0x3ff0,0x1ff0,0x0000,0xfffc,0x0840,0x0840,0x0840,0x0840,0x0840,0x0840,0x0000,0x0000}, /* U+B958 */
    {0x0000,0x0000,0x3ff0,0x0030,0x3ff0,0x2000,0x3ff0,0x0000,0xfffc,0xfffc,0x0840,0x3fe0,0x0030,0x0030,0x0030,0x0030,0x0000,0x0000}, /* U+B959 */
    {0x0000,0x0000,0x3ff0,0x0030,0x1ff0,0x3000,0x3000,0x1ff0,0x0000,0xfffc,0x0c40,0x0c40,0x2c40,0x2000,0x2000,0x3ff0,0x0000,0x0000}, /* U+B95C */
    {0x0000,0x0000,0x3ff0,0x0030,0x3ff0,0x2000,0x3ff0,0x0000,0xfffc,0x0cc0,0x0cc0,0x3fb0,0x0030,0x3fe0,0x3000,0x3ff0,0x0000,0x0000}, /* U+B960 */
    {0x0000,0x0000,0x3ff0,0x0010,0x3ff0,0x2000,0x3ff0,0x0000,0xfffc,0x0840,0x0840,0x3ff0,0x2030,0x2010,0x3ff0,0x3ff0,0x0000,0x0000}, /* U+B968 */
    {0x0000,0x0000,0x3ff0,0x0030,0x3ff0,0x2000,0x3ff0,0x0000,0xfffc,0x0cc0,0x2810,0x3030,0x3ff0,0x2030,0x3ff0,0x3ff0,0x0000,0x0000}, /* U+B969 */
    {0x0000,0x0000,0x3ff0,0x0030,0x3ff0,0x2000,0x3ff0,0x0000,0x0000,0xfffc,0x0840,0x0a40,0x0300,0x0580,0x18e0,0x7030,0x0000,0x0000}, /* U+B96B */
    {0x0000,0x0000,0x3ff0,0x0010,0x3ff0,0x2000,0x3ff0,0x0000,0x0000,0xfffc,0x0840,0x0fc0,0x3060,0x2010,0x3030,0x1fe0,0x0000,0x0000}, /* U+B96D */
    {0x0000,0x0000,0x0000,0x3fe0,0x0030,0x0010,0x3ff0,0x3000,0x2000,0x3ff0,0x0000,0x0000,0x0000,0xfffc,0x0000,0x0000,0x0000,0x0000}, /* U+B974 */
    {0x0000,0x0000,0x3ff0,0x0010,0x3ff0,0x2000,0x3ff0,0x3ff0,0x0000,0xfffc,0x0000,0x3ff0,0x0030,0x0030,0x0030,0x0030,0x0000,0x0000}, /* U+B975 */
    {0x0000,0x0000,0x3ff0,0x0030,0x0030,0x3fe0,0x2000,0x3ff0,0x0000,0xfffc,0xfffc,0x0000,0x3000,0x3000,0x3ff0,0x0030,0x0000,0x0000}, /* U+B978 */
    {0x0000,0x0000,0x3ff0,0x0010,0x3ff0,0x2000,0x3ff0,0x0000,0xfffc,0x0000,0x1fe0,0x0030,0x1ff0,0x3000,0x3000,0x3ff0,0x0000,0x0000}, /* U+B97C */
    {0x0000,0x0000,0x3ff0,0x0010,0x3ff0,0x2000,0x3ff0,0x0000,0x0000,0xfffc,0x0000,0x3ff0,0x3010,0x2010,0x3ff0,0x3010,0x0000,0x0000}, /* U+B984 */
    {0x0000,0x0000,0x3ff0,0x0010,0x3ff0,0x2000,0x3ff0,0x0000,0x0000,0xfffc,0x0010,0x3010,0x3ff0,0x3010,0x3ff0,0x3ff0,0x0000,0x0000}, /* U+B985 */
    {0x0000,0x0000,0x3ff0,0x0010,0x3ff0,0x3000,0x2000,0x3ff0,0x0000,0xfffc,0x0000,0x0300,0x0300,0x0480,0x1870,0x3010,0x0000,0x0000}, /* U+B987 */
    {0x0000,0x0000,0x3ff0,0x0010,0x1ff0,0x3fe0,0x2000,0x3ff0,0x0000,0xfffc,0x0000,0x0fc0,0x3030,0x2018,0x3030,0x0fc0,0x0000,0x0000}, /* U+B989 */
    {0x0000,0x0000,0x3ff0,0x0010,0x3ff0,0x3000,0x3000,0x1fe0,0x0000,0xfffc,0x0000,0x3ff0,0x0300,0x0780,0x1c70,0x3030,0x0000,0x0000}, /* U+B98A */
    {0x0000,0x0000,0x3ff0,0x0010,0x3ff0,0x2000,0x3ff0,0x0000,0xfffc,0x0000,0x1fe0,0x3000,0x3fe0,0x3000,0x3000,0x3ff0,0x0000,0x0000}, /* U+B98D */
    {0x0000,0x0000,0x3ff0,0x0010,0x1ff0,0x3000,0x3000,0x1ff0,0x0000,0xfffc,0x0000,0x3ff0,0x0840,0x0840,0x0cc0,0x7ff8,0x0000,0x0000}, /* U+B98E */
    {0x0000,0x0000,0x0018,0x7e18,0x7f18,0x0118,0x0118,0x0318,0xff18,0xc018,0xc018,0xc018,0xffd8,0x7e18,0x0018,0x0018,0x0000,0x0000}, /* U+B9AC */
    {0x0000,0x0000,0x0018,0x7f18,0x0118,0x7f18,0x7f18,0x4018,0x4018,0x7fd8,0x0000,0x3ff8,0x0018,0x0018,0x0018,0x0018,0x0000,0x0000}, /* U+B9AD */
    {0x0000,0x0000,0x0018,0x7f18,0x7f18,0x0118,0x0318,0x7f18,0x4018,0x4018,0x7f98,0x0018,0x0018,0x1000,0x1000,0x1ff8,0x0000,0x0000}, /* U+B9B0 */
    {0x0000,0x0000,0x0018,0x7f18,0x0118,0x0318,0x7f18,0x4018,0x4098,0x7f98,0x0000,0x1ff8,0x0018,0x3ff8,0x3000,0x3ff8,0x0000,0x0000}, /* U+B9B4 */
    {0x0000,0x0000,0x0018,0x7f18,0x0118,0x0318,0x7f18,0x4018,0x4018,0x7fd8,0x0000,0x1ff8,0x1018,0x1018,0x1018,0x1ff8,0x0000,0x0000}, /* U+B9BC */
    {0x0000,0x0000,0x0018,0x7f18,0x0118,0x0318,0x7f18,0x4018,0x4198,0x7f18,0x0000,0x1018,0x1ff8,0x1018,0x1018,0x1ff8,0x0000,0x0000}, /* U+B9BD */
    {0x0000,0x0000,0x0018,0x7f18,0x0318,0x0318,0x7f18,0x6018,0x4018,0x7fd8,0x7818,0x0198,0x0180,0x03c0,0x0e70,0x3818,0x0000,0x0000}, /* U+B9BF */
    {0x0000,0x0000,0x7f18,0x7f18,0x0118,0x0318,0x7f18,0x4018,0x4018,0x7fd8,0x0018,0x0fe0,0x3c70,0x2018,0x3018,0x1ff0,0x0000,0x0000}, /* U+B9C1 */
    {0x0000,0x0010,0x0010,0x0010,0xfe10,0xc310,0xc310,0xc310,0xc31c,0xc31c,0xc310,0xfe10,0x0010,0x0010,0x0010,0x0010,0x0000,0x0000}, /* U+B9C8 */
    {0x0000,0x0010,0x0010,0xff10,0xc310,0xc310,0xc31c,0xc310,0xfe10,0x0010,0x0000,0x3ff0,0x0010,0x0010,0x0010,0x0010,0x0000,0x0000}, /* U+B9C9 */
    {0x0000,0x0000,0x0010,0x7e10,0xff10,0xc310,0xc310,0xc31c,0xc310,0xff10,0x0010,0x0010,0x2010,0x2000,0x3000,0x3ff8,0x0000,0x0000}, /* U+B9CC */
    {0x0000,0x0000,0x7e10,0xff10,0xc310,0xc310,0xc31c,0xff10,0x7e10,0x00e0,0x60e0,0x63f8,0x60e0,0x6110,0x6f18,0x7df0,0x0000,0x0000}, /* U+B9CE */
    {0x0000,0x0010,0x0010,0xfe10,0xc210,0xc210,0xc210,0xc21c,0xfe10,0x0010,0x0010,0x3ff0,0x3000,0x2000,0x3000,0x3ff8,0x0000,0x0000}, /* U+B9CF */
    {0x0000,0x0000,0x0010,0x7e10,0xc310,0xc310,0xc31c,0xc310,0x7f10,0x0010,0x0000,0x3ff0,0x0010,0x3ff0,0x3000,0x3ff0,0x0000,0x0000}, /* U+B9D0 */
    {0x0000,0x0010,0x0010,0xff10,0xc310,0xc31c,0xc31c,0xff10,0x7e10,0x0000,0x7df0,0x0410,0x3c10,0x7c10,0x4010,0x7e10,0x0000,0x0000}, /* U+B9D1 */
    {0x0000,0x0010,0x0010,0xff10,0xc310,0xc31c,0xc31c,0xff10,0x7e10,0x0000,0x7df0,0x0510,0x3d10,0x7d10,0x4190,0x7df0,0x0000,0x0000}, /* U+B9D2 */
    {0x0000,0x0010,0x0010,0xff10,0xc310,0xc310,0xc31c,0xc310,0xff10,0x0010,0x0000,0x3ff0,0x3010,0x3010,0x3010,0x3ff0,0x0000,0x0000}, /* U+B9D8 */
    {0x0000,0x0010,0x0010,0xff10,0xc310,0xc310,0xc31c,0xc310,0xff10,0x0000,0x3010,0x3030,0x1ff0,0x3010,0x3030,0x3ff0,0x0000,0x0000}, /* U+B9D9 */
    {0x0000,0x0010,0x0010,0x7e10,0xc310,0xc310,0xc31c,0xc31c,0xff10,0x7e10,0x0110,0x0100,0x0380,0x06c0,0x0c70,0x3818,0x0000,0x0000}, /* U+B9DB */
    {0x0000,0x0010,0x0010,0x7f10,0x4310,0x4310,0x431c,0x4310,0x4310,0x7e10,0x0010,0x1fe0,0x3030,0x2018,0x3030,0x1fe0,0x0000,0x0000}, /* U+B9DD */
    {0x0000,0x0010,0x0010,0xfe10,0xc210,0xc210,0xc21c,0xc210,0xfe10,0x0010,0x0000,0x3ff0,0x0300,0x0780,0x0cc0,0x3870,0x0000,0x0000}, /* U+B9DE */
    {0x0000,0x0010,0x0010,0xff10,0xc310,0xc310,0xc31c,0xff10,0x7e10,0x0000,0x1ff0,0x3000,0x3000,0x3ff0,0x2000,0x3ff0,0x0000,0x0000}, /* U+B9E1 */
    {0x0000,0x0010,0x0010,0xff10,0xc310,0xc310,0xc31c,0xc31c,0xff10,0x0010,0x0790,0x0480,0x3ff0,0x0fc0,0x1820,0x0fe0,0x0000,0x0000}, /* U+B9E3 */
    {0x0000,0x0008,0x004c,0x0048,0x7e48,0x4648,0x4648,0x4648,0x4678,0x4648,0x4648,0x7e48,0x0048,0x0048,0x0048,0x0008,0x0000,0x0000}, /* U+B9E4 */
    {0x0000,0x0008,0x0048,0x7e48,0x4648,0x4648,0x4678,0x4678,0x7e48,0x7c48,0x0048,0x1ff8,0x1ff8,0x0008,0x0008,0x0008,0x0000,0x0000}, /* U+B9E5 */
    {0x0000,0x0000,0x0048,0x0048,0x7e48,0x4248,0x4648,0x4678,0x4248,0x7e48,0x7c48,0x0048,0x1048,0x1000,0x1000,0x1ffc,0x0000,0x0000}, /* U+B9E8 */
    {0x0000,0x0008,0x004c,0x7e48,0x4648,0x4268,0x4278,0x4248,0x7e4c,0x0048,0x0ff8,0x0ffc,0x000c,0x1ff8,0x1800,0x1ffc,0x0008,0x0000}, /* U+B9EC */
    {0x0000,0x0008,0x004c,0x7e48,0x7e48,0x4248,0x4278,0x4278,0x4648,0x7e48,0x0000,0x0ff8,0x0808,0x0808,0x0808,0x0ff8,0x0000,0x0000}, /* U+B9F4 */
    {0x0000,0x0008,0x004c,0x7e48,0x4648,0x4268,0x4278,0x4248,0x7e4c,0x0008,0x0808,0x1808,0x1ff8,0x1808,0x1808,0x1ff8,0x0000,0x0000}, /* U+B9F5 */
    {0x0000,0x0000,0x0048,0x7e48,0x7e48,0x4248,0x4278,0x4278,0x6648,0x7e48,0x0048,0x0188,0x0180,0x02c0,0x0c70,0x3818,0x0000,0x0000}, /* U+B9F7 */
    {0x0000,0x0008,0x0048,0x7e48,0x6648,0x4248,0x4278,0x4248,0x7e48,0x7e48,0x0010,0x0430,0x0c30,0x0e38,0x1b4c,0x20c6,0x0000,0x0000}, /* U+B9F8 */
    {0x0000,0x0008,0x0048,0x7e48,0x4648,0x4248,0x4278,0x4278,0x4248,0x7e48,0x0008,0x03c0,0x1ff8,0x3008,0x1008,0x1ff0,0x0000,0x0000}, /* U+B9F9 */
    {0x0000,0x0008,0x0048,0x7e48,0x4648,0x4248,0x4278,0x4248,0x7e48,0x0048,0x0000,0x1ff8,0x0180,0x01c0,0x0670,0x1c1c,0x0000,0x0000}, /* U+B9FA */
    {0x0000,0x0000,0x0010,0x0010,0xfe10,0xc310,0xc31c,0xc31c,0xc310,0xc310,0xc310,0xfe1c,0x0010,0x0010,0x0010,0x0010,0x0000,0x0000}, /* U+BA00 */
    {0x0000,0x0000,0x0010,0xff10,0xc310,0xc31c,0xc310,0xc310,0xff1c,0x0010,0x0010,0x3ff0,0x0010,0x0010,0x0010,0x0010,0x0000,0x0000}, /* U+BA01 */
    {0x0000,0x0000,0x0010,0x7e10,0xc31c,0xc31c,0xc310,0xc310,0x7f1c,0x0010,0x0000,0x1ff0,0x0010,0x3ff0,0x3000,0x3ff0,0x0000,0x0000}, /* U+BA08 */
    {0x0000,0x0010,0x0010,0x7f10,0x4310,0x431c,0x4310,0x4310,0x7f1c,0x7e10,0x0010,0x1fe0,0x3030,0x2010,0x3030,0x1fe0,0x0000,0x0000}, /* U+BA15 */
    {0x0000,0x0000,0x0018,0x0018,0x7f18,0x7f18,0x4118,0x4318,0x43f8,0x4318,0x4318,0x7f18,0x4018,0x0018,0x0018,0x0018,0x0000,0x0000}, /* U+BA38 */
    {0x0000,0x0000,0x0018,0x7f18,0x4118,0x4378,0x4378,0x4118,0x7f18,0x0018,0x0000,0x3ff8,0x0018,0x0018,0x0018,0x0018,0x0000,0x0000}, /* U+BA39 */
    {0x0000,0x0000,0x0018,0x0018,0x7f18,0x4118,0x4318,0x43f8,0x4118,0x7f18,0x7e18,0x0018,0x3018,0x3000,0x3000,0x3ff8,0x0000,0x0000}, /* U+BA3C */
    {0x0000,0x0000,0x0018,0x7f18,0x4118,0x4378,0x4178,0x4318,0x7f18,0x0008,0x1ff0,0x0018,0x0018,0x3ff0,0x3000,0x3ff8,0x0000,0x0000}, /* U+BA40 */
    {0x0000,0x0000,0x0018,0x7f18,0x4118,0x4178,0x4178,0x4118,0x7f18,0x0008,0x3ef8,0x0698,0x0688,0x3e88,0x2098,0x3ff8,0x0000,0x0000}, /* U+BA42 */
    {0x0000,0x0000,0x0018,0x7f18,0x4318,0x4318,0x4378,0x4318,0x7f18,0x7e18,0x0008,0x1ff8,0x1018,0x1018,0x1018,0x1ff8,0x0000,0x0000}, /* U+BA48 */
    {0x0000,0x0000,0x0018,0x7f18,0x4318,0x4378,0x4378,0x4318,0x7f18,0x0008,0x0000,0x3018,0x1ff8,0x1018,0x1018,0x1ff8,0x0000,0x0000}, /* U+BA49 */
    {0x0000,0x0000,0x0018,0x7f18,0x4318,0x4318,0x4378,0x4318,0x4318,0x7f18,0x0018,0x0098,0x01c0,0x0360,0x0638,0x1c1c,0x0000,0x0000}, /* U+BA4B */
    {0x0000,0x0000,0x0018,0x7f18,0x4318,0x4318,0x4378,0x4318,0x4318,0x7f18,0x0018,0x0fc0,0x3870,0x2018,0x3018,0x1ff0,0x0000,0x0000}, /* U+BA4D */
    {0x0000,0x0000,0x0018,0x7f18,0x4318,0x4278,0x4278,0x4318,0x7f18,0x0018,0x0000,0x1ff8,0x0180,0x03c0,0x0660,0x3838,0x0000,0x0000}, /* U+BA4E */
    {0x0000,0x0000,0x0018,0x7f18,0x4118,0x4378,0x4178,0x4318,0x7f18,0x0018,0x03c0,0x1ff8,0x0000,0x07e0,0x0830,0x0e60,0x03c0,0x0000}, /* U+BA53 */
    {0x0000,0x0000,0x0048,0x0048,0x7e48,0x4648,0x4248,0x4248,0x43c8,0x4248,0x4248,0x7e48,0x0048,0x0048,0x004c,0x000c,0x0000,0x0000}, /* U+BA54 */
    {0x0000,0x0000,0x0048,0x7e48,0x4648,0x4648,0x47c8,0x4648,0x4648,0x7e48,0x0008,0x1ff8,0x0008,0x0008,0x0008,0x0008,0x0000,0x0000}, /* U+BA55 */
    {0x0000,0x0000,0x0048,0x0068,0x7e48,0x4248,0x4248,0x43c8,0x4248,0x4648,0x7e48,0x0068,0x104c,0x1800,0x1800,0x1ffc,0x0000,0x0000}, /* U+BA58 */
    {0x0000,0x0000,0x0068,0x7c68,0x7e48,0x4648,0x47c8,0x4648,0x7e68,0x0048,0x0000,0x0ff8,0x0008,0x1ff8,0x1800,0x1ffc,0x0000,0x0000}, /* U+BA5C */
    {0x0000,0x0000,0x0048,0x7e68,0x7e48,0x4248,0x43c8,0x4248,0x7e48,0x7e48,0x0048,0x0ff8,0x1808,0x1808,0x1808,0x1ff8,0x0000,0x0000}, /* U+BA64 */
    {0x0000,0x0000,0x0068,0x7c68,0x4668,0x4668,0x47c8,0x4668,0x7e68,0x0048,0x0808,0x0808,0x0ff8,0x0808,0x0808,0x0ff8,0x0000,0x0000}, /* U+BA65 */
    {0x0000,0x0000,0x0048,0x7e48,0x4648,0x4648,0x47c8,0x4648,0x4648,0x7e48,0x0048,0x0108,0x0380,0x06c0,0x0c60,0x3818,0x0000,0x0000}, /* U+BA67 */
    {0x0000,0x0000,0x0048,0x7c48,0x7e48,0x4648,0x47c8,0x4648,0x7e48,0x7c48,0x0038,0x0430,0x0c30,0x0e38,0x1b4c,0x31c4,0x0000,0x0000}, /* U+BA68 */
    {0x0000,0x0000,0x0048,0x7e68,0x7e48,0x4248,0x43c8,0x4248,0x7e48,0x7e68,0x0008,0x07e0,0x1c38,0x3008,0x1018,0x0ff0,0x0000,0x0000}, /* U+BA69 */
    {0x0000,0x0000,0x0018,0x0018,0x7e18,0x4218,0x42f8,0x4218,0x4218,0x4218,0x42f8,0x7e18,0x0018,0x0018,0x0018,0x0018,0x0000,0x0000}, /* U+BA70 */
    {0x0000,0x0000,0x0018,0x7f18,0x4178,0x4318,0x4318,0x41f8,0x7f18,0x0018,0x0000,0x3ff8,0x0018,0x0018,0x0018,0x0018,0x0000,0x0000}, /* U+BA71 */
    {0x0000,0x0000,0x0018,0x7e18,0x7f18,0x43f8,0x4318,0x4318,0x4378,0x7f78,0x0018,0x0018,0x3018,0x3000,0x3000,0x3ff8,0x0000,0x0000}, /* U+BA74 */
    {0x0000,0x0000,0x0018,0x7f18,0x4378,0x4378,0x4318,0x43f8,0x7f18,0x7e18,0x0000,0x1ff8,0x0018,0x1ff8,0x1000,0x1ff8,0x0000,0x0000}, /* U+BA78 */
    {0x0000,0x0000,0x0018,0x7f18,0x4318,0x43f8,0x4318,0x4318,0x43f8,0x7f18,0x0018,0x0098,0x0180,0x0360,0x0638,0x1c1c,0x0000,0x0000}, /* U+BA83 */
    {0x0000,0x0000,0x0018,0x7f18,0x43f8,0x4318,0x4318,0x43f8,0x4318,0x7f18,0x0010,0x0c10,0x0c30,0x1e38,0x336c,0x60c4,0x0000,0x0000}, /* U+BA84 */
    {0x0000,0x0000,0x0018,0x7f18,0x4378,0x4378,0x4318,0x4378,0x4378,0x7e18,0x0018,0x0fe0,0x3870,0x2018,0x3018,0x1ff0,0x0000,0x0000}, /* U+BA85 */
    {0x0000,0x0000,0x0018,0x7e18,0x42f8,0x4218,0x4218,0x7ef8,0x7e18,0x0018,0x07c0,0x0000,0x1ff8,0x0380,0x0660,0x3838,0x0000,0x0000}, /* U+BA87 */
    {0x0000,0x0000,0x0048,0x0048,0x7e48,0x4648,0x47c8,0x4648,0x4648,0x46c8,0x46c8,0x7e48,0x0048,0x0048,0x0048,0x0008,0x0000,0x0000}, /* U+BA8C */
    {0x0000,0x0000,0x0000,0x3ff0,0x2030,0x2030,0x2030,0x2030,0x3ff0,0x3fe0,0x0300,0x0300,0x0300,0xfffc,0x0000,0x0000,0x0000,0x0000}, /* U+BAA8 */
    {0x0000,0x0000,0x3ff0,0x2010,0x2010,0x3030,0x3ff0,0x0300,0x0300,0xfffc,0x0000,0x3ff0,0x0030,0x0010,0x0010,0x0010,0x0000,0x0000}, /* U+BAA9 */
    {0x0000,0x0000,0x3ff0,0x2010,0x2010,0x3ff0,0x3ff0,0x0300,0x0300,0xfffc,0x0000,0x7c60,0x0460,0x04f0,0x0498,0x0508,0x0000,0x0000}, /* U+BAAB */
    {0x0000,0x0000,0x3ff0,0x3030,0x2010,0x2010,0x3ff0,0x3fe0,0x0300,0xfffc,0x0000,0x0000,0x3000,0x2000,0x3ff0,0x1ff0,0x0000,0x0000}, /* U+BAAC */
    {0x0000,0x0000,0x3ff0,0x2030,0x2030,0x3030,0x3ff0,0x0200,0xfffc,0x0000,0x1fe0,0x1ff0,0x0030,0x3fe0,0x3000,0x3ff0,0x0000,0x0000}, /* U+BAB0 */
    {0x0000,0x0000,0x3ff0,0x3030,0x2030,0x3030,0x3ff0,0x0300,0xfffc,0x0000,0x3cf0,0x0698,0x3e98,0x2098,0x2198,0x3cf8,0x0000,0x0000}, /* U+BAB2 */
    {0x0000,0x0000,0x3ff0,0x3030,0x3030,0x3030,0x3ff0,0x0300,0x0300,0xfffc,0x0000,0x1ff0,0x3030,0x3010,0x3030,0x3ff0,0x0000,0x0000}, /* U+BAB8 */
    {0x0000,0x0000,0x3ff0,0x2010,0x2010,0x3030,0x3ff0,0x0300,0x0300,0xfffc,0x0000,0x3030,0x3ff0,0x3010,0x3030,0x3ff0,0x0000,0x0000}, /* U+BAB9 */
    {0x0000,0x0000,0x3ff0,0x2030,0x2030,0x2030,0x3ff0,0x0300,0x0300,0xfffc,0x0000,0x0300,0x0380,0x0cc0,0x3870,0x2010,0x0000,0x0000}, /* U+BABB */
    {0x0000,0x0000,0x3ff0,0x2030,0x2010,0x2030,0x3ff0,0x0300,0x0300,0xfffc,0x0000,0x1fe0,0x3030,0x2010,0x3030,0x1fe0,0x0000,0x0000}, /* U+BABD */
    {0x0000,0x0010,0x0010,0x0010,0x7f10,0x4110,0x4110,0x4110,0x7f1c,0x0c1c,0x0810,0x0810,0x1ffd0,0x0010,0x0010,0x0010,0x0000,0x0000}, /* U+BAC4 */
    {0x0000,0x0000,0x0010,0x7f10,0x4110,0x4110,0x4110,0x7f10,0x081c,0x0810,0xffd0,0x0010,0x0010,0x3010,0x3000,0x3ff8,0x0000,0x0000}, /* U+BAC8 */
    {0x0000,0x0010,0x3f10,0x6110,0x6110,0x6110,0x7f1c,0x0c1c,0x0810,0xffd0,0x0000,0x0420,0x0c20,0x0e70,0x1ad8,0x3188,0x0000,0x0000}, /* U+BAD8 */
    {0x0000,0x0010,0x3f10,0x7f10,0x6110,0x6110,0x7f10,0x0c1c,0x0c10,0xffd0,0x0010,0x0fc0,0x3870,0x2010,0x3030,0x1fe0,0x0000,0x0000}, /* U+BAD9 */
    {0x0000,0x0000,0x0018,0x0018,0x3f98,0x2098,0x2098,0x2098,0x3f98,0x0418,0x0418,0x0cf8,0xffd8,0x0018,0x0018,0x0018,0x0000,0x0000}, /* U+BAFC */
    {0x0000,0x0000,0x0018,0x7f98,0x6098,0x6098,0x6098,0x7f98,0x0418,0x0418,0xffd8,0x0018,0x0018,0x1000,0x1000,0x1ff8,0x0000,0x0000}, /* U+BB00 */
    {0x0000,0x0000,0x3f98,0x3f98,0x2098,0x2098,0x3f98,0x0418,0x07d8,0x7818,0x0000,0x1ff8,0x0018,0x1ff8,0x1000,0x1ff8,0x0000,0x0000}, /* U+BB04 */
    {0x0000,0x0000,0x3f98,0x2098,0x2098,0x2098,0x3f98,0x0418,0x7fd8,0x7808,0x1008,0x1018,0x1ff8,0x1018,0x1018,0x1ff8,0x0000,0x0000}, /* U+BB0D */
    {0x0000,0x0000,0x3f98,0x2198,0x2098,0x2198,0x3f98,0x0418,0x3fd8,0xff18,0x0018,0x0098,0x0180,0x0360,0x0630,0x181c,0x0000,0x0000}, /* U+BB0F */
    {0x0000,0x0000,0x3f98,0x3198,0x2098,0x2098,0x3f98,0x0418,0x0418,0xfff8,0x0018,0x07e0,0x1c30,0x1008,0x1818,0x0ff0,0x0000,0x0000}, /* U+BB11 */
    {0x0000,0x0000,0x0000,0x3ff0,0x2010,0x2010,0x2010,0x2010,0x3ff0,0x0000,0x0840,0x08c0,0x08c0,0xfffc,0x0000,0x0000,0x0000,0x0000}, /* U+BB18 */
    {0x0000,0x0000,0x3ff0,0x3030,0x2010,0x2010,0x3ff0,0x3ff0,0x0840,0xfffc,0xfffc,0x0000,0x3000,0x2000,0x3000,0x3ff0,0x0000,0x0000}, /* U+BB1C */
    {0x0000,0x0000,0x3ff0,0x2010,0x2010,0x2010,0x3ff0,0x08c0,0xfffc,0xfffc,0x3ff0,0x0030,0x0030,0x3ff0,0x3000,0x3ff0,0x0000,0x0000}, /* U+BB20 */
    {0x0000,0x0000,0x3ff0,0x2010,0x2010,0x2010,0x3ff0,0x08c0,0xfffc,0xfffc,0x2010,0x3ff0,0x3ff0,0x3030,0x3030,0x3ff0,0x0000,0x0000}, /* U+BB29 */
    {0x0000,0x0000,0x3ff0,0x2030,0x2030,0x3030,0x3ff0,0x0840,0x0c40,0xfffc,0x0000,0x0300,0x0380,0x06c0,0x1c70,0x3010,0x0000,0x0000}, /* U+BB2B */
    {0x0000,0x0000,0x3ff0,0x3030,0x2030,0x2030,0x3ff0,0x3fe0,0x0000,0xfffc,0xfffc,0x0300,0x0300,0x0300,0x0300,0x0300,0x0000,0x0000}, /* U+BB34 */
    {0x0000,0x0000,0x3ff0,0x2030,0x2030,0x3030,0x3ff0,0x0000,0xfffc,0x0300,0x0300,0x3fe0,0x3ff0,0x0010,0x0010,0x0010,0x0000,0x0000}, /* U+BB35 */
    {0x0000,0x0000,0x3ff0,0x2010,0x2010,0x3ff0,0x0000,0x0000,0xfffc,0x0300,0x3f80,0x3cf0,0x0410,0x0410,0x0410,0x0410,0x0000,0x0000}, /* U+BB36 */
    {0x0000,0x0000,0x3ff0,0x2030,0x2010,0x3030,0x3ff0,0x0000,0x0000,0xfffc,0x0300,0x0300,0x3300,0x2000,0x3000,0x3ff8,0x0000,0x0000}, /* U+BB38 */
    {0x0000,0x0000,0x3ff0,0x3030,0x2030,0x3030,0x3ff0,0x0000,0xfffc,0x0300,0x0300,0x3ff0,0x3000,0x2000,0x3000,0x3ff0,0x0000,0x0000}, /* U+BB3B */
    {0x0000,0x0000,0x3ff0,0x2030,0x2030,0x3ff0,0x0000,0x0000,0xfffc,0x0300,0x3fe0,0x0030,0x1ff0,0x3000,0x3000,0x3ff0,0x0000,0x0000}, /* U+BB3C */
    {0x0000,0x0000,0x3ff0,0x2010,0x2010,0x3ff0,0x0000,0xfffc,0xfffc,0x0300,0x3ce0,0x0430,0x1c10,0x2030,0x2030,0x3e30,0x0000,0x0000}, /* U+BB3D */
    {0x0000,0x0000,0x3ff0,0x2010,0x2010,0x3ff0,0x0000,0xfffc,0xfffc,0x0300,0x3cf8,0x0498,0x3c98,0x2098,0x20f8,0x3c90,0x0000,0x0000}, /* U+BB3E */
    {0x0000,0x0000,0x3ff0,0x3030,0x2030,0x3ff0,0x1fe0,0x0000,0xfffc,0x0300,0x0300,0x3ff0,0x3030,0x2010,0x3030,0x3ff0,0x0000,0x0000}, /* U+BB44 */
    {0x0000,0x0000,0x3ff0,0x2030,0x2030,0x3ff0,0x0000,0x0000,0xfffc,0x0300,0x2310,0x3030,0x3ff0,0x3030,0x3030,0x3ff0,0x0000,0x0000}, /* U+BB45 */
    {0x0000,0x0000,0x3ff0,0x2030,0x2030,0x3ff0,0x1fe0,0x0000,0xfffc,0x0300,0x0300,0x0300,0x0300,0x04c0,0x1870,0x7018,0x0000,0x0000}, /* U+BB47 */
    {0x0000,0x0000,0x3ff0,0x2030,0x2030,0x3030,0x3ff0,0x0000,0xfffc,0x0300,0x0300,0x1fc0,0x3830,0x2010,0x3030,0x1fe0,0x0000,0x0000}, /* U+BB49 */
    {0x0000,0x0000,0x3ff0,0x2010,0x2010,0x3ff0,0x0000,0x0000,0xfffc,0x0300,0x3ff0,0x3ff0,0x2000,0x3ff0,0x2000,0x3ff0,0x0000,0x0000}, /* U+BB4D */
    {0x0000,0x0000,0x3ff0,0x3030,0x3030,0x3ff0,0x0000,0xfffc,0xfffc,0x0300,0x0780,0x3ff0,0x0780,0x0fc0,0x1860,0x0fc0,0x0000,0x0000}, /* U+BB4F */
    {0x0000,0x0000,0x0018,0x7f18,0x6118,0x6118,0x6118,0x3f18,0x0018,0xffd8,0xff18,0x0c78,0x0cf8,0x0c18,0x0c18,0x0c18,0x0000,0x0000}, /* U+BB50 */
    {0x0000,0x0000,0x0018,0x3f98,0x2198,0x2198,0x3f98,0x0018,0x0058,0xffd8,0x0418,0x04f8,0x3418,0x3000,0x3000,0x3ff8,0x0000,0x0000}, /* U+BB54 */
    {0x0000,0x0000,0x0018,0x3f18,0x2118,0x6118,0x3f18,0x0018,0xffd8,0x0c78,0x0c08,0x1ff8,0x0018,0x1ff8,0x1000,0x1ff8,0x0000,0x0000}, /* U+BB58 */
    {0x0000,0x0000,0x3f18,0x7f18,0x6118,0x6198,0x3e18,0x01d8,0xff98,0x0c78,0x0000,0x1008,0x1ff8,0x1018,0x1018,0x1ff8,0x0000,0x0000}, /* U+BB61 */
    {0x0000,0x0000,0x0018,0x3f98,0x2198,0x2198,0x3e18,0x00d8,0xffd8,0x0478,0x0418,0x0198,0x0180,0x02c0,0x0c70,0x3818,0x0000,0x0000}, /* U+BB63 */
    {0x0000,0x0000,0x0068,0x7f68,0x6368,0x4368,0x6368,0x7f68,0x0068,0x0768,0xfc68,0x0868,0x0be8,0x0868,0x0868,0x0008,0x0000,0x0000}, /* U+BB6C */
    {0x0000,0x0000,0x3f18,0x3f98,0x2198,0x2198,0x3f98,0x0018,0x0018,0xffd8,0x0c18,0x0c18,0x0c18,0x0c18,0x0c18,0x0018,0x0000,0x0000}, /* U+BB88 */
    {0x0000,0x0000,0x0018,0x3f98,0x2198,0x2198,0x3f98,0x0018,0x0058,0xffd8,0x0418,0x0418,0x3418,0x3000,0x3000,0x3ff8,0x0000,0x0000}, /* U+BB8C */
    {0x0000,0x0000,0x0018,0x7f18,0x6118,0x6198,0x3f18,0x00d8,0xff98,0x0c18,0x0c00,0x1ff8,0x0018,0x1ff8,0x1000,0x1ff8,0x0000,0x0000}, /* U+BB90 */
    {0x0000,0x0000,0x3ff0,0x2030,0x2030,0x2030,0x3ff0,0x0000,0x0004,0xfffc,0x0840,0x0840,0x0840,0x0840,0x0840,0x0840,0x0000,0x0000}, /* U+BBA4 */
    {0x0000,0x0000,0x3ff0,0x2030,0x2010,0x3030,0x3ff0,0x0000,0x0004,0xfffc,0x0c40,0x0c40,0x2440,0x2000,0x3000,0x3ff0,0x0000,0x0000}, /* U+BBA8 */
    {0x0000,0x0000,0x3ff0,0x2030,0x2030,0x3ff0,0x0000,0x0000,0xfffc,0x08c0,0x0cc0,0x17b0,0x0030,0x3fe0,0x2000,0x3ff0,0x0000,0x0000}, /* U+BBAC */
    {0x0000,0x0000,0x3ff0,0x3030,0x3030,0x3ff0,0x1fe0,0x0000,0xfffc,0x0c40,0x0840,0x3ff0,0x3010,0x2010,0x3010,0x3ff0,0x0000,0x0000}, /* U+BBB4 */
    {0x0000,0x0000,0x3ff0,0x2030,0x2030,0x3ff0,0x3fe0,0x0000,0xfffc,0x0cc0,0x0840,0x0b40,0x0300,0x04c0,0x1870,0x3010,0x0000,0x0000}, /* U+BBB7 */
    {0x0000,0x0000,0x0000,0x3ff0,0x2030,0x2030,0x2030,0x2010,0x3ff0,0x0000,0x0000,0x0000,0x0000,0xfffc,0x0000,0x0000,0x0000,0x0000}, /* U+BBC0 */
    {0x0000,0x0000,0x3ff0,0x3030,0x2010,0x2010,0x3ff0,0x3ff0,0x0000,0xfffc,0xfffc,0x0000,0x3000,0x3000,0x3000,0x3ff8,0x0000,0x0000}, /* U+BBC4 */
    {0x0000,0x0000,0x3ff0,0x2030,0x2030,0x3030,0x3ff0,0x0000,0xfffc,0x0000,0x1fe0,0x1ff0,0x0030,0x3fe0,0x3000,0x3ff0,0x0000,0x0000}, /* U+BBC8 */
    {0x0000,0x0000,0x3ff0,0x2030,0x2030,0x3030,0x3ff0,0x0000,0xfffc,0xfffc,0x0000,0x3ff0,0x2010,0x2010,0x3ff0,0x3ff0,0x0000,0x0000}, /* U+BBD0 */
    {0x0000,0x0000,0x3ff0,0x2010,0x2010,0x3030,0x3ff0,0x0000,0xfffc,0xfffc,0x0200,0x0300,0x0780,0x0cc0,0x3870,0x6018,0x0000,0x0000}, /* U+BBD3 */
    {0x0000,0x0000,0x0018,0x0018,0x7f18,0x4318,0x4118,0x4318,0x4318,0x4118,0x4318,0x7f18,0x0018,0x0018,0x0018,0x0018,0x0000,0x0000}, /* U+BBF8 */
    {0x0000,0x0000,0x0018,0x7f18,0x4118,0x4118,0x4118,0x6118,0x7f18,0x0018,0x0000,0x3ff8,0x0018,0x0018,0x0018,0x0018,0x0000,0x0000}, /* U+BBF9 */
    {0x0000,0x0000,0x0018,0x7f18,0x4318,0x4118,0x4118,0x4118,0x4118,0x7f18,0x0018,0x0018,0x3018,0x3000,0x3000,0x3ff8,0x0000,0x0000}, /* U+BBFC */
    {0x0000,0x0000,0x0018,0x7f18,0x4118,0x4118,0x4118,0x4118,0x7f18,0x0018,0x0000,0x1ff8,0x3000,0x1000,0x3000,0x3ff8,0x0000,0x0000}, /* U+BBFF */
    {0x0000,0x0000,0x0018,0x7f18,0x4118,0x4118,0x4118,0x6118,0x7f18,0x0008,0x1ff8,0x0018,0x0018,0x3ff0,0x1000,0x1ff8,0x0000,0x0000}, /* U+BC00 */
    {0x0000,0x0000,0x0018,0x7f18,0x4118,0x4118,0x4118,0x7f18,0x3f18,0x0000,0x3ef8,0x0298,0x3e98,0x3c98,0x20f8,0x3ef8,0x0000,0x0000}, /* U+BC02 */
    {0x0000,0x0000,0x0018,0x7f18,0x4118,0x4118,0x4118,0x4118,0x7f18,0x0018,0x0000,0x1ff8,0x1018,0x1018,0x1018,0x1ff8,0x0000,0x0000}, /* U+BC08 */
    {0x0000,0x0000,0x7e18,0x7f18,0x4318,0x4318,0x4318,0x4318,0x7f18,0x0000,0x1000,0x1018,0x1ff8,0x1018,0x1018,0x1ff8,0x0000,0x0000}, /* U+BC09 */
    {0x0000,0x0000,0x0018,0x7f18,0x4118,0x4118,0x4118,0x4118,0x7f18,0x0018,0x0018,0x0180,0x0180,0x02c0,0x0c70,0x3818,0x0000,0x0000}, /* U+BC0B */
    {0x0000,0x0000,0x7f18,0x7f18,0x4118,0x4118,0x4118,0x4118,0x7f18,0x0000,0x0410,0x0c30,0x0e30,0x1b78,0x314c,0x6084,0x0000,0x0000}, /* U+BC0C */
    {0x0000,0x0000,0x0018,0x7f18,0x6118,0x4118,0x4118,0x4118,0x7f18,0x7f18,0x0018,0x07c0,0x1ff0,0x3018,0x3018,0x1ff0,0x0000,0x0000}, /* U+BC0D */
    {0x0000,0x0000,0x0018,0x7f18,0x4118,0x4318,0x4118,0x7f18,0x7e18,0x0000,0x03c0,0x1ff8,0x0180,0x0380,0x0660,0x3c38,0x0000,0x0000}, /* U+BC0F */
    {0x0000,0x0000,0x0018,0x7f18,0x4318,0x4318,0x4318,0x4318,0x7f18,0x0008,0x1ff0,0x3ff0,0x3000,0x3ff0,0x3000,0x3ff8,0x0000,0x0000}, /* U+BC11 */
    {0x0000,0x0010,0x0010,0x8210,0xc310,0xc310,0xff10,0xc310,0xc31c,0xc310,0xc310,0xfe10,0x0010,0x0010,0x0010,0x0010,0x0000,0x0000}, /* U+BC14 */
    {0x0000,0x0010,0x0010,0xc310,0x4210,0x7e10,0xc31c,0xc310,0xff10,0x7e10,0x0000,0x3ff0,0x0030,0x0010,0x0010,0x0010,0x0000,0x0000}, /* U+BC15 */
    {0x0000,0x0010,0x0010,0xc210,0xc210,0xfe10,0xc21c,0xc210,0xfe10,0x0010,0x0000,0x7df0,0x0410,0x0410,0x0410,0x0410,0x0000,0x0000}, /* U+BC16 */
    {0x0000,0x0010,0x0210,0xc310,0xc210,0xfe10,0xc21c,0xc210,0xfe10,0x7e10,0x0000,0x7c60,0x0460,0x0470,0x04d8,0x0588,0x0000,0x0000}, /* U+BC17 */
    {0x0000,0x0000,0x0010,0x0210,0xc310,0xc210,0xfe10,0xc21c,0xc210,0xff10,0x7e10,0x0010,0x2010,0x2000,0x2000,0x3ff0,0x0000,0x0000}, /* U+BC18 */
    {0x0000,0x0000,0x0010,0x8210,0xc310,0xfe10,0xc31c,0xc310,0xc310,0xfe10,0x0000,0x1ff0,0x3ff0,0x2000,0x3000,0x3ff0,0x0000,0x0000}, /* U+BC1B */
    {0x0000,0x0000,0x0010,0xc210,0xc210,0xfe10,0xc21c,0xc210,0xfe10,0x0010,0x0000,0x3ff0,0x0010,0x3ff0,0x2000,0x3ff0,0x0000,0x0000}, /* U+BC1C */
    {0x0000,0x0000,0x0010,0xc310,0x4210,0x7e10,0xc21c,0xc210,0x7e10,0x0000,0x3ce0,0x0430,0x0410,0x7c10,0x6010,0x7e10,0x0000,0x0000}, /* U+BC1D */
    {0x0000,0x0010,0x4210,0xc310,0x7e10,0x421c,0xc31c,0xc310,0x7e10,0x0000,0x7cf0,0x05f0,0x0590,0x7d90,0x4190,0x7df0,0x0000,0x0000}, /* U+BC1E */
    {0x0000,0x0010,0x4210,0xc310,0x7e10,0x421c,0xc31c,0xff10,0x7e10,0x0000,0x7d10,0x05f0,0x3df0,0x7d10,0x41b0,0x7df0,0x0000,0x0000}, /* U+BC1F */
    {0x0000,0x0010,0x0010,0xc310,0xc210,0x7e10,0xc31c,0xc310,0xff10,0x0010,0x0000,0x3ff0,0x3030,0x2010,0x3030,0x3ff0,0x0000,0x0000}, /* U+BC24 */
    {0x0000,0x0010,0x0010,0xc310,0xfe10,0xfe10,0xc21c,0xc310,0xfe10,0x0000,0x3010,0x3030,0x3ff0,0x3010,0x3030,0x3ff0,0x0000,0x0000}, /* U+BC25 */
    {0x0000,0x0010,0x0010,0xc310,0x7e10,0x7e10,0x4310,0xc31c,0xff10,0x0010,0x0010,0x0110,0x0380,0x0680,0x0c60,0x3038,0x0000,0x0000}, /* U+BC27 */
    {0x0000,0x0000,0x0010,0xc310,0xc310,0xff10,0xc31c,0xc310,0xff10,0x7e10,0x0010,0x1fe0,0x3030,0x2010,0x3030,0x1fe0,0x0000,0x0000}, /* U+BC29 */
    {0x0000,0x0010,0x0010,0xc310,0xc210,0x7e10,0xc21c,0xc210,0xff10,0x7e10,0x0000,0x3ff0,0x3000,0x3ff0,0x3000,0x3ff8,0x0000,0x0000}, /* U+BC2D */
    {0x0000,0x0000,0x0048,0x0048,0x4648,0x4648,0x7e48,0x7e48,0x4678,0x4678,0x4648,0x7e48,0x0048,0x0048,0x0048,0x0008,0x0000,0x0000}, /* U+BC30 */
    {0x0000,0x0000,0x40c8,0x46c8,0x7ec8,0x7ec8,0x4678,0x46c8,0x7ec8,0x7cc8,0x0000,0x3ff8,0x0008,0x0008,0x0008,0x0008,0x0000,0x0000}, /* U+BC31 */
    {0x0000,0x0008,0x0048,0x4248,0x4248,0x7e48,0x4648,0x4278,0x4248,0x7e48,0x0048,0x0048,0x1008,0x1000,0x1000,0x1ffc,0x0000,0x0000}, /* U+BC34 */
    {0x0000,0x0000,0x0048,0x4248,0x4648,0x7e48,0x4678,0x4248,0x7e48,0x7c48,0x0000,0x1ff8,0x0008,0x1ff8,0x1000,0x1ffc,0x0000,0x0000}, /* U+BC38 */
    {0x0000,0x0000,0x0048,0x4648,0x4248,0x7e48,0x4678,0x4278,0x4648,0x7e48,0x0048,0x1ff8,0x1808,0x1008,0x1008,0x1ff8,0x0000,0x0000}, /* U+BC40 */
    {0x0000,0x0000,0x0048,0x4648,0x4648,0x7e48,0x4278,0x4648,0x7e48,0x0048,0x1008,0x1808,0x1ff8,0x1808,0x1808,0x1ff8,0x0000,0x0000}, /* U+BC41 */
    {0x0000,0x0008,0x0048,0x4648,0x4648,0x7e48,0x6678,0x4278,0x6648,0x7e48,0x0048,0x0180,0x0180,0x0340,0x0e70,0x181c,0x0000,0x0000}, /* U+BC43 */
    {0x0000,0x0008,0x0048,0x4648,0x4648,0x7e48,0x4678,0x4648,0x7e48,0x0048,0x0000,0x0430,0x0c30,0x0e78,0x13cc,0x3184,0x0000,0x0000}, /* U+BC44 */
    {0x0000,0x0000,0x0248,0x4248,0x4648,0x7e48,0x4278,0x4268,0x7e48,0x0048,0x0048,0x07e0,0x1c78,0x1008,0x1818,0x0ff0,0x0000,0x0000}, /* U+BC45 */
    {0x0000,0x0000,0x00c8,0x46c8,0x46c8,0x7ec8,0x46f8,0x46d8,0x7ec8,0x00c8,0x0000,0x1ff0,0x1800,0x1ff0,0x1800,0x1ff8,0x0000,0x0000}, /* U+BC49 */
    {0x0000,0x0010,0x0010,0x8210,0xc310,0xc310,0xfe1c,0xfe1c,0xc310,0xc310,0xc310,0xfe1c,0x0010,0x0010,0x0010,0x0010,0x0000,0x0000}, /* U+BC4C */
    {0x0000,0x0010,0x0010,0xc310,0x7e10,0x7e1c,0xc310,0xc310,0xff1c,0x0010,0x0000,0x3ff0,0x0030,0x0010,0x0010,0x0010,0x0000,0x0000}, /* U+BC4D */
    {0x0000,0x0000,0x0010,0x0210,0xc310,0xc21c,0xfe1c,0xc210,0xc210,0xff1c,0x7e10,0x0010,0x2010,0x2000,0x2000,0x3ff0,0x0000,0x0000}, /* U+BC50 */
    {0x0000,0x0010,0x0010,0xc310,0xfe1c,0xfe10,0xc310,0xc31c,0xfe10,0x0000,0x3010,0x3030,0x3ff0,0x3010,0x3030,0x3ff0,0x0000,0x0000}, /* U+BC5D */
    {0x0000,0x0000,0x0018,0x4018,0x4318,0x4318,0x7f18,0x7f18,0x43f8,0x4318,0x4318,0x7f18,0x0018,0x0018,0x0018,0x0018,0x0000,0x0000}, /* U+BC84 */
    {0x0000,0x0000,0x4118,0xc318,0x7f18,0x7f78,0x4378,0x4318,0x7f18,0x0008,0x0000,0x3ff8,0x0018,0x0018,0x0018,0x0018,0x0000,0x0000}, /* U+BC85 */
    {0x0000,0x0000,0x0018,0x4318,0x4318,0x4318,0x7f18,0x4378,0x4118,0x4318,0x7f18,0x0018,0x3018,0x3000,0x3000,0x1ff8,0x0000,0x0000}, /* U+BC88 */
    {0x0000,0x0000,0x4118,0xc318,0x4318,0x7f18,0x43f8,0x4318,0x7f18,0x0018,0x0000,0x1ff8,0x3000,0x3000,0x3000,0x3ff8,0x0000,0x0000}, /* U+BC8B */
    {0x0000,0x0000,0x4018,0x4318,0x4318,0x7f18,0x4378,0x4318,0x7f18,0x0008,0x1ff0,0x1ff8,0x0018,0x1ff0,0x1000,0x1ff8,0x0000,0x0000}, /* U+BC8C */
    {0x0000,0x0000,0x4118,0x6118,0x7f18,0x6318,0x6178,0x6318,0x7f18,0x0018,0x3ef8,0x0298,0x3e98,0x3c88,0x20d8,0x3ef8,0x0000,0x0000}, /* U+BC8E */
    {0x0000,0x0000,0x4118,0xc318,0x4318,0x7f18,0x43f8,0x4318,0x7f18,0x0018,0x0000,0x1ff8,0x3018,0x3018,0x3018,0x3ff8,0x0000,0x0000}, /* U+BC94 */
    {0x0000,0x0000,0x4018,0x4318,0x4318,0x7f18,0x43f8,0x4318,0x7f18,0x7e08,0x1008,0x1018,0x1ff8,0x1018,0x1018,0x1ff8,0x0000,0x0000}, /* U+BC95 */
    {0x0000,0x0000,0x0018,0x4118,0x4318,0x7f18,0x4378,0x4178,0x4318,0x7f18,0x0018,0x0198,0x0180,0x02c0,0x0c70,0x3818,0x0000,0x0000}, /* U+BC97 */
    {0x0000,0x0000,0x0018,0x4318,0x4318,0x7f18,0x4378,0x4378,0x4318,0x7f18,0x0018,0x03c0,0x1ff0,0x3018,0x3018,0x1ff0,0x0000,0x0000}, /* U+BC99 */
    {0x0000,0x0000,0x0018,0x4318,0x4318,0x7f18,0x43f8,0x4118,0x4318,0x7f18,0x0000,0x1ff8,0x0180,0x03c0,0x0e70,0x3838,0x0000,0x0000}, /* U+BC9A */
    {0x0000,0x0008,0x0048,0x4648,0x4648,0x4648,0x7e48,0x4648,0x47c8,0x4648,0x4648,0x7e48,0x0048,0x0048,0x0048,0x0008,0x0000,0x0000}, /* U+BCA0 */
    {0x0000,0x0000,0x0068,0x4648,0x4648,0x7e48,0x47c8,0x4648,0x7e48,0x7c48,0x0000,0x3ff8,0x0008,0x0008,0x0008,0x0008,0x0000,0x0000}, /* U+BCA1 */
    {0x0000,0x0000,0x0048,0x4668,0x4248,0x7e48,0x7fc8,0x43c8,0x4248,0x7e48,0x0068,0x0048,0x1008,0x1000,0x1000,0x1ff8,0x1ff8,0x0000}, /* U+BCA4 */
    {0x0000,0x0008,0x0068,0x4248,0x4248,0x7e48,0x43c8,0x4248,0x6648,0x7e68,0x0048,0x0ff8,0x1ff8,0x1800,0x1800,0x1ffc,0x0ffc,0x0000}, /* U+BCA7 */
    {0x0000,0x0000,0x0068,0x4268,0x4648,0x7e48,0x47c8,0x4248,0x7e68,0x0048,0x0000,0x1ff8,0x0008,0x1ff8,0x1800,0x1ffc,0x0000,0x0000}, /* U+BCA8 */
    {0x0000,0x0008,0x4268,0x4248,0x6648,0x7e48,0x43c8,0x4248,0x6648,0x7e68,0x0000,0x1ff8,0x1808,0x1008,0x1008,0x1ff8,0x0000,0x0000}, /* U+BCB0 */
    {0x0000,0x0000,0x0048,0x4268,0x4648,0x7e48,0x47c8,0x4248,0x7e48,0x7c48,0x0008,0x1808,0x1ff8,0x1808,0x1808,0x1ff8,0x0000,0x0000}, /* U+BCB1 */
    {0x0000,0x0000,0x0048,0x4668,0x4648,0x7e48,0x47c8,0x4648,0x4648,0x7e48,0x0048,0x0180,0x0180,0x03c0,0x0660,0x1c3c,0x0000,0x0000}, /* U+BCB3 */
    {0x0000,0x0008,0x4248,0x4648,0x7e48,0x7e48,0x47c8,0x4648,0x7e48,0x7c48,0x0030,0x0430,0x0c30,0x0a78,0x134c,0x2084,0x0000,0x0000}, /* U+BCB4 */
    {0x0000,0x0000,0x4248,0x4268,0x6648,0x7e48,0x43c8,0x4248,0x6648,0x7e48,0x0048,0x03c0,0x1ff8,0x1008,0x1008,0x1ff8,0x03c0,0x0000}, /* U+BCB5 */
    {0x0000,0x0000,0x0018,0x0018,0x4318,0x4318,0x63f8,0x7f18,0x4318,0x4318,0x43f8,0x7f18,0x7e18,0x0018,0x0018,0x0018,0x0000,0x0000}, /* U+BCBC */
    {0x0000,0x0018,0x4318,0x4318,0x4378,0x7f18,0x4318,0x4378,0x7f78,0x7e18,0x0018,0x3ff0,0x3ff8,0x0018,0x0018,0x0018,0x0000,0x0000}, /* U+BCBD */
    {0x0000,0x0000,0x0018,0x4318,0x4118,0x4378,0x7f18,0x4118,0x4178,0x4318,0x7f18,0x0018,0x3018,0x3000,0x3000,0x3ff8,0x0000,0x0000}, /* U+BCC0 */
    {0x0000,0x0000,0x4118,0x4318,0x7f78,0x7f18,0x4318,0x4378,0x7f18,0x0008,0x0000,0x1ff8,0x0010,0x3ff0,0x3000,0x3ff8,0x0000,0x0000}, /* U+BCC4 */
    {0x0000,0x0000,0x4018,0x4318,0x4378,0x7f78,0x4318,0x4378,0x7f78,0x7e08,0x0000,0x3018,0x3ff8,0x3018,0x3018,0x3ff8,0x0000,0x0000}, /* U+BCCD */
    {0x0000,0x0018,0x4018,0x4318,0x4378,0x7f18,0x4318,0x4318,0x6378,0x7f18,0x0018,0x0198,0x0180,0x02c0,0x0c60,0x3838,0x0000,0x0000}, /* U+BCCF */
    {0x0000,0x0000,0x0018,0x4318,0x4378,0x7f78,0x4318,0x4318,0x6378,0x7f18,0x0018,0x0420,0x0430,0x0e30,0x1b58,0x31cc,0x0000,0x0000}, /* U+BCD0 */
    {0x0000,0x0000,0x0018,0x4318,0x4378,0x7f78,0x4318,0x4318,0x43f8,0x7e18,0x0018,0x0fe0,0x3870,0x2018,0x3018,0x1ff0,0x0000,0x0000}, /* U+BCD1 */
    {0x0000,0x0000,0x0018,0x4318,0x4318,0x7f78,0x4318,0x4378,0x7f18,0x7e08,0x0000,0x1ff8,0x1000,0x1ff0,0x1000,0x1ff8,0x0000,0x0000}, /* U+BCD5 */
    {0x0000,0x0008,0x0068,0x4068,0xc668,0x4668,0x7fc8,0x7e68,0x4668,0x46c8,0x46c8,0x7e68,0x0068,0x0068,0x0068,0x0008,0x0000,0x0000}, /* U+BCD8 */
    {0x0000,0x0000,0x0068,0x4668,0x4268,0x7fe8,0x7e68,0x4268,0x43e8,0x7e68,0x7c68,0x0048,0x1008,0x1000,0x1000,0x1ff8,0x1ff8,0x0000}, /* U+BCDC */
    {0x0000,0x0000,0x0000,0x2030,0x2030,0x3ff0,0x3030,0x2030,0x2030,0x3ff0,0x0300,0x0300,0x0300,0xfffc,0xfffc,0x0000,0x0000,0x0000}, /* U+BCF4 */
    {0x0000,0x2000,0x2030,0x3ff0,0x2030,0x2030,0x3ff0,0x0300,0x0300,0xfffc,0x0000,0x3fe0,0x3ff0,0x0030,0x0030,0x0030,0x0000,0x0000}, /* U+BCF5 */
    {0x0000,0x0000,0x2030,0x3ff0,0x2030,0x2030,0x3ff0,0x0300,0xfffc,0xfffc,0x79e0,0x7df0,0x0410,0x0410,0x0410,0x0410,0x0000,0x0000}, /* U+BCF6 */
    {0x0000,0x0000,0x2010,0x3030,0x3ff0,0x2010,0x2010,0x3ff0,0x0300,0x0300,0xfffc,0x0000,0x3000,0x2000,0x3000,0x3ff8,0x0000,0x0000}, /* U+BCF8 */
    {0x0000,0x0000,0x2030,0x3ff0,0x3030,0x2030,0x3ff0,0x0300,0xfffc,0xfdfc,0x0000,0x3ff0,0x0030,0x3ff0,0x3000,0x3ff0,0x0000,0x0000}, /* U+BCFC */
    {0x0000,0x2010,0x2010,0x3ff0,0x2010,0x2010,0x3ff0,0x0300,0x0300,0xfffc,0x0000,0x1ff0,0x3030,0x3010,0x3030,0x3ff0,0x0000,0x0000}, /* U+BD04 */
    {0x0000,0x2000,0x2030,0x3ff0,0x3ff0,0x2030,0x3ff0,0x0300,0x0300,0xfffc,0x0000,0x3030,0x3ff0,0x3030,0x3030,0x3ff0,0x0000,0x0000}, /* U+BD05 */
    {0x0000,0x0000,0x2030,0x3030,0x3fe0,0x2030,0x3ff0,0x0300,0x0200,0xfffc,0x0000,0x0300,0x0780,0x0cc0,0x1870,0x7018,0x0000,0x0000}, /* U+BD07 */
    {0x0000,0x2000,0x2030,0x3ff0,0x3ff0,0x2030,0x3ff0,0x0300,0x0300,0xfffc,0x0000,0x0fc0,0x3870,0x2010,0x3030,0x1fe0,0x0000,0x0000}, /* U+BD09 */
    {0x0000,0x0010,0x0010,0x6110,0x6190,0x7f10,0x6110,0x6190,0x7f9c,0x3f1c,0x0c10,0x0dd0,0xffd0,0x0010,0x0010,0x0010,0x0010,0x0000}, /* U+BD10 */
    {0x0000,0x0000,0x0010,0x6110,0x6110,0x7f10,0x6110,0x7f10,0x3f1c,0x0810,0xffd0,0x0010,0x0010,0x2000,0x2000,0x3ff8,0x0000,0x0000}, /* U+BD14 */
    {0x0000,0x0010,0x6110,0x7f10,0x7f10,0x6110,0x7f1c,0x3f1c,0x0810,0xffd0,0x0010,0x0420,0x0c20,0x0c70,0x1ad8,0x3188,0x0000,0x0000}, /* U+BD24 */
    {0x0000,0x0000,0x0068,0x4168,0x4168,0x7f68,0x6168,0x4168,0x6378,0x7f78,0x0868,0x0fe8,0xff68,0x0068,0x0068,0x0008,0x0000,0x0000}, /* U+BD2C */
    {0x0000,0x0000,0x0068,0x6368,0x7f68,0x6368,0x6378,0x7e78,0x0868,0xffe8,0x8008,0x0430,0x0430,0x0e38,0x1b4c,0x3084,0x0000,0x0000}, /* U+BD40 */
    {0x0000,0x0000,0x0018,0x2198,0x2098,0x3f98,0x2198,0x2098,0x2198,0x3f98,0x0418,0x0458,0xffd8,0x0018,0x0018,0x0018,0x0000,0x0000}, /* U+BD48 */
    {0x0000,0x0000,0x2098,0x2198,0x3f98,0x2098,0x3f98,0x0c18,0x0418,0xfff8,0x0000,0x1ff8,0x0018,0x0008,0x0008,0x0018,0x0000,0x0000}, /* U+BD49 */
    {0x0000,0x0000,0x0018,0x2098,0x2198,0x3f98,0x2098,0x3f98,0x0c18,0x0418,0xfff8,0x8018,0x0018,0x1008,0x1000,0x1ff8,0x0000,0x0000}, /* U+BD4C */
    {0x0000,0x0000,0x0018,0x2198,0x3f98,0x2098,0x3198,0x3f98,0x0418,0xfff8,0x0008,0x1ff8,0x0018,0x1ff8,0x1000,0x1ff8,0x0000,0x0000}, /* U+BD50 */
    {0x0000,0x0000,0x2098,0x2198,0x3f98,0x2098,0x3f98,0x0418,0x0458,0xfff8,0x0008,0x1ff8,0x1018,0x1018,0x1ff8,0x1ff8,0x0000,0x0000}, /* U+BD58 */
    {0x0000,0x0000,0x2098,0x3198,0x3f98,0x2098,0x3f98,0x0418,0x0418,0xfff8,0x0000,0x1818,0x1ff8,0x1808,0x1818,0x1ff8,0x0000,0x0000}, /* U+BD59 */
    {0x0000,0x0000,0x2000,0x2030,0x3030,0x3ff0,0x2030,0x2030,0x3030,0x3ff0,0x0000,0x0840,0x0cc0,0xfffc,0xfffc,0x0000,0x0000,0x0000}, /* U+BD64 */
    {0x0000,0x0000,0x2010,0x2010,0x3ff0,0x3030,0x2010,0x3ff0,0x0cc0,0x08c0,0xfffc,0x2000,0x2000,0x2000,0x3000,0x3ff0,0x0000,0x0000}, /* U+BD68 */
    {0x0000,0x0000,0x2030,0x3ff0,0x3030,0x2030,0x3030,0x1fe0,0x0000,0x0000,0xfffc,0x0300,0x0300,0x0300,0x0300,0x0300,0x0000,0x0000}, /* U+BD80 */
    {0x0000,0x0000,0x2030,0x3030,0x3ff0,0x2010,0x3ff0,0x0000,0x0000,0xfffc,0x0300,0x0300,0x3ff0,0x0030,0x0030,0x0030,0x0000,0x0000}, /* U+BD81 */
    {0x0000,0x0000,0x2030,0x3030,0x3ff0,0x2030,0x2030,0x3ff0,0x0000,0x0000,0xfffc,0x0300,0x2300,0x3300,0x2000,0x3ff0,0x0000,0x0000}, /* U+BD84 */
    {0x0000,0x0000,0x2030,0x3030,0x3ff0,0x2010,0x3ff0,0x1fe0,0x0000,0xfffc,0x0300,0x0300,0x3ff0,0x2000,0x2000,0x3ff0,0x0000,0x0000}, /* U+BD87 */
    {0x0000,0x0000,0x2030,0x3ff0,0x3030,0x2030,0x3ff0,0x0000,0xfffc,0x0300,0x0300,0x3ff0,0x0030,0x3ff0,0x2000,0x3ff0,0x0000,0x0000}, /* U+BD88 */
    {0x0000,0x0000,0x2030,0x3ff0,0x3030,0x3030,0x3ff0,0x0000,0xfffc,0x0300,0x0300,0x3cf0,0x0410,0x3c10,0x2010,0x3e10,0x0000,0x0000}, /* U+BD89 */
    {0x0000,0x0000,0x2030,0x3ff0,0x3030,0x2030,0x3ff0,0x0000,0xfffc,0x0300,0x3ff0,0x0498,0x0498,0x3c98,0x2098,0x3ef8,0x0000,0x0000}, /* U+BD8A */
    {0x0000,0x0000,0x2030,0x3ff0,0x3030,0x2030,0x3ff0,0x0000,0xfffc,0x0300,0x0300,0x3ff0,0x2030,0x2030,0x3ff0,0x2030,0x0000,0x0000}, /* U+BD90 */
    {0x0000,0x0000,0x2030,0x3ff0,0x3030,0x2030,0x3ff0,0x0000,0xfffc,0x0300,0x2200,0x3030,0x3ff0,0x2030,0x3030,0x3ff0,0x0000,0x0000}, /* U+BD91 */
    {0x0000,0x2000,0x2030,0x3ff0,0x3030,0x2010,0x3ff0,0x0000,0xfffc,0x0300,0x0300,0x0000,0x0300,0x0780,0x1ce0,0x7038,0x0000,0x0000}, /* U+BD93 */
    {0x0000,0x0000,0x2010,0x3030,0x3ff0,0x2010,0x3ff0,0x0000,0x0000,0xfffc,0x0300,0x0fc0,0x3870,0x2010,0x3030,0x1fe0,0x0000,0x0000}, /* U+BD95 */
    {0x0000,0x0000,0x2030,0x3ff0,0x3ff0,0x3030,0x3ff0,0x0000,0xfffc,0x0300,0x0300,0x3ff0,0x2000,0x3fe0,0x2000,0x3ff0,0x0000,0x0000}, /* U+BD99 */
    {0x0000,0x0000,0x2030,0x3030,0x3ff0,0x2010,0x3ff0,0x0000,0xfffc,0x0300,0x0000,0x3ff0,0x0840,0x0840,0x0cc0,0x7ff0,0x0000,0x0000}, /* U+BD9A */
    {0x0000,0x0000,0x0018,0x2098,0x2098,0x3f98,0x2098,0x2198,0x3f98,0x0018,0xffc8,0x0418,0x04f8,0x0408,0x0418,0x0418,0x0000,0x0000}, /* U+BD9C */
    {0x0000,0x0000,0x2118,0x3f18,0x2118,0x2118,0x1f18,0xffd8,0xff98,0x0cf8,0x0000,0x1ff8,0x0018,0x1ff8,0x1000,0x1ff8,0x0000,0x0000}, /* U+BDA4 */
    {0x0000,0x0000,0x2118,0x3f18,0x2118,0x2118,0x3f18,0xffd8,0xfc18,0x0cf8,0x0018,0x0420,0x0430,0x0e70,0x1b4c,0x3084,0x0000,0x0000}, /* U+BDB0 */
    {0x0000,0x0000,0x0068,0x4368,0x7f68,0x7f68,0x4368,0x7f68,0x0068,0x7f68,0xfc68,0x09e8,0x09e8,0x0868,0x0868,0x000c,0x0000,0x0000}, /* U+BDB8 */
    {0x0000,0x0000,0x0018,0x2098,0x2098,0x3f98,0x2098,0x2198,0x3f98,0x0018,0xffd8,0x0418,0x0418,0x0418,0x0418,0x0418,0x0000,0x0000}, /* U+BDD4 */
    {0x0000,0x0000,0x2198,0x2118,0x3f18,0x2118,0x3f18,0x0018,0xffd8,0x0c18,0x0400,0x3ff0,0x3ff8,0x0018,0x0018,0x0018,0x0000,0x0000}, /* U+BDD5 */
    {0x0000,0x0000,0x2198,0x3198,0x3f98,0x2098,0x3198,0x3f98,0x0018,0x7fd8,0x0618,0x0418,0x1418,0x1000,0x1000,0x1ff8,0x0000,0x0000}, /* U+BDD8 */
    {0x0000,0x0000,0x2198,0x3f18,0x2118,0x2198,0x3f18,0x0018,0x7fd8,0x0418,0x0008,0x1ff8,0x0018,0x1ff8,0x1000,0x1ff8,0x0000,0x0000}, /* U+BDDC */
    {0x0000,0x0000,0x2118,0x3f18,0x2118,0x2118,0x3f18,0x0018,0xffd8,0x0c18,0x0018,0x0fe0,0x1838,0x1008,0x1818,0x0ff0,0x0000,0x0000}, /* U+BDE9 */
    {0x0000,0x0000,0x3010,0x3ff0,0x3030,0x2010,0x3ff0,0x1fe0,0x0000,0xfffc,0xfffc,0x0840,0x0840,0x0840,0x0840,0x0840,0x0000,0x0000}, /* U+BDF0 */
    {0x0000,0x0000,0x2030,0x3ff0,0x3ff0,0x2030,0x3ff0,0x3fe0,0x0000,0xfffc,0x0cc0,0x0c40,0x2c40,0x2440,0x2000,0x3ff0,0x0000,0x0000}, /* U+BDF4 */
    {0x0000,0x0000,0x2030,0x3ff0,0x3030,0x2030,0x3ff0,0x0000,0xfffc,0x0cc0,0x0cc0,0x3ff0,0x0030,0x3fe0,0x3000,0x3ff0,0x0000,0x0000}, /* U+BDF8 */
    {0x0000,0x2000,0x2030,0x3ff0,0x2030,0x3030,0x3ff0,0x0000,0xfffc,0x0840,0x0840,0x3ff0,0x2010,0x2010,0x3ff0,0x3ff0,0x0000,0x0000}, /* U+BE00 */
    {0x0000,0x2000,0x2030,0x3ff0,0x3030,0x2030,0x3ff0,0x0000,0xfffc,0xfffc,0x0840,0x0840,0x0300,0x0780,0x0ce0,0x7838,0x0000,0x0000}, /* U+BE03 */
    {0x0000,0x2000,0x2030,0x3ff0,0x3030,0x2030,0x3ff0,0x0000,0x0000,0xfffc,0x0840,0x0cc0,0x1fe0,0x2030,0x2010,0x1fe0,0x0000,0x0000}, /* U+BE05 */
    {0x0000,0x0000,0x0000,0x2030,0x2030,0x3ff0,0x2030,0x2030,0x2030,0x3ff0,0x0000,0x0000,0x0000,0xfffc,0xfffc,0x0000,0x0000,0x0000}, /* U+BE0C */
    {0x0000,0x2000,0x2030,0x3fe0,0x2030,0x3030,0x3fe0,0x0000,0x0000,0xfffc,0x0000,0x3fe0,0x3ff0,0x0030,0x0030,0x0030,0x0000,0x0000}, /* U+BE0D */
    {0x0000,0x0000,0x2010,0x2010,0x3ff0,0x3030,0x2010,0x3ff0,0x0000,0x0000,0xfffc,0x0000,0x3000,0x3000,0x3000,0x3ff0,0x0000,0x0000}, /* U+BE10 */
    {0x0000,0x0000,0x2030,0x3ff0,0x3ff0,0x2030,0x3ff0,0x0000,0x0000,0xfffc,0x0000,0x1ff0,0x0030,0x3ff0,0x3000,0x3ff0,0x0000,0x0000}, /* U+BE14 */
    {0x0000,0x2010,0x2010,0x3ff0,0x2010,0x2010,0x3ff0,0x0000,0x0000,0xfffc,0x0000,0x1ff0,0x3030,0x2010,0x3010,0x3ff0,0x0000,0x0000}, /* U+BE1C */
    {0x0000,0x0000,0x2030,0x3ff0,0x3ff0,0x2030,0x3ff0,0x0000,0x0000,0xfffc,0x0000,0x2030,0x3ff0,0x3030,0x2030,0x3ff0,0x0000,0x0000}, /* U+BE1D */
    {0x0000,0x0000,0x2030,0x3fe0,0x3020,0x2030,0x3fe0,0x0000,0x0000,0xfffc,0x0200,0x0300,0x0780,0x0cc0,0x1870,0x7018,0x0000,0x0000}, /* U+BE1F */
    {0x0000,0x0000,0x0018,0x0018,0x8318,0x8318,0xff18,0xff18,0x8318,0x8318,0x8318,0xff18,0x0018,0x0018,0x0018,0x0018,0x0000,0x0000}, /* U+BE44 */
    {0x0000,0x0000,0x0018,0x4118,0x4118,0x7f18,0x4118,0x4118,0x7f18,0x7f18,0x0018,0x3ff0,0x3ff8,0x0018,0x0018,0x0018,0x0000,0x0000}, /* U+BE45 */
    {0x0000,0x0000,0x0018,0x0018,0xc318,0x4318,0x7f18,0x4318,0x4318,0x7f18,0x7e18,0x0018,0x1018,0x3000,0x1000,0x1ff8,0x0000,0x0000}, /* U+BE48 */
    {0x0000,0x0000,0x0018,0x4318,0x4318,0x7f18,0x4318,0x4118,0x7f18,0x0008,0x0000,0x1ff8,0x0018,0x1ff8,0x3000,0x1ff8,0x0000,0x0000}, /* U+BE4C */
    {0x0000,0x0000,0x0118,0x6118,0x7f18,0x7f18,0x4118,0x6118,0x7f18,0x0008,0x3ef0,0x06d8,0x3e88,0x3c88,0x2098,0x3ef8,0x0000,0x0000}, /* U+BE4E */
    {0x0000,0x0000,0x0018,0xc318,0x4318,0x7f18,0x4318,0xc318,0xc318,0x7f18,0x0000,0x1ff8,0x3018,0x3018,0x3018,0x3ff8,0x0000,0x0000}, /* U+BE54 */
    {0x0000,0x0000,0x0018,0x4318,0x4318,0x7f18,0x4118,0x4318,0x7f18,0x0000,0x1000,0x1018,0x1ff8,0x1018,0x1018,0x1ff8,0x1000,0x0000}, /* U+BE55 */
    {0x0000,0x0000,0x0018,0x4118,0x4118,0x7f18,0x4118,0x4118,0x4118,0x7f18,0x0018,0x0198,0x0180,0x03c0,0x0670,0x3c18,0x1000,0x0000}, /* U+BE57 */
    {0x0000,0x0000,0x0018,0xc318,0x4318,0x7f18,0x4318,0xc318,0xc318,0x7f18,0x0008,0x0fe0,0x1870,0x3018,0x3018,0x1ff0,0x0000,0x0000}, /* U+BE59 */
    {0x0000,0x0000,0x0018,0x4318,0x4318,0x7f18,0x4318,0x4318,0x7f18,0x0018,0x0000,0x3ff8,0x0180,0x0380,0x0e60,0x3838,0x0000,0x0000}, /* U+BE5A */
    {0x0000,0x0000,0x4018,0x4318,0x7f18,0x7f18,0x4118,0x4318,0x7f18,0x0008,0x03c0,0x0000,0x3ff8,0x0380,0x06c0,0x3c38,0x2000,0x0000}, /* U+BE5B */
    {0x0000,0x0010,0x0010,0x0010,0xd490,0x9490,0xd490,0xf790,0x949c,0x949c,0x9490,0xf790,0x0010,0x0010,0x0010,0x0010,0x0010,0x0000}, /* U+BE60 */
    {0x0000,0x0010,0x0010,0xd290,0xd290,0x7390,0xd29c,0xd290,0xf390,0x0010,0x0010,0x3ff0,0x3ff0,0x0010,0x0010,0x0010,0x0010,0x0000}, /* U+BE61 */
    {0x0000,0x0000,0x0010,0x1490,0xd490,0xd490,0xf790,0xd49c,0xd49c,0xd490,0x7790,0x0010,0x2010,0x2010,0x2000,0x3ff8,0x0000,0x0000}, /* U+BE64 */
    {0x0000,0x0000,0x0010,0x5290,0x5690,0x7390,0x529c,0x529c,0x5690,0x7390,0x0000,0x3ff0,0x0010,0x3ff0,0x3000,0x3ff0,0x0000,0x0000}, /* U+BE68 */
    {0x0000,0x0000,0x0010,0xd690,0xd690,0x7390,0x569c,0xd690,0xd690,0x7290,0x0000,0x3df0,0x0510,0x7d10,0x61b0,0x7ff0,0x0000,0x0000}, /* U+BE6A */
    {0x0000,0x0000,0x0010,0xd490,0xd490,0xf790,0xd69c,0xd49c,0xd690,0x7790,0x0010,0x3ff0,0x2030,0x2010,0x2010,0x3ff0,0x2000,0x0000}, /* U+BE70 */
    {0x0000,0x0010,0x0010,0x5690,0x5690,0x7390,0x529c,0x5690,0xd690,0x7390,0x0010,0x3030,0x1ff0,0x3010,0x1030,0x3ff0,0x0000,0x0000}, /* U+BE71 */
    {0x0000,0x0010,0x0010,0x5290,0xd690,0x7390,0xd29c,0xd29c,0xd690,0xf390,0x0010,0x0110,0x0300,0x0680,0x0c60,0x3038,0x0000,0x0000}, /* U+BE73 */
    {0x0000,0x0010,0x0010,0xd290,0xd290,0x7390,0xd29c,0xd29c,0xf390,0x7390,0x0020,0x0c20,0x0c60,0x1e70,0x3298,0x6108,0x0000,0x0000}, /* U+BE74 */
    {0x0000,0x0000,0x0010,0xd490,0xd490,0xf790,0xd69c,0xd49c,0xd490,0xf790,0x0010,0x0780,0x3ff0,0x2010,0x2010,0x3ff0,0x0780,0x0000}, /* U+BE75 */
    {0x0000,0x0000,0x0010,0xd690,0xd690,0xf390,0xd69c,0xd69c,0xd690,0x7390,0x0780,0x0780,0x3ff0,0x07c0,0x1860,0x1c60,0x0780,0x0000}, /* U+BE7B */
    {0x0000,0x0000,0x0028,0x0068,0x55a8,0x55a8,0x55a8,0x7728,0x5538,0x55b8,0x55a8,0x55a8,0x7328,0x0028,0x0068,0x0008,0x0000,0x0000}, /* U+BE7C */
    {0x0000,0x0008,0x0068,0x5568,0x5568,0x7768,0x5538,0x5538,0x5528,0x7368,0x0000,0x1ff8,0x0008,0x0008,0x0008,0x0008,0x0008,0x0000}, /* U+BE7D */
    {0x0000,0x0000,0x0028,0x0028,0x5528,0x5528,0x7728,0x5538,0x5538,0x5528,0x7728,0x0028,0x1028,0x1008,0x1000,0x1ffc,0x0000,0x0000}, /* U+BE80 */
    {0x0000,0x0000,0x0068,0x5568,0x5528,0x5528,0x7728,0x5538,0x5528,0x7728,0x0000,0x1ff8,0x0008,0x1ff8,0x1000,0x1ffc,0x0800,0x0000}, /* U+BE84 */
    {0x0000,0x0000,0x0068,0x5528,0x5528,0x7728,0x5538,0x5528,0x5528,0x7728,0x0008,0x1ff8,0x1808,0x1008,0x1008,0x1ff8,0x0000,0x0000}, /* U+BE8C */
    {0x0000,0x0000,0x0068,0x5568,0x5528,0x5528,0x7738,0x5538,0x5528,0x7328,0x0000,0x1808,0x1ff8,0x1808,0x1808,0x1ff8,0x0000,0x0000}, /* U+BE8D */
    {0x0000,0x0008,0x0028,0x5528,0x5528,0x7728,0x5538,0x5538,0x5528,0x7728,0x0028,0x0108,0x0188,0x02c0,0x0c60,0x3838,0x0000,0x0000}, /* U+BE8F */
    {0x0000,0x0008,0x0028,0x5528,0x5528,0x7728,0x5538,0x5528,0x7728,0x0028,0x0000,0x0430,0x0c30,0x0a78,0x134c,0x2084,0x0000,0x0000}, /* U+BE90 */
    {0x0000,0x0000,0x0028,0x5528,0x5528,0x7728,0x5538,0x5528,0x5528,0x7728,0x0028,0x07e0,0x1c38,0x1008,0x1818,0x0ff0,0x0000,0x0000}, /* U+BE91 */
    {0x0000,0x0010,0x0010,0x0010,0xd490,0x9490,0xd49c,0xf79c,0x9490,0x9490,0x9490,0xf79c,0x0010,0x0010,0x0010,0x0010,0x0010,0x0000}, /* U+BE98 */
    {0x0000,0x0010,0x0010,0xd290,0xd290,0xf39c,0xd290,0xd290,0xf39c,0x0010,0x0010,0x3fe0,0x3ff0,0x0010,0x0010,0x0010,0x0010,0x0000}, /* U+BE99 */
    {0x0000,0x0010,0x0010,0x52d0,0x5290,0x739c,0x5290,0x5290,0x739c,0x7390,0x0010,0x3ff0,0x2010,0x2010,0x2010,0x3ff0,0x2000,0x0000}, /* U+BEA8 */
    {0x0000,0x0000,0x0018,0x0018,0x5ad8,0x5ad8,0x5ad8,0x7bd8,0x5af8,0x5ad8,0x5ad8,0x7bd8,0x0018,0x0018,0x0018,0x0018,0x0000,0x0000}, /* U+BED0 */
    {0x0000,0x0018,0x0018,0x4a58,0x4a58,0x7bd8,0x5af8,0x4a58,0x5a58,0x7bd8,0x0018,0x3ff0,0x3ff8,0x0018,0x0018,0x0018,0x0000,0x0000}, /* U+BED1 */
    {0x0000,0x0000,0x0018,0x4a58,0x4a58,0x4a58,0x7bd8,0x4a78,0x4a58,0x5ad8,0x7bd8,0x0018,0x1018,0x1000,0x1000,0x1ff8,0x0000,0x0000}, /* U+BED4 */
    {0x0000,0x0000,0x0018,0x5a58,0x5a58,0x7bd8,0x5af8,0x5a58,0x7bd8,0x0018,0x0018,0x1ff8,0x1000,0x1000,0x1000,0x1ff8,0x0000,0x0000}, /* U+BED7 */
    {0x0000,0x0000,0x0018,0x4a58,0x4a58,0x7bd8,0x7bf8,0x4a58,0x4a58,0x7bd8,0x0000,0x1ff8,0x0018,0x1ff8,0x1000,0x1ff8,0x0000,0x0000}, /* U+BED8 */
    {0x0000,0x0018,0x0018,0x5ad8,0x5ad8,0x7bd8,0x5af8,0x5ad8,0x7bd8,0x0018,0x0000,0x1ff8,0x3018,0x3018,0x1018,0x3ff8,0x0000,0x0000}, /* U+BEE0 */
    {0x0000,0x0018,0x4218,0x4a58,0x5ad8,0x7bd8,0x4a78,0x4a58,0x5ad8,0x7398,0x0018,0x0198,0x0180,0x02c0,0x0c60,0x3838,0x0000,0x0000}, /* U+BEE3 */
    {0x0000,0x0000,0x0018,0x4a58,0x4a58,0x7bd8,0x4a78,0x4a58,0x5a58,0x7bd8,0x0410,0x0420,0x0430,0x0e70,0x1b58,0x31cc,0x0000,0x0000}, /* U+BEE4 */
    {0x0000,0x0000,0x0018,0x4298,0x5ad8,0x7bd8,0x7bd8,0x4af8,0x5ad8,0x7398,0x0018,0x03c0,0x1ff0,0x3018,0x3018,0x1ff0,0x0000,0x0000}, /* U+BEE5 */
    {0x0000,0x0000,0x002c,0x0028,0x55a8,0x55a8,0x55a8,0x77a8,0x54e8,0x55a8,0x55a8,0x77a8,0x0028,0x0028,0x0028,0x000c,0x0000,0x0000}, /* U+BEEC */
    {0x0000,0x0000,0x0068,0x5568,0x5528,0x7728,0x55e8,0x55e8,0x5528,0x7768,0x0028,0x07e0,0x1c38,0x1008,0x1818,0x0ff0,0x0000,0x0000}, /* U+BF01 */
    {0x0000,0x0000,0x0018,0x0018,0x5ad8,0x4ad8,0x7bf8,0x5af8,0x4ad8,0x5ad8,0x4af8,0x7bd8,0x0018,0x0018,0x0018,0x0018,0x0000,0x0000}, /* U+BF08 */
    {0x0000,0x0018,0x0018,0x5ad8,0x5af8,0x73d8,0x5ad8,0x5af8,0x5ad8,0x7398,0x0000,0x3ff0,0x0018,0x0018,0x0018,0x0018,0x0000,0x0000}, /* U+BF09 */
    {0x0000,0x0018,0x0018,0x5ad8,0x5af8,0x7bd8,0x5ad8,0x5af8,0x7bd8,0x0018,0x0000,0x1ff8,0x3018,0x3018,0x1018,0x3ff8,0x0000,0x0000}, /* U+BF18 */
    {0x0000,0x0000,0x0018,0x4a58,0x4a78,0x7bf8,0x6a58,0x4a78,0x6b78,0x39d8,0x0018,0x1818,0x1ff8,0x1018,0x1818,0x1ff8,0x0000,0x0000}, /* U+BF19 */
    {0x0000,0x0018,0x4218,0x4a58,0x5ad8,0x7bf8,0x4a58,0x4a58,0x5a78,0x7bd8,0x0018,0x0198,0x0380,0x02c0,0x0c60,0x3818,0x0000,0x0000}, /* U+BF1B */
    {0x0000,0x0000,0x0018,0x4a58,0x4a58,0x7bf8,0x5ad8,0x4a58,0x5a78,0x7bd8,0x0010,0x0430,0x0430,0x0e70,0x1b58,0x31cc,0x0000,0x0000}, /* U+BF1C */
    {0x0000,0x0000,0x0018,0x4298,0x5ad8,0x7bf8,0x7bd8,0x5ad8,0x5af8,0x7bd8,0x0018,0x03c0,0x1ff0,0x3018,0x3018,0x1ff0,0x0000,0x0000}, /* U+BF1D */
    {0x0000,0x0000,0x0000,0x4498,0x4498,0x7cf8,0x6c98,0x4498,0x4498,0x7cf8,0x0300,0x0300,0x0200,0xfffc,0x0000,0x0000,0x0000,0x0000}, /* U+BF40 */
    {0x0000,0x0480,0x4498,0x7cf8,0x6498,0x4488,0x7cf8,0x0300,0x0300,0xfffc,0x0000,0x3ff0,0x0030,0x0010,0x0010,0x0010,0x0010,0x0000}, /* U+BF41 */
    {0x0000,0x0000,0x4498,0x6498,0x7cf8,0x4498,0x6498,0x3cf0,0x0300,0xfffc,0x0000,0x0000,0x2000,0x2000,0x3000,0x3ff8,0x0000,0x0000}, /* U+BF44 */
    {0x0000,0x0000,0x4498,0x6498,0x7cf8,0x4498,0x7cf8,0x0200,0x0300,0xfffc,0x0000,0x3ff0,0x0030,0x3ff0,0x2000,0x3ff0,0x0000,0x0000}, /* U+BF48 */
    {0x0000,0x4488,0x4498,0x7cf8,0x6498,0x4498,0x7cf8,0x0300,0x0300,0xfffc,0x0000,0x3ff0,0x2030,0x2010,0x2030,0x3ff0,0x2000,0x0000}, /* U+BF50 */
    {0x0000,0x0000,0x6490,0x7cf0,0x6c90,0x6490,0x7cf0,0x0300,0x0300,0xfffc,0x0000,0x2030,0x3ff0,0x2010,0x2030,0x3ff0,0x0000,0x0000}, /* U+BF51 */
    {0x0000,0x0000,0x4498,0x6498,0x7cf8,0x4498,0x7cf8,0x0300,0x0300,0xfffc,0x0000,0x0fc0,0x3870,0x2010,0x3030,0x1fe0,0x0000,0x0000}, /* U+BF55 */
    {0x0000,0x0000,0x0018,0x4a58,0x4a58,0x6b58,0x7bd8,0x4a58,0x4a58,0x7bd8,0x0018,0x0418,0x0418,0x7ff8,0x7ff8,0x0018,0x0000,0x0000}, /* U+BF94 */
    {0x0000,0x0000,0x0000,0x6498,0x6498,0x7cf0,0x6498,0x6498,0x7cf8,0x3cf0,0x0840,0x0840,0x08c0,0xfffc,0x0000,0x0000,0x0000,0x0000}, /* U+BFB0 */
    {0x0000,0x0000,0x6590,0x7cf0,0x6490,0x6490,0x7cf0,0x0cc0,0x0480,0xfffc,0x0000,0x0780,0x3fe0,0x2010,0x2030,0x1fe0,0x0000,0x0000}, /* U+BFC5 */
    {0x0000,0x0000,0x6498,0x6498,0x7cf8,0x6498,0x4498,0x7cf8,0x0000,0xfffc,0xfffc,0x0300,0x0300,0x0300,0x0300,0x0300,0x0000,0x0000}, /* U+BFCC */
    {0x0000,0x0000,0x6498,0x7cf8,0x6498,0x6498,0x7cf8,0x0000,0xfffc,0x0300,0x0300,0x3ff0,0x0030,0x0010,0x0030,0x0030,0x0000,0x0000}, /* U+BFCD */
    {0x0000,0x0000,0x6498,0x6498,0x7cf8,0x6488,0x7cf8,0x0000,0x0000,0xfffc,0x0300,0x2300,0x2300,0x2000,0x3000,0x3ff0,0x0000,0x0000}, /* U+BFD0 */
    {0x0000,0x0000,0x4498,0x7cf8,0x6498,0x4488,0x7cf8,0x0000,0xfffc,0x0300,0x0300,0x3ff0,0x0010,0x3ff0,0x2000,0x3ff0,0x0000,0x0000}, /* U+BFD4 */
    {0x0000,0x0000,0x6498,0x7cf8,0x6498,0x6498,0x7cf8,0x38e0,0x0000,0xfffc,0x0300,0x0300,0x3ff0,0x2010,0x2010,0x3ff0,0x0000,0x0000}, /* U+BFDC */
    {0x0000,0x0000,0x6498,0x7cf8,0x6498,0x6488,0x7cf8,0x0000,0xfffc,0x0300,0x0300,0x0200,0x0300,0x0480,0x1870,0x7030,0x0000,0x0000}, /* U+BFDF */
    {0x0000,0x0000,0x4498,0x7cf8,0x6498,0x6488,0x7cf8,0x0000,0xfffc,0x0300,0x0300,0x0300,0x3fe0,0x2010,0x2030,0x1fe0,0x0000,0x0000}, /* U+BFE1 */
    {0x0000,0x0000,0x6498,0x6490,0x7cf0,0x6490,0x6498,0x7cf0,0x0000,0xfffc,0xfffc,0x0840,0x1840,0x1840,0x1840,0x1840,0x0040,0x0000}, /* U+C03C */
    {0x0000,0x0000,0x6498,0x7cf8,0x6498,0x6488,0x7cf8,0x0000,0xfffc,0x0cc0,0x0840,0x0cc0,0x3fe0,0x2010,0x2010,0x1fe0,0x0000,0x0000}, /* U+C051 */
    {0x0000,0x0000,0x0000,0x4488,0x4488,0x7cf8,0x7cf8,0x4488,0x4488,0x7cf8,0x3cf0,0x0000,0x0000,0xfffc,0x0000,0x0000,0x0000,0x0000}, /* U+C058 */
    {0x0000,0x0000,0x4488,0x6498,0x7cf8,0x4498,0x6498,0x3cf0,0x0000,0xfffc,0x0000,0x0000,0x2000,0x2000,0x3000,0x3ff8,0x0000,0x0000}, /* U+C05C */
    {0x0000,0x0000,0x4498,0x6498,0x7cf8,0x4498,0x7cf8,0x0000,0xfffc,0xfffc,0x0000,0x3ff0,0x0030,0x3ff0,0x2000,0x3ff0,0x0000,0x0000}, /* U+C060 */
    {0x0000,0x0000,0x6498,0x7cf8,0x7cf8,0x6498,0x7cf8,0x0000,0xfffc,0xfffc,0x0000,0x3ff0,0x2030,0x2010,0x2030,0x3ff0,0x0000,0x0000}, /* U+C068 */
    {0x0000,0x0000,0x4498,0x7cf8,0x6498,0x4498,0x7cf0,0x0000,0xfffc,0x0000,0x0000,0x3030,0x3ff0,0x2010,0x3010,0x3ff0,0x0000,0x0000}, /* U+C069 */
    {0x0000,0x0000,0x0018,0x0018,0x5a58,0x5a58,0x5a58,0x7bd8,0x5a58,0x5a58,0x5a58,0x5ad8,0x7398,0x0018,0x0018,0x0018,0x0000,0x0000}, /* U+C090 */
    {0x0000,0x0000,0x0018,0x4a58,0x4a58,0x7bd8,0x5ad8,0x4a58,0x5ad8,0x7bd8,0x0000,0x3ff0,0x3ff8,0x0018,0x0018,0x0018,0x0000,0x0000}, /* U+C091 */
    {0x0000,0x0000,0x0018,0x4a58,0x4a58,0x4a58,0x7bd8,0x4a58,0x4a58,0x5ad8,0x7bd8,0x0018,0x1018,0x1000,0x1000,0x1ff8,0x0000,0x0000}, /* U+C094 */
    {0x0000,0x0000,0x0018,0x4a58,0x4a58,0x7bd8,0x6a58,0x4a58,0x6b58,0x3198,0x0000,0x1ff8,0x0018,0x1ff0,0x1000,0x1ff8,0x0000,0x0000}, /* U+C098 */
    {0x0000,0x0018,0x0018,0x5ad8,0x5ad8,0x7bd8,0x5ad8,0x5ad8,0x7bd8,0x0018,0x0000,0x1ff8,0x1018,0x1018,0x1018,0x1ff8,0x0000,0x0000}, /* U+C0A0 */
    {0x0000,0x0000,0x0018,0x4a58,0x4a58,0x7bd8,0x6a58,0x4a58,0x6b58,0x39c8,0x0000,0x1818,0x1ff8,0x1018,0x1818,0x1ff8,0x0000,0x0000}, /* U+C0A1 */
    {0x0000,0x0018,0x4218,0x4a58,0x5ad8,0x7bd8,0x4a58,0x4a58,0x5ad8,0x7398,0x0018,0x0188,0x0180,0x02c0,0x0c60,0x3838,0x0000,0x0000}, /* U+C0A3 */
    {0x0000,0x0000,0x0018,0x4298,0x5ad8,0x7bd8,0x7bd8,0x4ad8,0x5ad8,0x7398,0x0018,0x03c0,0x1ff0,0x3018,0x3018,0x1ff0,0x0000,0x0000}, /* U+C0A5 */
    {0x0000,0x0010,0x0010,0x0810,0x0810,0x0810,0x0810,0x1c10,0x1410,0x361c,0x6310,0xc190,0x8010,0x0010,0x0010,0x0010,0x0000,0x0000}, /* U+C0AC */
    {0x0000,0x0010,0x0810,0x0810,0x0810,0x1c10,0x1610,0x331c,0x6190,0x8090,0x0000,0x3ff0,0x0030,0x0010,0x0010,0x0010,0x0010,0x0000}, /* U+C0AD */
    {0x0000,0x0010,0x0810,0x0810,0x0810,0x1c10,0x141c,0x321c,0x6190,0xc090,0x0010,0x7c60,0x0c60,0x0460,0x04d0,0x0598,0x0400,0x0000}, /* U+C0AF */
    {0x0000,0x0010,0x0810,0x0810,0x0810,0x1c10,0x1410,0x321c,0x6190,0xc090,0x0010,0x0010,0x2010,0x2000,0x2000,0x3ff0,0x0000,0x0000}, /* U+C0B0 */
    {0x0000,0x0000,0x0810,0x0810,0x0810,0x1c10,0x361c,0x631c,0xc190,0x18090,0x0000,0x3ff0,0x3000,0x2000,0x2000,0x3ff0,0x0000,0x0000}, /* U+C0B3 */
    {0x0000,0x0010,0x0810,0x0c10,0x0810,0x0c10,0x1610,0x331c,0x6190,0xc090,0x0000,0x3ff0,0x0010,0x3ff0,0x3000,0x3ff0,0x0000,0x0000}, /* U+C0B4 */
    {0x0000,0x0010,0x0810,0x0810,0x1810,0x1c10,0x361c,0x6310,0xc110,0x0000,0x3ff0,0x0610,0x3e10,0x3c10,0x2010,0x3e10,0x0000,0x0000}, /* U+C0B5 */
    {0x0000,0x0010,0x0010,0x0810,0x1810,0x1c10,0x361c,0x6310,0xc110,0x0000,0x3cf0,0x0490,0x1c90,0x3c90,0x2090,0x3ef0,0x0090,0x0000}, /* U+C0B6 */
    {0x0000,0x0010,0x0810,0x0810,0x0810,0x1c10,0x361c,0x6310,0xc190,0x0010,0x0000,0x3ff0,0x2010,0x2010,0x3030,0x3ff0,0x0000,0x0000}, /* U+C0BC */
    {0x0000,0x0010,0x0010,0x0c10,0x0810,0x0c10,0x1610,0x321c,0x6190,0xc090,0x0000,0x3010,0x3ff0,0x3030,0x3010,0x3ff0,0x0000,0x0000}, /* U+C0BD */
    {0x0000,0x0010,0x0810,0x0810,0x0810,0x1c10,0x1610,0x331c,0x6190,0x8090,0x0110,0x0190,0x0380,0x0240,0x0c70,0x3818,0x0000,0x0000}, /* U+C0BF */
    {0x0000,0x0000,0x0810,0x0810,0x0810,0x1c10,0x1610,0x231c,0x6190,0x8010,0x0000,0x0c20,0x0c30,0x1e70,0x32c8,0x618c,0x0000,0x0000}, /* U+C0C0 */
    {0x0000,0x0000,0x0010,0x0810,0x1810,0x1810,0x1410,0x261c,0x6310,0x8090,0x0010,0x0fc0,0x3030,0x2018,0x3010,0x1ff0,0x0000,0x0000}, /* U+C0C1 */
    {0x0000,0x0000,0x0810,0x0810,0x0810,0x1c10,0x161c,0x231c,0xe190,0x8010,0x0000,0x1ff0,0x1000,0x1ff0,0x1000,0x1ff0,0x0000,0x0000}, /* U+C0C5 */
    {0x0000,0x0000,0x0048,0x0848,0x0848,0x0848,0x1848,0x1848,0x1c78,0x2448,0x6648,0xc248,0x0048,0x0048,0x0048,0x0008,0x0000,0x0000}, /* U+C0C8 */
    {0x0000,0x0000,0x0848,0x0848,0x0848,0x1848,0x1c78,0x3478,0x6248,0xc048,0x0048,0x1ff8,0x1ff8,0x0008,0x0008,0x0008,0x0000,0x0000}, /* U+C0C9 */
    {0x0000,0x0000,0x0048,0x0848,0x0848,0x1848,0x1848,0x1c48,0x2678,0x6348,0xc048,0x0048,0x1048,0x1008,0x1000,0x1ff8,0x0000,0x0000}, /* U+C0CC */
    {0x0000,0x0000,0x0848,0x0848,0x1848,0x1848,0x1c78,0x3478,0x6248,0xc048,0x0008,0x0ff8,0x0008,0x0ff8,0x1800,0x1ffc,0x0000,0x0000}, /* U+C0D0 */
    {0x0000,0x0000,0x0848,0x0848,0x0848,0x1848,0x1c48,0x3478,0x6248,0xc148,0x0048,0x1ff8,0x1808,0x1008,0x1808,0x1ff8,0x0008,0x0000}, /* U+C0D8 */
    {0x0000,0x0000,0x0848,0x0848,0x1848,0x1848,0x1c48,0x3478,0x6248,0xc148,0x0008,0x1808,0x1ff8,0x1808,0x1808,0x1ff8,0x0000,0x0000}, /* U+C0D9 */
    {0x0000,0x0000,0x0848,0x0848,0x1848,0x1848,0x1c78,0x3678,0x6348,0xc048,0x0048,0x0088,0x0188,0x03c0,0x0660,0x1c1c,0x0000,0x0000}, /* U+C0DB */
    {0x0000,0x0000,0x0848,0x0848,0x1848,0x1848,0x1c78,0x3648,0x6348,0xc048,0x0018,0x0430,0x0c30,0x0e30,0x1348,0x61c4,0x0000,0x0000}, /* U+C0DC */
    {0x0000,0x0000,0x0848,0x0848,0x0848,0x1848,0x1c48,0x3478,0x6248,0xc148,0x0048,0x07e0,0x1c38,0x3008,0x1818,0x0ff0,0x0000,0x0000}, /* U+C0DD */
    {0x0000,0x0010,0x0010,0x0810,0x0810,0x0810,0x0810,0x1c1e,0x1410,0x3610,0x6310,0xc19e,0x8010,0x0010,0x0010,0x0010,0x0000,0x0000}, /* U+C0E4 */
    {0x0000,0x0000,0x0010,0x0810,0x0810,0x1c1c,0x1610,0x3310,0x619c,0x8090,0x0000,0x3ff0,0x0030,0x0010,0x0010,0x0010,0x0010,0x0000}, /* U+C0E5 */
    {0x0000,0x0010,0x0810,0x0810,0x0810,0x1c1c,0x1410,0x3210,0x6190,0xc09c,0x0010,0x0010,0x2010,0x2000,0x2000,0x3ff0,0x0000,0x0000}, /* U+C0E8 */
    {0x0000,0x0010,0x0010,0x0c10,0x0810,0x0c1c,0x1c10,0x3210,0x639c,0xc090,0x0010,0x3ff0,0x0010,0x3ff0,0x3000,0x3ff0,0x0000,0x0000}, /* U+C0EC */
    {0x0000,0x0010,0x0810,0x0810,0x081c,0x1c1c,0x3610,0x631c,0xc19c,0x18010,0x0000,0x3ff0,0x2010,0x2010,0x3010,0x3ff0,0x0000,0x0000}, /* U+C0F4 */
    {0x0000,0x0010,0x0010,0x0c10,0x0810,0x0c1c,0x1c10,0x3210,0x639c,0xc090,0x0000,0x3010,0x3ff0,0x3030,0x3010,0x3ff0,0x0000,0x0000}, /* U+C0F5 */
    {0x0000,0x0000,0x0810,0x0810,0x0810,0x1c1c,0x1610,0x3310,0x619c,0x8090,0x0110,0x0190,0x0380,0x0240,0x0c70,0x3818,0x0000,0x0000}, /* U+C0F7 */
    {0x0000,0x0000,0x0010,0x0c10,0x0c10,0x0c1c,0x1c10,0x3210,0x619c,0xc090,0x0010,0x0fc0,0x3030,0x2010,0x3010,0x1fe0,0x0000,0x0000}, /* U+C0F9 */
    {0x0000,0x0000,0x0048,0x0848,0x0848,0x0848,0x1848,0x1878,0x1c48,0x3448,0x6678,0xc368,0x0048,0x0048,0x0048,0x0008,0x0000,0x0000}, /* U+C100 */
    {0x0000,0x0000,0x0048,0x0848,0x0848,0x1868,0x1878,0x1c48,0x3648,0x6378,0xc148,0x0048,0x1048,0x1008,0x1000,0x1ffc,0x0000,0x0000}, /* U+C104 */
    {0x0000,0x0000,0x0848,0x0848,0x1848,0x1878,0x1c48,0x3478,0x6248,0xc048,0x0008,0x0ff8,0x0008,0x0ff8,0x1800,0x0ffc,0x0000,0x0000}, /* U+C108 */
    {0x0000,0x0000,0x0848,0x0848,0x0848,0x1878,0x1c48,0x3478,0x6278,0xc148,0x0008,0x1ff8,0x1808,0x1008,0x1808,0x1ff8,0x0008,0x0000}, /* U+C110 */
    {0x0000,0x0000,0x0848,0x0848,0x0848,0x1878,0x1c48,0x2478,0x6278,0xc148,0x0048,0x07e0,0x1c38,0x100c,0x1808,0x0ff8,0x0000,0x0000}, /* U+C115 */
    {0x0000,0x0000,0x0018,0x0818,0x0818,0x0818,0x0818,0x1cf8,0x1418,0x3618,0x6218,0xc318,0x8118,0x0018,0x0018,0x0018,0x0000,0x0000}, /* U+C11C */
    {0x0000,0x0000,0x0818,0x0c18,0x0818,0x1c78,0x1478,0x3218,0x6318,0xc018,0x0000,0x1ff8,0x0018,0x0018,0x0018,0x0018,0x0000,0x0000}, /* U+C11D */
    {0x0000,0x0000,0x0818,0x0c18,0x0818,0x1c78,0x1478,0x3218,0x6318,0xc018,0x0000,0x7ef8,0x0618,0x0618,0x0618,0x0618,0x0000,0x0000}, /* U+C11E */
    {0x0000,0x0008,0x0418,0x0418,0x0c18,0x0ef8,0x1a18,0x1318,0x61d8,0x4058,0x0000,0x7e20,0x0630,0x0670,0x0658,0x06cc,0x0000,0x0000}, /* U+C11F */
    {0x0000,0x0000,0x0018,0x0c18,0x0818,0x0818,0x1cf8,0x1618,0x2318,0xc198,0x8018,0x0018,0x1018,0x1000,0x1000,0x1ff8,0x0000,0x0000}, /* U+C120 */
    {0x0000,0x0000,0x0018,0x0c18,0x0818,0x0c18,0x1c78,0x1618,0x2218,0xc118,0x0000,0x1ff8,0x1ff8,0x1000,0x1000,0x1ff8,0x0000,0x0000}, /* U+C123 */
    {0x0000,0x0000,0x0018,0x0818,0x0818,0x1cf8,0x1478,0x3618,0x6318,0xc018,0x1ff0,0x1ff8,0x0018,0x1ff0,0x1000,0x1ff8,0x0000,0x0000}, /* U+C124 */
    {0x0000,0x0000,0x0818,0x0818,0x0818,0x1cf8,0x1618,0x2218,0x6118,0x8000,0x3cf0,0x0698,0x3e98,0x2098,0x2098,0x3ef8,0x0000,0x0000}, /* U+C126 */
    {0x0000,0x0000,0x0818,0x0818,0x0818,0x1cf8,0x1618,0x2218,0x6118,0x8000,0x3c88,0x0698,0x3ef8,0x2098,0x2098,0x3ef8,0x0000,0x0000}, /* U+C127 */
    {0x0000,0x0018,0x0818,0x0818,0x0818,0x0c18,0x1c78,0x3618,0x2218,0xc118,0x0000,0x1ff8,0x1018,0x1018,0x1018,0x1ff8,0x1000,0x0000}, /* U+C12C */
    {0x0000,0x0008,0x0018,0x0c18,0x0818,0x0c18,0x1c78,0x3618,0x2318,0xc108,0x1000,0x1018,0x1ff8,0x1018,0x1018,0x1ff8,0x1000,0x0000}, /* U+C12D */
    {0x0000,0x0000,0x0018,0x0c18,0x0818,0x0c18,0x1cf8,0x1418,0x3218,0x6318,0x0018,0x0180,0x0180,0x03c0,0x0660,0x1838,0x0000,0x0000}, /* U+C12F */
    {0x0000,0x0000,0x0418,0x0c18,0x0c18,0x0c18,0x1c78,0x1618,0x2318,0x4198,0x0010,0x0410,0x0c10,0x0e38,0x1b6c,0x30c4,0x0000,0x0000}, /* U+C130 */
    {0x0000,0x0000,0x0818,0x0c18,0x0818,0x1c78,0x1478,0x3218,0x6398,0xc098,0x0018,0x0fe0,0x1c70,0x3018,0x3018,0x1ff0,0x0000,0x0000}, /* U+C131 */
    {0x0000,0x0000,0x0018,0x0c18,0x0c18,0x0c18,0x1c78,0x1618,0x3318,0x6118,0x0008,0x3ff8,0x0000,0x0460,0x0440,0x3ff8,0x0000,0x0000}, /* U+C136 */
    {0x0000,0x0000,0x006c,0x0868,0x0868,0x0868,0x1868,0x19e8,0x1c68,0x3468,0x6668,0xc368,0x0068,0x0068,0x0068,0x000c,0x0000,0x0000}, /* U+C138 */
    {0x0000,0x0008,0x0048,0x0848,0x0848,0x1848,0x1dc8,0x3448,0x6248,0xc348,0x0040,0x1ff8,0x1ff8,0x0008,0x0008,0x0008,0x0000,0x0000}, /* U+C139 */
    {0x0000,0x0000,0x0048,0x0848,0x0848,0x1848,0x1848,0x1dc8,0x3448,0x6648,0xc248,0x0048,0x1048,0x1000,0x1000,0x1ffc,0x0000,0x0000}, /* U+C13C */
    {0x0000,0x0008,0x0048,0x0848,0x0848,0x1848,0x19c8,0x3448,0x6648,0xc248,0x0008,0x0ff8,0x0008,0x0ff8,0x0800,0x0ffc,0x0018,0x0000}, /* U+C140 */
    {0x0000,0x0000,0x004c,0x0848,0x0848,0x1848,0x1dc8,0x344c,0x624c,0xc34c,0x0040,0x1ff8,0x180c,0x100c,0x100c,0x1ffc,0x1008,0x0000}, /* U+C148 */
    {0x0000,0x0008,0x0048,0x0848,0x0848,0x1848,0x1dc8,0x3448,0x6648,0xc248,0x0008,0x0808,0x0ff8,0x0808,0x0808,0x0ff8,0x0800,0x0000}, /* U+C149 */
    {0x0000,0x0008,0x0048,0x0848,0x0848,0x1848,0x1dc8,0x3448,0x6248,0xc048,0x0048,0x0088,0x0180,0x03c0,0x0660,0x1c1c,0x0000,0x0000}, /* U+C14B */
    {0x0000,0x0008,0x0848,0x0848,0x1848,0x1848,0x1dc8,0x3448,0x6248,0xc048,0x0008,0x0430,0x0c30,0x0e30,0x1348,0x61c4,0x0000,0x0000}, /* U+C14C */
    {0x0000,0x0000,0x004c,0x0848,0x0848,0x1848,0x1dc8,0x344c,0x624c,0xc04c,0x0008,0x07e0,0x1c38,0x100c,0x180c,0x0ff8,0x0000,0x0000}, /* U+C14D */
    {0x0000,0x0000,0x0018,0x0c18,0x0818,0x0818,0x0cf8,0x1c18,0x1418,0x36f8,0x6318,0xc198,0x8018,0x0018,0x0018,0x0018,0x0000,0x0000}, /* U+C154 */
    {0x0000,0x0000,0x0c18,0x0c18,0x0878,0x1c18,0x1618,0x2278,0x6198,0x8018,0x0000,0x3ff8,0x0018,0x0018,0x0018,0x0018,0x0000,0x0000}, /* U+C155 */
    {0x0000,0x0000,0x0018,0x0c18,0x0818,0x0878,0x1c18,0x1618,0x2278,0xc198,0x8018,0x0018,0x1018,0x1000,0x1000,0x1ff8,0x0000,0x0000}, /* U+C158 */
    {0x0000,0x0000,0x0018,0x0818,0x0818,0x1c78,0x1418,0x2278,0x6118,0xc018,0x0000,0x1ff8,0x0018,0x1ff0,0x1000,0x1ff8,0x0000,0x0000}, /* U+C15C */
    {0x0000,0x0008,0x0818,0x0818,0x0878,0x0c18,0x1c18,0x36f8,0x2218,0xc118,0x0010,0x1ff8,0x1018,0x1018,0x1018,0x1ff8,0x0000,0x0000}, /* U+C164 */
    {0x0000,0x0008,0x0c18,0x0818,0x0c78,0x1c18,0x1418,0x3278,0x6318,0xc118,0x1000,0x1018,0x1ff8,0x1018,0x1018,0x1ff8,0x1000,0x0000}, /* U+C165 */
    {0x0000,0x0000,0x0418,0x0c18,0x0878,0x0c18,0x1c18,0x3678,0x2318,0x4118,0x0018,0x0180,0x0180,0x03c0,0x0660,0x1838,0x0000,0x0000}, /* U+C167 */
    {0x0000,0x0000,0x0418,0x0c18,0x0878,0x0c18,0x1c18,0x1678,0x2318,0x4118,0x0010,0x0410,0x0c10,0x0e38,0x1b6c,0x70c4,0x0000,0x0000}, /* U+C168 */
    {0x0000,0x0000,0x0018,0x0818,0x0878,0x0c18,0x1c18,0x16f8,0x2218,0xc118,0x0018,0x0fe0,0x1c70,0x3018,0x3018,0x1ff0,0x0000,0x0000}, /* U+C169 */
    {0x0000,0x0000,0x0008,0x0868,0x0868,0x0868,0x19e8,0x1868,0x1868,0x3de8,0x67e8,0x4268,0x8068,0x0068,0x0068,0x0008,0x0000,0x0000}, /* U+C170 */
    {0x0000,0x0000,0x0048,0x0868,0x0848,0x19c8,0x1848,0x1dc8,0x27c8,0x6248,0xc048,0x0048,0x1048,0x1000,0x1000,0x1ffc,0x0000,0x0000}, /* U+C174 */
    {0x0000,0x0008,0x0848,0x0848,0x19c8,0x1848,0x1dc8,0x27c8,0x6248,0xc048,0x0ff8,0x0ff8,0x0008,0x0ff8,0x0800,0x0ffc,0x0000,0x0000}, /* U+C178 */
    {0x0000,0x0000,0x0848,0x0848,0x09c8,0x1848,0x1c48,0x35c8,0x6648,0xc348,0x0008,0x07e0,0x1c38,0x100c,0x180c,0x0ff8,0x0000,0x0000}, /* U+C185 */
    {0x0000,0x0000,0x0000,0x0300,0x0300,0x0780,0x0cc0,0x1870,0x601c,0x0000,0x0300,0x0300,0x0300,0xfffc,0xfffc,0x0000,0x0000,0x0000}, /* U+C18C */
    {0x0000,0x0000,0x0300,0x0780,0x0cc0,0x7878,0x4200,0x0300,0x0300,0xfffc,0x0000,0x3ff0,0x0030,0x0030,0x0030,0x0030,0x0000,0x0000}, /* U+C18D */
    {0x0000,0x0000,0x0300,0x0780,0x0cc0,0x7878,0x6318,0x0300,0xfffc,0x0000,0x7df0,0x0618,0x0618,0x0618,0x0618,0x0418,0x0000,0x0000}, /* U+C18E */
    {0x0000,0x0000,0x0300,0x0300,0x0580,0x18e0,0x7038,0x0300,0x0300,0xfffc,0xfffc,0x2000,0x3000,0x2000,0x3000,0x3ff8,0x0000,0x0000}, /* U+C190 */
    {0x0000,0x0000,0x0300,0x0300,0x0480,0x3870,0x6318,0x0300,0xfffc,0x0000,0x3fe0,0x0030,0x0030,0x3ff0,0x2000,0x3ff0,0x0000,0x0000}, /* U+C194 */
    {0x0000,0x0000,0x0300,0x0780,0x0cc0,0x7878,0x6318,0x0300,0xfffc,0x0000,0x3cf0,0x0498,0x3c90,0x2098,0x2098,0x3cf0,0x0000,0x0000}, /* U+C196 */
    {0x0000,0x0000,0x0300,0x0780,0x0cc0,0x7878,0x4308,0x0300,0xfffc,0xfffc,0x0000,0x3ff0,0x2010,0x2010,0x3030,0x3ff0,0x0000,0x0000}, /* U+C19C */
    {0x0000,0x0000,0x0300,0x0780,0x0cc0,0x7878,0x6318,0x0300,0xfffc,0x0000,0x2010,0x2030,0x3ff0,0x2010,0x2010,0x3ff0,0x0000,0x0000}, /* U+C19D */
    {0x0000,0x0000,0x0300,0x0780,0x0cc0,0x7878,0x6318,0x0300,0xfffc,0x0000,0x0000,0x0300,0x0700,0x0480,0x1860,0x7038,0x0000,0x0000}, /* U+C19F */
    {0x0000,0x0000,0x0300,0x0780,0x0cc0,0x7878,0x4308,0x0300,0x0300,0xfffc,0x0000,0x1fe0,0x3030,0x6018,0x2018,0x1ff0,0x0780,0x0000}, /* U+C1A1 */
    {0x0000,0x0000,0x0300,0x0780,0x0cc0,0x7878,0x4308,0x0300,0xfffc,0xfffc,0x0000,0x3ff0,0x3000,0x3fe0,0x3000,0x3ff0,0x0000,0x0000}, /* U+C1A5 */
    {0x0000,0x0010,0x0010,0x0c10,0x0c10,0x1e10,0x3310,0xe090,0x0010,0x0c1c,0x0c10,0x0ff0,0xfe10,0x0010,0x0010,0x0010,0x0000,0x0000}, /* U+C1A8 */
    {0x0000,0x0000,0x0410,0x0410,0x1e10,0x3190,0xe4d0,0x041c,0x0410,0xfff0,0x0000,0x3fe0,0x0030,0x0010,0x0010,0x0010,0x0000,0x0000}, /* U+C1A9 */
    {0x0000,0x0010,0x0410,0x0410,0x0e10,0x3310,0x60d0,0x0410,0x041c,0x0410,0xfff0,0x0010,0x0010,0x3010,0x2000,0x3ff0,0x0000,0x0000}, /* U+C1AC */
    {0x0000,0x0000,0x0410,0x0c10,0x1e10,0x3390,0xe090,0x0c1c,0x0c10,0xffd0,0x0000,0x3ff0,0x0010,0x3ff0,0x3000,0x3ff0,0x0000,0x0000}, /* U+C1B0 */
    {0x0000,0x0010,0x0410,0x0e10,0x1b10,0x71d0,0x441c,0x041c,0x0410,0xfff0,0x0010,0x1fe0,0x3030,0x2010,0x2030,0x1fe0,0x0000,0x0000}, /* U+C1BD */
    {0x0000,0x0000,0x0048,0x0868,0x0c48,0x1c48,0x3248,0x6148,0x4078,0x0878,0x0848,0x0fc8,0xff48,0x0048,0x0048,0x0008,0x0000,0x0000}, /* U+C1C4 */
    {0x0000,0x0000,0x0868,0x0868,0x1c68,0x3668,0xe368,0x0878,0x0868,0x0868,0xffe8,0x0068,0x1068,0x1800,0x1800,0x1ffc,0x0000,0x0000}, /* U+C1C8 */
    {0x0000,0x0000,0x0828,0x0868,0x1c68,0x3668,0x6368,0x0878,0x0868,0xffe8,0xe048,0x0ff8,0x0008,0x0ff8,0x1800,0x1ffc,0x0000,0x0000}, /* U+C1CC */
    {0x0000,0x0000,0x0868,0x0868,0x1c68,0x3668,0xe368,0x0878,0x0868,0xffe8,0x0008,0x1ff8,0x1808,0x1808,0x1808,0x1ff8,0x0000,0x0000}, /* U+C1D4 */
    {0x0000,0x0000,0x0868,0x0868,0x1c68,0x3668,0x6168,0x0878,0x0868,0xffe8,0x0068,0x0088,0x0180,0x03c0,0x0670,0x1818,0x0000,0x0000}, /* U+C1D7 */
    {0x0000,0x0000,0x0868,0x0868,0x1c68,0x3668,0x6128,0x0838,0x0868,0xffe8,0x0068,0x0010,0x0610,0x0638,0x0b28,0x1144,0x0000,0x0000}, /* U+C1D8 */
    {0x0000,0x0000,0x0018,0x0618,0x0618,0x0f18,0x1998,0x60d8,0x4018,0x0618,0x0418,0x07f8,0xff18,0x0018,0x0018,0x0018,0x0000,0x0000}, /* U+C1E0 */
    {0x0000,0x0000,0x0218,0x0618,0x0e18,0x1998,0x70d8,0x0018,0x0618,0x0418,0xfff8,0x0018,0x0018,0x1018,0x1000,0x1ff8,0x0000,0x0000}, /* U+C1E4 */
    {0x0000,0x0000,0x0418,0x0418,0x0e18,0x1b18,0x71d8,0x0418,0x0418,0xffd8,0x0018,0x1ff8,0x0018,0x1ff8,0x1000,0x1ff8,0x0000,0x0000}, /* U+C1E8 */
    {0x0000,0x0000,0x0618,0x0618,0x0b18,0x30d8,0x6418,0x0418,0x0678,0xfff8,0x0000,0x1ff0,0x1018,0x1018,0x1018,0x1ff8,0x1000,0x0000}, /* U+C1F0 */
    {0x0000,0x0000,0x0618,0x0618,0x0f18,0x1998,0x64d8,0x0418,0x0618,0xffd8,0x0000,0x1018,0x1ff8,0x1018,0x1018,0x1ff8,0x0000,0x0000}, /* U+C1F1 */
    {0x0000,0x0000,0x0618,0x0618,0x0b18,0x30d8,0x6458,0x0418,0x0618,0xfff8,0x0018,0x0180,0x0180,0x0340,0x0630,0x181c,0x0000,0x0000}, /* U+C1F3 */
    {0x0000,0x0000,0x0000,0x0300,0x0300,0x0780,0x0cc0,0x1870,0x601c,0x0040,0x0cc0,0x0cc0,0x0c40,0xfffc,0xfffc,0x0000,0x0000,0x0000}, /* U+C1FC */
    {0x0000,0x0000,0x0300,0x0780,0x0cc0,0x7878,0x4488,0x0cc0,0x0cc0,0xfffc,0x0000,0x3ff0,0x0030,0x0010,0x0010,0x0030,0x0000,0x0000}, /* U+C1FD */
    {0x0000,0x0000,0x0300,0x0300,0x0580,0x18e0,0x7038,0x0cc0,0x0cc0,0xfffc,0xfffc,0x2000,0x3000,0x2000,0x3000,0x3ff8,0x0000,0x0000}, /* U+C200 */
    {0x0000,0x0000,0x0300,0x0300,0x0480,0x3870,0x6cd8,0x0cc0,0xfffc,0xfb7c,0x3fe0,0x3ff0,0x0030,0x3ff0,0x2000,0x3ff0,0x0000,0x0000}, /* U+C204 */
    {0x0000,0x0000,0x0300,0x0780,0x0cc0,0x7878,0x4488,0x0cc0,0x0cc0,0xfffc,0x0000,0x3ff0,0x2030,0x2010,0x3030,0x3ff0,0x0000,0x0000}, /* U+C20C */
    {0x0000,0x0000,0x0300,0x0780,0x0cc0,0x7878,0x64d8,0x0cc0,0xfffc,0x0000,0x2010,0x2030,0x3ff0,0x2010,0x2010,0x3ff0,0x0000,0x0000}, /* U+C20D */
    {0x0000,0x0000,0x0300,0x0780,0x0cc0,0x7878,0x6498,0x0cc0,0x0cc0,0xfffc,0x0000,0x0300,0x0700,0x0480,0x1860,0x7038,0x0000,0x0000}, /* U+C20F */
    {0x0000,0x0000,0x0300,0x0780,0x0cc0,0x7078,0x4888,0x08c0,0x0cc0,0xfffc,0x0380,0x1ff0,0x3010,0x2018,0x3010,0x1fe0,0x0000,0x0000}, /* U+C211 */
    {0x0000,0x0000,0x0300,0x0780,0x0cc0,0x3870,0x6018,0x0000,0x0000,0xfffc,0x0300,0x0300,0x0300,0x0300,0x0300,0x0300,0x0000,0x0000}, /* U+C218 */
    {0x0000,0x0000,0x0300,0x0700,0x0c80,0x3870,0x6038,0x0000,0xfffc,0x0300,0x0300,0x3ff0,0x0030,0x0030,0x0030,0x0030,0x0000,0x0000}, /* U+C219 */
    {0x0000,0x0000,0x0300,0x0700,0x0d80,0x3870,0x6010,0x0000,0x0000,0xfffc,0x0300,0x0300,0x2300,0x3300,0x2000,0x3ff0,0x0000,0x0000}, /* U+C21C */
    {0x0000,0x0000,0x0300,0x0700,0x0c80,0x3870,0x6038,0x0000,0xfffc,0x0300,0x0200,0x3ff0,0x2000,0x2000,0x2000,0x3ff0,0x0000,0x0000}, /* U+C21F */
    {0x0000,0x0000,0x0300,0x0780,0x0cc0,0x7878,0x4000,0x0000,0xfffc,0x0300,0x3fe0,0x3ff0,0x0030,0x3ff0,0x2000,0x3ff0,0x0000,0x0000}, /* U+C220 */
    {0x0000,0x0000,0x0300,0x0780,0x0cc0,0x7878,0x6018,0x0000,0xfffc,0x0300,0x0300,0x3ff0,0x2030,0x2030,0x2030,0x3ff0,0x0000,0x0000}, /* U+C228 */
    {0x0000,0x0000,0x0300,0x0780,0x0cc0,0x7878,0x4000,0x0000,0xfffc,0x0300,0x2300,0x2010,0x3ff0,0x2010,0x2010,0x3ff0,0x0000,0x0000}, /* U+C229 */
    {0x0000,0x0000,0x0300,0x0700,0x0c80,0x3870,0x6038,0x0000,0xfffc,0x0300,0x0300,0x0300,0x0300,0x0480,0x1860,0x7038,0x0000,0x0000}, /* U+C22B */
    {0x0000,0x0000,0x0300,0x0700,0x0c80,0x3870,0x6038,0x0000,0xfffc,0x0300,0x0200,0x0fc0,0x38f0,0x2010,0x2030,0x1fe0,0x0000,0x0000}, /* U+C22D */
    {0x0000,0x0000,0x0300,0x0780,0x0ce0,0x7038,0x0000,0x0000,0xfffc,0x0300,0x0780,0x0000,0x3ff0,0x0780,0x0cc0,0x3030,0x0000,0x0000}, /* U+C22F */
    {0x0000,0x0000,0x0300,0x0780,0x0cc0,0x7878,0x0000,0x0000,0xfffc,0x0300,0x1ff0,0x3ff0,0x3000,0x3fe0,0x2000,0x3ff0,0x0000,0x0000}, /* U+C231 */
    {0x0000,0x0000,0x0300,0x0700,0x0c80,0x3870,0x6038,0x0000,0xfffc,0x0300,0x0200,0x3fe0,0x0840,0x0840,0x0cc0,0x7ff0,0x0000,0x0000}, /* U+C232 */
    {0x0000,0x0000,0x0018,0x0618,0x0e18,0x1b18,0x31d8,0x6058,0x0018,0xfff8,0xfc18,0x0478,0x0478,0x0418,0x0418,0x0418,0x0000,0x0000}, /* U+C234 */
    {0x0000,0x0000,0x0418,0x0c18,0x1e18,0x3318,0x2018,0x0058,0xffd8,0x0c78,0x0418,0x0000,0x0430,0x0e70,0x1b48,0x3084,0x0000,0x0000}, /* U+C248 */
    {0x0000,0x0008,0x0068,0x0868,0x0868,0x1c68,0x2668,0x4168,0x0068,0xff68,0x1868,0x09c8,0x0868,0x0868,0x0868,0x0048,0x0000,0x0000}, /* U+C250 */
    {0x0000,0x0000,0x0868,0x0c68,0x1468,0x6368,0x4068,0x0068,0xffe8,0x09e8,0x0868,0x1ff8,0x0008,0x0008,0x0008,0x0008,0x0000,0x0000}, /* U+C251 */
    {0x0000,0x0000,0x0068,0x0868,0x1c68,0x3668,0x6368,0x0068,0xff68,0xfc68,0x09e8,0x0868,0x1068,0x3000,0x3000,0x1ffc,0x0000,0x0000}, /* U+C254 */
    {0x0000,0x0000,0x0868,0x0868,0x1c68,0x3768,0x4168,0x1f68,0xff68,0x09e8,0x0028,0x0ff8,0x0008,0x0ff8,0x1800,0x1ffc,0x0000,0x0000}, /* U+C258 */
    {0x0000,0x0000,0x0868,0x1868,0x1c68,0x6368,0x4068,0x0068,0xff68,0x09e8,0x0028,0x0ff8,0x0808,0x0808,0x0808,0x0ff8,0x0000,0x0000}, /* U+C260 */
    {0x0000,0x0000,0x0868,0x0868,0x1c68,0x3668,0x6168,0x0068,0xffe8,0x09e8,0x0868,0x0008,0x07f8,0x080c,0x080c,0x0ff8,0x0000,0x0000}, /* U+C265 */
    {0x0000,0x0000,0x0018,0x0618,0x0e18,0x1b18,0x71d8,0x6058,0x0018,0xfff8,0xfc18,0x0418,0x0418,0x0418,0x0418,0x0018,0x0000,0x0000}, /* U+C26C */
    {0x0000,0x0000,0x0418,0x0418,0x0e18,0x3398,0x60d8,0x0018,0xffd8,0x0c18,0x0418,0x0400,0x3ff8,0x0018,0x0018,0x0018,0x0000,0x0000}, /* U+C26D */
    {0x0000,0x0000,0x0018,0x0618,0x0618,0x0b18,0x70d8,0x4018,0x0018,0xffd8,0x0418,0x0418,0x0418,0x3000,0x3000,0x3ff8,0x0000,0x0000}, /* U+C270 */
    {0x0000,0x0000,0x0418,0x0c18,0x1a18,0x3198,0xc0d8,0x0018,0xffd8,0x0418,0x0400,0x3ff0,0x0018,0x1ff8,0x3000,0x3ff8,0x0000,0x0000}, /* U+C274 */
    {0x0000,0x0000,0x0418,0x0418,0x0e18,0x3b98,0x60d8,0x0018,0xfff8,0x0418,0x0408,0x1ff8,0x1018,0x1018,0x1018,0x1ff8,0x0000,0x0000}, /* U+C27C */
    {0x0000,0x0018,0x0418,0x0418,0x0e18,0x3198,0x60d8,0x0018,0xffd8,0x0418,0x0400,0x1018,0x1ff8,0x1018,0x1018,0x1ff8,0x0000,0x0000}, /* U+C27D */
    {0x0000,0x0000,0x0418,0x0418,0x0e18,0x1b18,0x60d8,0x0018,0xffd8,0x0418,0x0418,0x0580,0x0180,0x03c0,0x0670,0x181c,0x0000,0x0000}, /* U+C27F */
    {0x0000,0x0000,0x0418,0x0418,0x0e18,0x3b98,0x60d8,0x0018,0xfff8,0x0418,0x0418,0x0fe0,0x1c70,0x3008,0x1018,0x0ff0,0x0000,0x0000}, /* U+C281 */
    {0x0000,0x0000,0x0300,0x0700,0x0cc0,0x3870,0x6018,0x0000,0x0000,0xfffc,0x0840,0x0840,0x0840,0x0840,0x0840,0x0840,0x0000,0x0000}, /* U+C288 */
    {0x0000,0x0000,0x0300,0x0700,0x0cc0,0x7870,0x6018,0x0000,0xfffc,0x08c0,0x08c0,0x3ff0,0x0030,0x0030,0x0030,0x0030,0x0000,0x0000}, /* U+C289 */
    {0x0000,0x0000,0x0300,0x0780,0x1cc0,0x7078,0x0000,0x0000,0xfffc,0x0840,0x3fe0,0x3ff0,0x0010,0x3ff0,0x2000,0x3ff0,0x0000,0x0000}, /* U+C290 */
    {0x0000,0x0000,0x0300,0x0780,0x0cc0,0x7878,0x6018,0x0000,0xfffc,0x0840,0x08c0,0x3ff0,0x2010,0x2010,0x3ff0,0x3ff0,0x0000,0x0000}, /* U+C298 */
    {0x0000,0x0000,0x0300,0x0700,0x0c80,0x3870,0x6038,0x0000,0xfffc,0x0840,0x0840,0x0b40,0x0300,0x0480,0x1860,0x7030,0x0000,0x0000}, /* U+C29B */
    {0x0000,0x0000,0x0300,0x0700,0x0c80,0x3870,0x6038,0x0000,0xfffc,0x18c0,0x0840,0x1fc0,0x3060,0x6010,0x6030,0x3fe0,0x0000,0x0000}, /* U+C29D */
    {0x0000,0x0000,0x0000,0x0300,0x0300,0x0300,0x0580,0x0cc0,0x3878,0x6008,0x0000,0x0000,0x0000,0xfffc,0xfffc,0x0000,0x0000,0x0000}, /* U+C2A4 */
    {0x0000,0x0000,0x0300,0x0300,0x0c80,0x1870,0x7038,0x0000,0x0000,0xfffc,0x0000,0x3ff0,0x0030,0x0030,0x0030,0x0030,0x0000,0x0000}, /* U+C2A5 */
    {0x0000,0x0000,0x0300,0x0300,0x0780,0x0cc0,0x7078,0x4008,0x0000,0x0004,0xfffc,0x0000,0x3000,0x3000,0x3000,0x3ff8,0x0000,0x0000}, /* U+C2A8 */
    {0x0000,0x0000,0x0300,0x0300,0x0480,0x3870,0x6018,0x0000,0xfffc,0x0000,0x3fe0,0x0030,0x0030,0x3ff0,0x2000,0x3ff0,0x0000,0x0000}, /* U+C2AC */
    {0x0000,0x0000,0x0300,0x0780,0x0cc0,0x7878,0x6018,0x0000,0xfffc,0x0000,0x3cf0,0x0418,0x3c18,0x2018,0x2018,0x3e18,0x0000,0x0000}, /* U+C2AD */
    {0x0000,0x0000,0x0300,0x0700,0x0cc0,0x3870,0x6038,0x0000,0x0000,0xfffc,0x0000,0x1ff0,0x3030,0x2010,0x3030,0x3ff0,0x0000,0x0000}, /* U+C2B4 */
    {0x0000,0x0000,0x0300,0x0700,0x0cc0,0x3878,0x6018,0x0000,0xfffc,0xfffc,0x0000,0x3030,0x3ff0,0x3030,0x3030,0x3ff0,0x0000,0x0000}, /* U+C2B5 */
    {0x0000,0x0000,0x0300,0x0300,0x0480,0x1870,0x7038,0x0000,0xfffc,0x0000,0x0000,0x0300,0x0300,0x0480,0x1860,0x7038,0x0000,0x0000}, /* U+C2B7 */
    {0x0000,0x0000,0x0300,0x0700,0x0cc0,0x3878,0x6018,0x0000,0xfffc,0xfffc,0x0000,0x1fe0,0x3030,0x2010,0x3030,0x1fe0,0x0000,0x0000}, /* U+C2B9 */
    {0x0000,0x0000,0x0018,0x0c18,0x0c18,0x0c18,0x0c18,0x1e18,0x1218,0x2318,0x6198,0xc098,0x0018,0x0018,0x0018,0x0018,0x0000,0x0000}, /* U+C2DC */
    {0x0000,0x0000,0x0c18,0x0c18,0x0c18,0x1c18,0x1218,0x3318,0x6198,0x0018,0x0000,0x1ff8,0x0018,0x0018,0x0018,0x0018,0x0000,0x0000}, /* U+C2DD */
    {0x0000,0x0000,0x0018,0x0c18,0x0c18,0x0c18,0x1e18,0x3318,0x6198,0xc098,0x0018,0x0018,0x1018,0x1000,0x1000,0x1ff8,0x0000,0x0000}, /* U+C2E0 */
    {0x0000,0x0000,0x0818,0x0c18,0x0818,0x0c18,0x1e18,0x3218,0x6198,0xc098,0x0000,0x1ff8,0x1000,0x1000,0x1000,0x1ff8,0x0000,0x0000}, /* U+C2E3 */
    {0x0000,0x0000,0x0018,0x0c18,0x0c18,0x1c18,0x1618,0x2318,0xc198,0x0008,0x1ff0,0x1ff8,0x0018,0x3ff8,0x3000,0x3ff8,0x0000,0x0000}, /* U+C2E4 */
    {0x0000,0x0000,0x0c18,0x0c18,0x0c18,0x1c18,0x1218,0x6318,0xc098,0x0008,0x3c70,0x3e78,0x02fc,0x3e78,0x20cc,0x3ef8,0x0000,0x0000}, /* U+C2EB */
    {0x0000,0x0000,0x0818,0x0c18,0x0818,0x0c18,0x1e18,0x3218,0x6198,0xc098,0x0000,0x1ff8,0x1818,0x1008,0x1018,0x1ff8,0x1000,0x0000}, /* U+C2EC */
    {0x0000,0x0000,0x0c18,0x0c18,0x0c18,0x1c18,0x1618,0x3318,0x6198,0xc008,0x1000,0x1018,0x1ff8,0x1018,0x1018,0x1ff8,0x1000,0x0000}, /* U+C2ED */
    {0x0000,0x0000,0x0c18,0x0c18,0x0c18,0x0c18,0x1218,0x3318,0x6198,0x0018,0x0018,0x0180,0x0180,0x02c0,0x0e70,0x3818,0x0000,0x0000}, /* U+C2EF */
    {0x0000,0x0000,0x0018,0x0c18,0x0c18,0x0c18,0x1e18,0x3218,0x6198,0xc098,0x0008,0x0fe0,0x1c78,0x3008,0x3018,0x1ff0,0x0000,0x0000}, /* U+C2F1 */
    {0x0000,0x0000,0x0018,0x0418,0x0c18,0x0e18,0x1a18,0x3318,0x6198,0xc018,0x0000,0x1ff8,0x0000,0x0460,0x0460,0x3ffc,0x0000,0x0000}, /* U+C2F6 */
    {0x0000,0x0010,0x0010,0x1110,0x3110,0x3110,0x3110,0x3310,0x7b9c,0x4a9c,0xc6d0,0x18450,0x0810,0x0010,0x0010,0x0010,0x0010,0x0000}, /* U+C2F8 */
    {0x0000,0x0000,0x1110,0x3110,0x3110,0x3110,0x7390,0x5a9c,0x8ed0,0x0410,0x0000,0x3ff0,0x0030,0x0010,0x0010,0x0010,0x0010,0x0000}, /* U+C2F9 */
    {0x0000,0x0010,0x1110,0x3110,0x3110,0x3110,0x739c,0x5a9c,0x8ed0,0x0410,0x0010,0x3e60,0x0660,0x0660,0x06d0,0x0788,0x0000,0x0000}, /* U+C2FB */
    {0x0000,0x0000,0x0010,0x3110,0x3110,0x2110,0x3310,0x7310,0xde9c,0x8cd0,0x0010,0x0010,0x3010,0x3000,0x3000,0x3ff8,0x0000,0x0000}, /* U+C2FC */
    {0x0000,0x0010,0x0010,0x1110,0x3110,0x3110,0x3110,0x739c,0x4ad0,0xc450,0x0000,0x3ff0,0x0010,0x3ff0,0x3000,0x3ff8,0x0010,0x0000}, /* U+C300 */
    {0x0000,0x0000,0x1110,0x3110,0x3110,0x3110,0x7390,0x5a9c,0x8ed0,0x0410,0x0010,0x3ff0,0x2010,0x2010,0x3030,0x3ff0,0x0010,0x0000}, /* U+C308 */
    {0x0000,0x0010,0x0010,0x1110,0x3110,0x3110,0x3110,0x739c,0x4ad0,0x8450,0x0010,0x3010,0x3ff0,0x3030,0x3010,0x3ff0,0x0000,0x0000}, /* U+C309 */
    {0x0000,0x0010,0x1110,0x3110,0x3110,0x3110,0x7390,0x5a9c,0x8ed0,0x0410,0x0020,0x0c20,0x0c20,0x1e70,0x32d8,0x618c,0x0000,0x0000}, /* U+C30C */
    {0x0000,0x0000,0x0010,0x3110,0x3110,0x3110,0x3310,0x5b9c,0xced0,0x8450,0x0010,0x0780,0x3870,0x2010,0x3010,0x1fe0,0x0000,0x0000}, /* U+C30D */
    {0x0000,0x0010,0x1110,0x3110,0x3110,0x3110,0x739c,0x4adc,0xc450,0x0010,0x0790,0x3ff0,0x0000,0x0fc0,0x1860,0x0fc0,0x0000,0x0000}, /* U+C313 */
    {0x0000,0x0000,0x0068,0x1368,0x1268,0x3268,0x3268,0x3368,0x3378,0x6f28,0x45e8,0x8ce8,0x0868,0x0068,0x0068,0x0008,0x0000,0x0000}, /* U+C314 */
    {0x0000,0x0008,0x0068,0x3368,0x3368,0x3368,0x3378,0x7738,0x4de8,0xcce8,0x0008,0x1ff8,0x1ff8,0x0008,0x0008,0x000c,0x0000,0x0000}, /* U+C315 */
    {0x0000,0x0000,0x0068,0x3268,0x3268,0x3268,0x3368,0x3338,0x5528,0xcda8,0x0068,0x0068,0x1008,0x1000,0x1000,0x1ffc,0x0000,0x0000}, /* U+C318 */
    {0x0000,0x0000,0x0068,0x1368,0x3268,0x3368,0x3378,0x7778,0x5de8,0xcce8,0x0000,0x1ff8,0x0008,0x1ff8,0x1000,0x1ffc,0x0000,0x0000}, /* U+C31C */
    {0x0000,0x0008,0x0068,0x3268,0x3268,0x3368,0x3378,0x7778,0x4de8,0x0ce8,0x0008,0x1ff8,0x1808,0x1008,0x1808,0x1ff8,0x0000,0x0000}, /* U+C324 */
    {0x0000,0x0008,0x0068,0x3268,0x3268,0x3268,0x3378,0x7768,0x5d68,0xcce8,0x0008,0x1808,0x1ff8,0x1808,0x1008,0x1ff8,0x0000,0x0000}, /* U+C325 */
    {0x0000,0x0008,0x0068,0x3368,0x3268,0x3348,0x3378,0x7778,0x5de8,0x8ce8,0x0008,0x0430,0x0c30,0x0e30,0x1348,0x618c,0x0000,0x0000}, /* U+C328 */
    {0x0000,0x0008,0x0068,0x3268,0x3268,0x3268,0x3378,0x7768,0x5de8,0x8c68,0x0048,0x0ff0,0x1818,0x3008,0x1818,0x0ff0,0x0000,0x0000}, /* U+C329 */
    {0x0000,0x0000,0x0010,0x3110,0x3110,0x311c,0x3310,0x5b90,0xcedc,0x8450,0x0010,0x0fc0,0x3870,0x2010,0x3030,0x1fe0,0x0000,0x0000}, /* U+C345 */
    {0x0000,0x0000,0x0018,0x1118,0x1198,0x1118,0x3118,0x3178,0x7b98,0x4b98,0xc6d8,0x0458,0x0018,0x0018,0x0018,0x0018,0x0000,0x0000}, /* U+C368 */
    {0x0000,0x0000,0x0018,0x1198,0x3198,0x31b8,0x39b8,0x4bd8,0xc658,0x0418,0x0000,0x1ff8,0x0018,0x0018,0x0018,0x0018,0x0000,0x0000}, /* U+C369 */
    {0x0000,0x0000,0x0018,0x3118,0x3118,0x2118,0x2378,0x7318,0x5b98,0x84d8,0x0c18,0x0018,0x3018,0x3000,0x3000,0x3ff8,0x0000,0x0000}, /* U+C36C */
    {0x0000,0x0000,0x0018,0x1198,0x1198,0x11b8,0x3198,0x2bd8,0x4e58,0xc448,0x0000,0x1ff8,0x0018,0x1ff0,0x1000,0x1ff8,0x0000,0x0000}, /* U+C370 */
    {0x0000,0x0000,0x1118,0x3118,0x3118,0x3138,0x3398,0x5a98,0xccd8,0x0000,0x1cf0,0x0698,0x1e98,0x3c98,0x3098,0x3ff8,0x0000,0x0000}, /* U+C372 */
    {0x0000,0x0000,0x0018,0x1198,0x3198,0x31b8,0x39b8,0x4b98,0xc658,0x0418,0x0000,0x1ff8,0x1018,0x1018,0x1018,0x1ff8,0x1000,0x0000}, /* U+C378 */
    {0x0000,0x0000,0x0018,0x1198,0x1198,0x11b8,0x3198,0x3b98,0x4e58,0xc658,0x0018,0x1018,0x1ff8,0x1018,0x1818,0x1ff8,0x0000,0x0000}, /* U+C379 */
    {0x0000,0x0000,0x1098,0x1198,0x1198,0x11b8,0x3998,0x6fd8,0xc658,0x0418,0x0410,0x0410,0x0630,0x0e38,0x196c,0x20c4,0x0000,0x0000}, /* U+C37C */
    {0x0000,0x0000,0x0018,0x1198,0x3198,0x3198,0x31b8,0x6b98,0xce58,0x8658,0x0018,0x0fe0,0x1c70,0x3008,0x3018,0x1ff0,0x0000,0x0000}, /* U+C37D */
    {0x0000,0x0008,0x0068,0x1268,0x3268,0x3268,0x3268,0x36e8,0x7668,0x5f28,0xcd28,0x0928,0x0068,0x0068,0x0068,0x0008,0x0000,0x0000}, /* U+C384 */
    {0x0000,0x0008,0x004c,0x2268,0x2268,0x2268,0x32c8,0x7748,0x5d68,0xcde8,0x8068,0x006c,0x1008,0x1000,0x1000,0x1ffc,0x0000,0x0000}, /* U+C388 */
    {0x0000,0x0000,0x0068,0x3268,0x2268,0x2268,0x33e8,0x7768,0xdd68,0x8868,0x0068,0x0ff8,0x0008,0x0ff8,0x0800,0x0ffc,0x0000,0x0000}, /* U+C38C */
    {0x0000,0x0008,0x0068,0x3268,0x2268,0x22e8,0x3768,0x77e8,0x5de8,0x8ce8,0x0068,0x0068,0x1008,0x1000,0x1000,0x1ffc,0x0000,0x0000}, /* U+C3C0 */
    {0x0000,0x0000,0x0000,0x0860,0x1860,0x1860,0x1860,0x2cf0,0x6490,0xc58c,0x0100,0x0300,0x0300,0x0300,0xfffc,0x0000,0x0000,0x0000}, /* U+C3D8 */
    {0x0000,0x0000,0x1820,0x1860,0x1c70,0x26d8,0xc18c,0x0300,0x0300,0xfffc,0x0000,0x3ff0,0x0030,0x0010,0x0010,0x0030,0x0000,0x0000}, /* U+C3D9 */
    {0x0000,0x0000,0x1820,0x1860,0x1870,0x24d8,0xc18c,0x0100,0x0300,0xfffc,0xfffc,0x0000,0x3000,0x3000,0x3000,0x3ff8,0x0000,0x0000}, /* U+C3DC */
    {0x0000,0x0000,0x1820,0x1860,0x1870,0x24d8,0xc18c,0x0100,0x0300,0xfffc,0xfdfc,0x1fe0,0x3ff0,0x2000,0x2000,0x3ff0,0x0000,0x0000}, /* U+C3DF */
    {0x0000,0x0000,0x1860,0x1860,0x3c70,0x6498,0xc100,0x0200,0xfffc,0x0000,0x3fe0,0x3ff0,0x0030,0x3ff0,0x2000,0x3ff0,0x0000,0x0000}, /* U+C3E0 */
    {0x0000,0x0020,0x1860,0x1860,0x3cd0,0x658c,0x0300,0x0200,0xfffc,0x0000,0x3cf0,0x0590,0x3d90,0x7990,0x6190,0x3df0,0x0000,0x0000}, /* U+C3E2 */
    {0x0000,0x0020,0x1820,0x1860,0x3c70,0x6698,0xc18c,0x0300,0x0300,0xfffc,0x0000,0x3ff0,0x2010,0x2010,0x3ff0,0x3ff0,0x0000,0x0000}, /* U+C3E8 */
    {0x0000,0x0020,0x1860,0x1860,0x3cd0,0x659c,0x0100,0x0200,0xfffc,0xfffc,0x2020,0x2030,0x3ff0,0x2030,0x2030,0x3ff0,0x0000,0x0000}, /* U+C3E9 */
    {0x0000,0x0000,0x1820,0x1860,0x3c70,0x26d8,0xc18c,0x0300,0x0300,0xfffc,0x0000,0x1fe0,0x3030,0x2010,0x3030,0x1fe0,0x0000,0x0000}, /* U+C3ED */
    {0x0000,0x0010,0x1010,0x1110,0x1110,0x3310,0x3310,0x6a90,0xccd0,0x845c,0x0410,0x0410,0xfff0,0xf010,0x0010,0x0010,0x0000,0x0000}, /* U+C3F4 */
    {0x0000,0x0010,0x0110,0x3110,0x2310,0x7390,0xde90,0x841c,0x0410,0x0cd0,0xf810,0x0000,0x7ff0,0x0010,0x0010,0x0010,0x0000,0x0000}, /* U+C3F5 */
    {0x0000,0x0010,0x0010,0x2110,0x2310,0x7310,0xde90,0x8410,0x041c,0x0c10,0xfff0,0x0010,0x0010,0x3010,0x2000,0x3ff0,0x0000,0x0000}, /* U+C3F8 */
    {0x0000,0x0010,0x0010,0x3310,0x3310,0x3390,0x4cd0,0x8c1c,0x0410,0xffd0,0xf010,0x0420,0x0c20,0x0c70,0x12d0,0x2388,0x0000,0x0000}, /* U+C408 */
    {0x0000,0x0000,0x0008,0x0068,0x3268,0x2268,0x2268,0x7668,0x5728,0x8db8,0x0868,0x0868,0x0868,0xffe8,0x8068,0x0028,0x0000,0x0000}, /* U+C410 */
    {0x0000,0x0000,0x0068,0x2268,0x2668,0x7568,0x88e8,0x0838,0x0868,0xffe8,0xff68,0x0018,0x0610,0x0e38,0x0b6c,0x31c4,0x0000,0x0000}, /* U+C424 */
    {0x0000,0x0000,0x0018,0x1118,0x1118,0x1118,0x3b98,0x6ed8,0x4658,0x0018,0x0618,0x0418,0xfff8,0xf018,0x0018,0x0018,0x0000,0x0000}, /* U+C42C */
    {0x0000,0x0000,0x0018,0x1198,0x1198,0x3998,0x6f58,0x4658,0x0018,0x0618,0xfff8,0x0018,0x1018,0x1000,0x1000,0x1ff8,0x0000,0x0000}, /* U+C430 */
    {0x0000,0x0000,0x1918,0x1118,0x3b98,0x2ed8,0x4458,0x0418,0x0618,0xffd8,0x0000,0x1ff8,0x0018,0x1ff8,0x1000,0x1ff8,0x0000,0x0000}, /* U+C434 */
    {0x0000,0x0000,0x1118,0x1118,0x3b98,0x6ed8,0xc458,0x0018,0x06f8,0xfff8,0x0000,0x1ff8,0x1018,0x1018,0x1ff8,0x1ff8,0x0000,0x0000}, /* U+C43C */
    {0x0000,0x0000,0x1918,0x1118,0x3b98,0x2ed8,0x4458,0x0418,0x0418,0xfff8,0x1008,0x1818,0x1ff8,0x1018,0x1018,0x1ff8,0x0000,0x0000}, /* U+C43D */
    {0x0000,0x0000,0x0000,0x0860,0x1860,0x1860,0x1860,0x2cf0,0x6690,0xc308,0x0840,0x0840,0x0840,0xfffc,0xfffc,0x0000,0x0000,0x0000}, /* U+C448 */
    {0x0000,0x0000,0x1860,0x1860,0x1860,0x24d0,0x4598,0x0100,0x0000,0xfffc,0x0300,0x0300,0x0300,0x0300,0x0300,0x0300,0x0000,0x0000}, /* U+C464 */
    {0x0000,0x0000,0x1860,0x1860,0x38f0,0x6498,0xc108,0x0000,0xfffc,0x0300,0x0300,0x3ff0,0x0030,0x0010,0x0010,0x0030,0x0000,0x0000}, /* U+C465 */
    {0x0000,0x0000,0x0860,0x1860,0x1c60,0x24d0,0x6398,0x0000,0x0000,0xfffc,0x0300,0x0300,0x2300,0x3300,0x2000,0x3ff0,0x0000,0x0000}, /* U+C468 */
    {0x0000,0x0000,0x1820,0x1860,0x3870,0x2698,0xc38c,0x0000,0xfffc,0x0300,0x3ff0,0x0030,0x0030,0x3ff0,0x3000,0x3ff0,0x0000,0x0000}, /* U+C46C */
    {0x0000,0x0000,0x1860,0x1860,0x3cf0,0x6498,0xc108,0x0000,0xfffc,0x0300,0x0300,0x3ff0,0x2030,0x2030,0x2030,0x3ff0,0x0000,0x0000}, /* U+C474 */
    {0x0000,0x0000,0x1820,0x1860,0x3870,0x26d8,0xc38c,0x0100,0xfffc,0x0300,0x0300,0x2010,0x3ff0,0x2010,0x2010,0x3ff0,0x0000,0x0000}, /* U+C475 */
    {0x0000,0x0000,0x1860,0x1860,0x38f0,0x2498,0xc308,0x0000,0xfffc,0x0300,0x0200,0x0780,0x38f0,0x2010,0x2030,0x1fe0,0x0000,0x0000}, /* U+C479 */
    {0x0000,0x0000,0x1118,0x3118,0x3118,0x3398,0x5a98,0xced8,0x0018,0x3bd8,0xff18,0x04f8,0x04f8,0x0418,0x0c18,0x0418,0x0000,0x0000}, /* U+C480 */
    {0x0000,0x0000,0x1118,0x1318,0x3318,0x6e98,0xcc18,0x0018,0xffd8,0x0c18,0x0c78,0x0000,0x0420,0x0e70,0x1b58,0x308c,0x0000,0x0000}, /* U+C494 */
    {0x0000,0x0000,0x0068,0x2468,0x2468,0x6668,0x7e68,0xdb68,0x0068,0x0068,0xffa8,0x0868,0x09e8,0x0868,0x0868,0x0008,0x0000,0x0000}, /* U+C49C */
    {0x0000,0x0000,0x1118,0x3118,0x3198,0x3b98,0x6ad8,0x4658,0x0018,0xfff8,0x0418,0x0418,0x0418,0x0418,0x0418,0x0018,0x0000,0x0000}, /* U+C4B8 */
    {0x0000,0x0000,0x0018,0x1318,0x3318,0x2f98,0xccd8,0x0018,0x0018,0xffd8,0x0418,0x0418,0x3418,0x3000,0x3000,0x3ff8,0x0000,0x0000}, /* U+C4BC */
    {0x0000,0x0000,0x1820,0x1860,0x3c70,0x64d8,0xc18c,0x0000,0xfffc,0x0cc0,0x0840,0x0fc0,0x3fe0,0x2010,0x2030,0x1fe0,0x0000,0x0000}, /* U+C4E9 */
    {0x0000,0x0000,0x0000,0x1860,0x1860,0x1860,0x1860,0x2cf0,0x6490,0xc58c,0x0100,0x0000,0x0000,0xfffc,0x0000,0x0000,0x0000,0x0000}, /* U+C4F0 */
    {0x0000,0x0000,0x1820,0x1860,0x1870,0x24d8,0x678c,0x0100,0x0000,0xfffc,0x0000,0x3ff0,0x0030,0x0030,0x0030,0x0030,0x0000,0x0000}, /* U+C4F1 */
    {0x0000,0x0000,0x0820,0x1860,0x1860,0x24d0,0x678c,0xc300,0x0000,0xfffc,0xfffc,0x0000,0x3000,0x3000,0x3000,0x3ff8,0x0000,0x0000}, /* U+C4F4 */
    {0x0000,0x0000,0x1860,0x1860,0x3870,0x2498,0xc18c,0x0000,0xfffc,0x0000,0x3fe0,0x0030,0x0030,0x3ff0,0x2000,0x3ff0,0x0000,0x0000}, /* U+C4F8 */
    {0x0000,0x0000,0x1860,0x1860,0x3cf0,0x6698,0x4108,0x0000,0xfffc,0x0000,0x3cf0,0x0590,0x3d90,0x7990,0x6190,0x3df0,0x0000,0x0000}, /* U+C4FA */
    {0x0000,0x0000,0x1860,0x1860,0x3c70,0x6698,0x418c,0x0000,0xfffc,0x0000,0x3c60,0x0400,0x05f8,0x3cf0,0x2198,0x3cf0,0x0000,0x0000}, /* U+C4FF */
    {0x0000,0x0000,0x1820,0x1860,0x1870,0x2cd0,0x678c,0x0100,0x0000,0xfffc,0x0000,0x3ff0,0x3030,0x2030,0x3030,0x3ff0,0x0000,0x0000}, /* U+C500 */
    {0x0000,0x0000,0x0820,0x1860,0x1c70,0x669c,0x4184,0x0000,0xfffc,0x0000,0x2010,0x3030,0x3ff0,0x3010,0x3030,0x3ff0,0x0000,0x0000}, /* U+C501 */
    {0x0000,0x0000,0x0018,0x1118,0x1118,0x1118,0x3998,0x2b98,0x6ed8,0xc648,0x0018,0x0018,0xffd8,0x0018,0x0018,0x0018,0x0000,0x0000}, /* U+C50C */
    {0x0000,0x0000,0x0018,0x1118,0x1118,0x3b98,0x6ed8,0xc458,0x0018,0x0fd8,0xfe18,0x0018,0x1018,0x1000,0x1000,0x1ff8,0x0000,0x0000}, /* U+C510 */
    {0x0000,0x0000,0x1110,0x3310,0x3310,0x6e90,0xcc50,0x0010,0xffd0,0x0010,0x1ff0,0x0010,0x0010,0x3ff0,0x3000,0x3ff8,0x0000,0x0000}, /* U+C514 */
    {0x0000,0x0000,0x1118,0x1118,0x1b98,0x2ed8,0x4658,0x0018,0x0bf8,0xff18,0x0000,0x1ff8,0x1018,0x1018,0x1018,0x1ff8,0x0000,0x0000}, /* U+C51C */
    {0x0000,0x0000,0x0018,0x1098,0x1198,0x1198,0x3198,0x3198,0x3998,0x4ad8,0xc658,0x8458,0x0018,0x0018,0x0018,0x0018,0x0000,0x0000}, /* U+C528 */
    {0x0000,0x0000,0x0018,0x1098,0x1198,0x3198,0x3998,0x6fd8,0xc678,0x0418,0x0000,0x3ff8,0x0018,0x0018,0x0018,0x0018,0x0000,0x0000}, /* U+C529 */
    {0x0000,0x0000,0x0018,0x1118,0x3118,0x3118,0x3318,0x7318,0x5b98,0x8cd8,0x0418,0x0018,0x3018,0x3000,0x3000,0x3ff8,0x0000,0x0000}, /* U+C52C */
    {0x0000,0x0000,0x0018,0x1198,0x1198,0x1198,0x3198,0x2bd8,0x4e58,0xc458,0x0000,0x1ff8,0x0018,0x1ff8,0x1000,0x1ff8,0x0000,0x0000}, /* U+C530 */
    {0x0000,0x0000,0x0018,0x1198,0x3198,0x3198,0x3998,0x4b98,0xc658,0x0458,0x0000,0x1ff8,0x1018,0x1018,0x1018,0x1ff8,0x1000,0x0000}, /* U+C538 */
    {0x0000,0x0000,0x0018,0x1198,0x1198,0x1198,0x3198,0x3b98,0x6a58,0xc658,0x0000,0x1818,0x1ff8,0x1818,0x1818,0x1ff8,0x0000,0x0000}, /* U+C539 */
    {0x0000,0x0000,0x1098,0x1198,0x1198,0x3198,0x3998,0x6fd8,0xc658,0x0418,0x0018,0x0180,0x0180,0x0240,0x0e70,0x1818,0x0000,0x0000}, /* U+C53B */
    {0x0000,0x0000,0x0018,0x1198,0x3198,0x3198,0x3198,0x6b98,0xce58,0x8658,0x0018,0x07e0,0x1c70,0x1008,0x1018,0x0ff0,0x0000,0x0000}, /* U+C53D */
    {0x0000,0x0010,0x0010,0x1810,0x7e10,0x4310,0xc110,0x8110,0x8110,0x811c,0xc110,0x4210,0x7e10,0x1810,0x0010,0x0010,0x0010,0x0000}, /* U+C544 */
    {0x0000,0x0010,0x0010,0x3e10,0x6310,0xc110,0xc11c,0x6310,0x3e10,0x0010,0x0000,0x3ff0,0x0030,0x0010,0x0010,0x0010,0x0000,0x0000}, /* U+C545 */
    {0x0000,0x0000,0x0010,0x1810,0x7e10,0x4310,0xc110,0xc11c,0x431c,0x3e10,0x0010,0x0010,0x1010,0x1000,0x1000,0x1ff8,0x0000,0x0000}, /* U+C548 */
    {0x0000,0x0000,0x0010,0x3c10,0x4310,0x8110,0x811c,0xc310,0x3c10,0x0010,0x61f8,0x61f8,0x6060,0x60e0,0x6db0,0x7b18,0x0000,0x0000}, /* U+C549 */
    {0x0000,0x0010,0x0010,0x3e10,0x6310,0xc110,0xc11c,0x6310,0x3e10,0x0000,0x40e0,0x60a0,0x63f8,0x61f0,0x6318,0x7990,0x00e0,0x0000}, /* U+C54A */
    {0x0000,0x0000,0x0010,0x3c10,0x4210,0x8310,0x811c,0xc310,0x7e10,0x0010,0x0000,0x1ff0,0x0010,0x1ff0,0x3000,0x3ff0,0x0000,0x0000}, /* U+C54C */
    {0x0000,0x0010,0x1c10,0x7e10,0xc110,0x811c,0xc11c,0x7e10,0x1810,0x0000,0x7df0,0x0410,0x3c10,0x7810,0x4010,0x7e10,0x0000,0x0000}, /* U+C54D */
    {0x0000,0x0010,0x0010,0x7e10,0x4310,0xc11c,0xc11c,0x6610,0x1810,0x0000,0x7df0,0x0510,0x3d10,0x7910,0x4190,0x7df0,0x0000,0x0000}, /* U+C54E */
    {0x0000,0x0000,0x0010,0x7e10,0xc310,0x8110,0xc11c,0x7e10,0x1810,0x00f0,0x7c00,0x05f8,0x3cf0,0x6198,0x4108,0x7cf0,0x0000,0x0000}, /* U+C553 */
    {0x0000,0x0010,0x0010,0x7e10,0xc310,0xc110,0xc11c,0x6310,0x3e10,0x0010,0x0000,0x3ff0,0x3010,0x3010,0x3010,0x3ff0,0x0000,0x0000}, /* U+C554 */
    {0x0000,0x0010,0x0010,0x7e10,0xc310,0xc110,0xc11c,0x6310,0x3e10,0x0010,0x0010,0x3010,0x3ff0,0x3010,0x3010,0x3ff0,0x0000,0x0000}, /* U+C555 */
    {0x0000,0x0000,0x0010,0x3c10,0x6610,0xc310,0x8110,0xc31c,0x6610,0x3c10,0x0110,0x0190,0x0180,0x02c0,0x0c70,0x3818,0x0000,0x0000}, /* U+C557 */
    {0x0000,0x0010,0x0010,0x7e10,0xc310,0x8110,0x831c,0xc210,0x3c10,0x0010,0x0800,0x0830,0x0c30,0x1470,0x3248,0x618c,0x0000,0x0000}, /* U+C558 */
    {0x0000,0x0010,0x0010,0x1810,0x7e10,0xc310,0x8110,0xc11c,0x6310,0x3c10,0x0010,0x0fc0,0x3870,0x6010,0x2010,0x3fe0,0x0780,0x0000}, /* U+C559 */
    {0x0000,0x0010,0x0010,0x7e10,0xc210,0x8110,0x811c,0x4210,0x3c10,0x0010,0x0000,0x3ff0,0x3000,0x3ff0,0x3000,0x3ff0,0x0000,0x0000}, /* U+C55D */
    {0x0000,0x0010,0x0010,0x3c10,0x6310,0xc110,0x811c,0xc110,0x6610,0x3c10,0x0000,0x3ff0,0x0000,0x0c40,0x0c40,0x3ff8,0x0000,0x0000}, /* U+C55E */
    {0x0000,0x0000,0x0048,0x1848,0x3c48,0x4648,0x4248,0x4248,0x4278,0x4248,0x4648,0x6c48,0x3848,0x0048,0x0048,0x0008,0x0000,0x0000}, /* U+C560 */
    {0x0000,0x0000,0x0048,0x3c48,0x4648,0x4248,0x4278,0x4678,0x7c48,0x1848,0x0008,0x1ff8,0x1ff8,0x0008,0x0008,0x0008,0x0008,0x0000}, /* U+C561 */
    {0x0000,0x0000,0x0048,0x1048,0x7c48,0xc648,0x8248,0x8278,0xc678,0x7c48,0x1048,0x0048,0x1048,0x1000,0x1000,0x1ffc,0x0000,0x0000}, /* U+C564 */
    {0x0000,0x0000,0x0048,0x3848,0x6648,0xc248,0x8278,0xc278,0x7c48,0x0048,0x0048,0x0ff8,0x0008,0x1ff8,0x1800,0x1ffc,0x0800,0x0000}, /* U+C568 */
    {0x0000,0x0008,0x1848,0x7c48,0x4648,0x4248,0x4278,0x4648,0x3c48,0x0048,0x0008,0x1ff8,0x1808,0x1808,0x1808,0x1ff8,0x0000,0x0000}, /* U+C570 */
    {0x0000,0x0008,0x0048,0x3848,0x6648,0xc248,0x8278,0xc278,0x7c48,0x0048,0x0000,0x1808,0x1ff8,0x1808,0x1808,0x1ff8,0x0000,0x0000}, /* U+C571 */
    {0x0000,0x0000,0x0048,0x3848,0x6648,0xc248,0xc278,0xc278,0x6648,0x3848,0x0048,0x0188,0x0180,0x02c0,0x0c60,0x3838,0x0000,0x0000}, /* U+C573 */
    {0x0000,0x0008,0x0048,0x3848,0x6648,0xc248,0xc278,0x4278,0x7c48,0x0048,0x0008,0x0430,0x0c30,0x0c38,0x1268,0x60c4,0x0000,0x0000}, /* U+C574 */
    {0x0000,0x0000,0x0048,0x3848,0x6c48,0xc248,0x8278,0xc648,0x7c48,0x1848,0x0008,0x0ff0,0x1818,0x100c,0x1808,0x0ff0,0x0000,0x0000}, /* U+C575 */
    {0x0000,0x0000,0x0010,0x0010,0x3c10,0x6210,0x4310,0xc11c,0xc110,0xc110,0xc310,0x421c,0x3e10,0x1810,0x0010,0x0010,0x0010,0x0000}, /* U+C57C */
    {0x0000,0x0000,0x0010,0x3c10,0x4310,0xc11c,0xc110,0x6310,0x3c1c,0x0010,0x0000,0x3ff0,0x0010,0x0010,0x0010,0x0010,0x0000,0x0000}, /* U+C57D */
    {0x0000,0x0000,0x0010,0x0010,0x7e10,0xc310,0x811c,0x8110,0xc210,0x7e1c,0x001c,0x0010,0x1010,0x1010,0x1000,0x1ff8,0x0000,0x0000}, /* U+C580 */
    {0x0000,0x0000,0x0010,0x3e10,0x431c,0x811c,0x8110,0xc310,0x7e1c,0x0010,0x0000,0x3ff0,0x0010,0x3ff0,0x2000,0x3ff0,0x0000,0x0000}, /* U+C584 */
    {0x0000,0x0010,0x0010,0x7e10,0x431c,0xc110,0xc110,0x661c,0x1810,0x0000,0x3c90,0x0590,0x04f0,0x3d90,0x2190,0x3ff0,0x3000,0x0000}, /* U+C587 */
    {0x0000,0x0010,0x0010,0x3c10,0xc610,0x831c,0x8110,0xc310,0x7e1c,0x1810,0x0000,0x1fe0,0x3030,0x3010,0x3010,0x3ff0,0x0010,0x0000}, /* U+C58C */
    {0x0000,0x0010,0x0010,0x7e10,0xc31c,0x8110,0x8110,0x4310,0x3e1c,0x0010,0x0010,0x3010,0x3ff0,0x3010,0x3010,0x3ff0,0x0000,0x0000}, /* U+C58D */
    {0x0000,0x0010,0x0010,0x3c10,0x6710,0xc11c,0xc110,0xc310,0x7e1c,0x1810,0x0010,0x0110,0x0300,0x0680,0x0c60,0x3838,0x0000,0x0000}, /* U+C58F */
    {0x0000,0x0010,0x0010,0x3c10,0x6210,0xc31c,0x8110,0xc310,0x7e1c,0x1810,0x0010,0x0fe0,0x3030,0x2010,0x3030,0x1fe0,0x0000,0x0000}, /* U+C591 */
    {0x0000,0x0010,0x0010,0x3c10,0x6610,0xc11c,0x8110,0xc310,0x7e1c,0x0010,0x0000,0x3ff0,0x3000,0x3ff0,0x3000,0x3ff0,0x0000,0x0000}, /* U+C595 */
    {0x0000,0x0000,0x0010,0x3c10,0x6710,0xc11c,0xc110,0xc310,0x7e1c,0x0010,0x0780,0x0400,0x3ff0,0x0780,0x1860,0x0c60,0x0380,0x0000}, /* U+C597 */
    {0x0000,0x0000,0x0048,0x1848,0x3c48,0x4648,0x4278,0x4248,0xc248,0x4248,0x4678,0x6c48,0x3848,0x0048,0x0048,0x0008,0x0000,0x0000}, /* U+C598 */
    {0x0000,0x0000,0x0048,0x1048,0x7c48,0xc678,0x8278,0x8248,0xc678,0x7c78,0x1048,0x0048,0x1048,0x1000,0x1000,0x1ffc,0x0000,0x0000}, /* U+C59C */
    {0x0000,0x0000,0x0048,0x3848,0x6648,0xc278,0x8248,0xc278,0x7c48,0x0048,0x0000,0x0ff8,0x0008,0x0ff8,0x0800,0x0ff8,0x0ff8,0x0000}, /* U+C5A0 */
    {0x0000,0x0008,0x0048,0x3848,0x6648,0xc278,0x8248,0xc278,0x7c48,0x0048,0x0008,0x0808,0x0ff8,0x0808,0x0808,0x0ff8,0x0800,0x0000}, /* U+C5A9 */
    {0x0000,0x0000,0x0018,0x1c18,0x6618,0x4318,0xc118,0xc118,0xc1f8,0xc118,0xc318,0x6218,0x3e18,0x1818,0x0018,0x0018,0x0000,0x0000}, /* U+C5B4 */
    {0x0000,0x0000,0x0018,0x3e18,0x4318,0xc178,0xc178,0x4318,0x7e18,0x1818,0x0000,0x3ff8,0x0018,0x0018,0x0018,0x0018,0x0000,0x0000}, /* U+C5B5 */
    {0x0000,0x0000,0x0018,0x1818,0x7e18,0x4318,0xc178,0xc178,0x6318,0x3e18,0x0018,0x0018,0x1018,0x1000,0x1000,0x1ff8,0x0000,0x0000}, /* U+C5B8 */
    {0x0000,0x0000,0x0018,0x1818,0x7e18,0xc318,0xc178,0xc318,0x7e18,0x1c18,0x0000,0x63f8,0x6060,0x6060,0x60b0,0x7d18,0x2000,0x0000}, /* U+C5B9 */
    {0x0000,0x0000,0x0018,0x3e18,0x4318,0xc178,0xc1f8,0x4318,0x7e18,0x1818,0x0000,0x1ff8,0x1000,0x1000,0x1000,0x1ff8,0x0000,0x0000}, /* U+C5BB */
    {0x0000,0x0000,0x0018,0x3c18,0x6318,0xc118,0xc178,0x4318,0x6618,0x1818,0x0000,0x1ff8,0x0018,0x1ff8,0x1000,0x1ff8,0x0000,0x0000}, /* U+C5BC */
    {0x0000,0x0000,0x0018,0x1818,0x7e18,0x4318,0xc178,0x4118,0x7e18,0x1818,0x0000,0x3ef8,0x0618,0x3e18,0x2018,0x3f18,0x3c00,0x0000}, /* U+C5BD */
    {0x0000,0x0018,0x0018,0x3c18,0x6318,0xc178,0xc178,0x4318,0x3e18,0x0008,0x3cf0,0x3ef8,0x0688,0x3c98,0x2098,0x3ef8,0x0000,0x0000}, /* U+C5BE */
    {0x0000,0x0000,0x0018,0x3c18,0x6318,0xc178,0xc178,0x4318,0x7e18,0x0018,0x0000,0x1ff0,0x1018,0x1018,0x1018,0x1ff8,0x0000,0x0000}, /* U+C5C4 */
    {0x0000,0x0000,0x0018,0x3e18,0x4318,0xc118,0xc178,0x4318,0x7e18,0x1800,0x0000,0x1018,0x1ff8,0x1018,0x1018,0x1ff8,0x0000,0x0000}, /* U+C5C5 */
    {0x0000,0x0000,0x0018,0x3e18,0x4318,0xc178,0xc118,0x4318,0x3e18,0x0000,0x2230,0x2230,0x3e30,0x2278,0x2248,0x3e84,0x0000,0x0000}, /* U+C5C6 */
    {0x0000,0x0000,0x0018,0x1c18,0x6618,0xc318,0xc1f8,0xc118,0x6218,0x3c18,0x0098,0x0198,0x0180,0x0340,0x0630,0x1818,0x0000,0x0000}, /* U+C5C7 */
    {0x0000,0x0000,0x0018,0x3e18,0x6318,0xc118,0xc178,0xc118,0x6718,0x3c18,0x0000,0x0410,0x0c30,0x0e38,0x1268,0x60c4,0x0000,0x0000}, /* U+C5C8 */
    {0x0000,0x0000,0x0018,0x3e18,0x4318,0xc118,0xc178,0x4318,0x6618,0x3c18,0x0008,0x0fe0,0x1818,0x3018,0x3018,0x1ff0,0x0000,0x0000}, /* U+C5C9 */
    {0x0000,0x0000,0x0018,0x1818,0x7e18,0xc318,0xc1f8,0xc118,0x7e18,0x1818,0x0010,0x1ff8,0x0100,0x0380,0x0660,0x3c38,0x0000,0x0000}, /* U+C5CA */
    {0x0000,0x0000,0x0018,0x3e18,0x4318,0xc178,0xc178,0x4318,0x7e18,0x1818,0x0000,0x1ff8,0x0018,0x0ff0,0x0010,0x0010,0x0000,0x0000}, /* U+C5CC */
    {0x0000,0x0000,0x0018,0x1818,0x7e18,0x4318,0xc178,0xc118,0x7e18,0x1c18,0x0000,0x1ff8,0x0420,0x0420,0x0460,0x3ffc,0x0000,0x0000}, /* U+C5CE */
    {0x0000,0x0008,0x0048,0x1048,0x7c48,0x4648,0xc248,0xc248,0xc3c8,0xc648,0x4648,0x7c48,0x1048,0x0048,0x0048,0x0008,0x0000,0x0000}, /* U+C5D0 */
    {0x0000,0x0008,0x0068,0x3868,0x6c68,0x4268,0xc3e8,0x4268,0x6468,0x3868,0x0008,0x1ff8,0x1ff8,0x0008,0x0008,0x0008,0x0008,0x0000}, /* U+C5D1 */
    {0x0000,0x0000,0x0048,0x1848,0x7c48,0x4648,0xc248,0xc3c8,0x4248,0x6c48,0x3848,0x0048,0x1048,0x1800,0x1000,0x1ffc,0x0000,0x0000}, /* U+C5D4 */
    {0x0000,0x0008,0x0048,0x3c48,0x4648,0xc248,0xc3c8,0x4648,0x7c48,0x0048,0x0000,0x0ff8,0x0008,0x1ff8,0x1800,0x1ffc,0x0000,0x0000}, /* U+C5D8 */
    {0x0000,0x0008,0x0068,0x3868,0x6c68,0x4268,0xc3e8,0x4268,0x6468,0x3868,0x0000,0x0ff8,0x0808,0x0808,0x0808,0x0ff8,0x0000,0x0000}, /* U+C5E0 */
    {0x0000,0x0008,0x0048,0x3c48,0x4648,0xc248,0xc3c8,0x4648,0x7c48,0x0048,0x0008,0x0808,0x0ff8,0x0808,0x0808,0x0ff8,0x0000,0x0000}, /* U+C5E1 */
    {0x0000,0x0008,0x0068,0x3c68,0x6668,0xc268,0xc3e8,0xc268,0x6668,0x3c68,0x0068,0x0188,0x0180,0x03c0,0x0670,0x3818,0x0000,0x0000}, /* U+C5E3 */
    {0x0000,0x0008,0x0068,0x3868,0x6c68,0x4268,0xc3e8,0x4268,0x6468,0x3868,0x0048,0x03c0,0x1ff8,0x1008,0x1008,0x1ff8,0x03c0,0x0000}, /* U+C5E5 */
    {0x0000,0x0000,0x0018,0x1c18,0x6618,0x4218,0x43f8,0xc318,0xc318,0xc318,0x42f8,0x6218,0x3c18,0x0018,0x0018,0x0018,0x0000,0x0000}, /* U+C5EC */
    {0x0000,0x0000,0x0018,0x3e18,0x4278,0xc318,0xc118,0x4378,0x7e18,0x1818,0x0000,0x3ff8,0x0018,0x0018,0x0018,0x0018,0x0000,0x0000}, /* U+C5ED */
    {0x0000,0x0000,0x0018,0x3e18,0x4278,0xc318,0xc118,0x4378,0x7e18,0x1818,0x0000,0x3ef8,0x0218,0x0218,0x0218,0x0218,0x0000,0x0000}, /* U+C5EE */
    {0x0000,0x0000,0x0018,0x1818,0x3e18,0x4378,0xc118,0xc118,0x4318,0x7e78,0x1818,0x0018,0x1018,0x1000,0x1000,0x1ff8,0x0000,0x0000}, /* U+C5F0 */
    {0x0000,0x0000,0x0018,0x3c18,0x6218,0xc178,0xc118,0x4318,0x7ef8,0x0008,0x0000,0x1ff8,0x0018,0x1ff8,0x1000,0x1ff8,0x0000,0x0000}, /* U+C5F4 */
    {0x0000,0x0000,0x0018,0x3c18,0x6718,0x4178,0xc118,0x4118,0x7e78,0x0818,0x0000,0x3ef8,0x0688,0x3e88,0x2088,0x3ef8,0x3c80,0x0000}, /* U+C5F6 */
    {0x0000,0x0000,0x0018,0x1c18,0x6618,0x4178,0xc118,0x4318,0x3e78,0x0018,0x0000,0x3c88,0x04f8,0x3c98,0x2198,0x3ff8,0x0000,0x0000}, /* U+C5F7 */
    {0x0000,0x0000,0x0018,0x3e18,0x4378,0xc178,0xc118,0x4318,0x7ef8,0x1818,0x0000,0x1ff0,0x3018,0x3018,0x3018,0x3ff8,0x0000,0x0000}, /* U+C5FC */
    {0x0000,0x0000,0x1818,0x7e18,0x4378,0xc118,0xc118,0x4378,0x3e18,0x0000,0x0000,0x1018,0x1ff8,0x1018,0x1018,0x1ff8,0x0000,0x0000}, /* U+C5FD */
    {0x0000,0x0000,0x1818,0x7e18,0x4378,0xc178,0xc118,0x6218,0x3c78,0x0008,0x2230,0x3e30,0x2230,0x2278,0x3e4c,0x2284,0x0000,0x0000}, /* U+C5FE */
    {0x0000,0x0000,0x0018,0x1818,0x7e18,0xc2f8,0x8318,0xc318,0x66f8,0x3c18,0x0018,0x0198,0x0180,0x0240,0x0c30,0x1818,0x0000,0x0000}, /* U+C5FF */
    {0x0000,0x0000,0x0018,0x3c18,0x62f8,0xc318,0xc118,0x4318,0x7e78,0x1818,0x0000,0x0c10,0x0c30,0x1e38,0x336c,0x60c4,0x0000,0x0000}, /* U+C600 */
    {0x0000,0x0000,0x0018,0x1c18,0x7618,0x4178,0x4118,0x4118,0x6678,0x1c18,0x0018,0x07e0,0x1c70,0x3018,0x1010,0x0ff0,0x0000,0x0000}, /* U+C601 */
    {0x0000,0x0000,0x0018,0x3c18,0x6218,0xc178,0xc118,0x4318,0x7ef8,0x0008,0x0000,0x1ff0,0x1000,0x1ff0,0x1000,0x1ff8,0x0000,0x0000}, /* U+C605 */
    {0x0000,0x0000,0x0018,0x3e18,0x6378,0x4178,0x4118,0x6318,0x3e78,0x0018,0x0000,0x1ff8,0x0000,0x0460,0x0640,0x3ff8,0x0000,0x0000}, /* U+C606 */
    {0x0000,0x0000,0x1818,0x7e18,0x4378,0xc118,0xc118,0x4378,0x3e18,0x0018,0x03c0,0x1ff8,0x0380,0x07e0,0x0c30,0x07e0,0x03c0,0x0000}, /* U+C607 */
    {0x0000,0x0008,0x0068,0x3868,0x6c68,0x4648,0xc3c8,0xc268,0xc268,0xc248,0x47c8,0x7c68,0x1868,0x0068,0x0068,0x0008,0x0000,0x0000}, /* U+C608 */
    {0x0000,0x0000,0x0048,0x1848,0x7c48,0x47c8,0xc3c8,0xc248,0x43c8,0x6fc8,0x3848,0x0048,0x1048,0x1800,0x1000,0x1ffc,0x0000,0x0000}, /* U+C60C */
    {0x0000,0x0000,0x004c,0x3c48,0x47cc,0xc34c,0xc24c,0x43cc,0x7c4c,0x0048,0x0ff8,0x0ffc,0x000c,0x0ffc,0x0800,0x0ffc,0x0000,0x0000}, /* U+C610 */
    {0x0000,0x0000,0x0068,0x3868,0x6c68,0x43e8,0xc268,0x43e8,0x64e8,0x3868,0x0008,0x0ff8,0x0808,0x0808,0x0808,0x0ff8,0x0800,0x0000}, /* U+C618 */
    {0x0000,0x0000,0x006c,0x3c6c,0x47cc,0xc34c,0xc26c,0x43cc,0x7c6c,0x004c,0x0008,0x080c,0x0ffc,0x0c0c,0x080c,0x0ffc,0x0800,0x0000}, /* U+C619 */
    {0x0000,0x0000,0x0048,0x3848,0x6448,0xc7c8,0xc248,0xc248,0xc7c8,0x6448,0x3848,0x00c0,0x01c0,0x0160,0x0630,0x1c0c,0x0000,0x0000}, /* U+C61B */
    {0x0000,0x0000,0x1048,0x7c48,0x4648,0xc3c8,0xc248,0xc248,0x47c8,0x7c48,0x1848,0x0430,0x0430,0x0e38,0x1b6c,0x31c6,0x0000,0x0000}, /* U+C61C */
    {0x0000,0x0000,0x0780,0x1fe0,0x2030,0x6018,0x6018,0x6010,0x3870,0x0fc0,0x0300,0x0300,0x0300,0xfffc,0xfffc,0x0000,0x0000,0x0000}, /* U+C624 */
    {0x0000,0x0780,0x3ff0,0x2010,0x6018,0x3030,0x1fe0,0x0300,0x0304,0xfffc,0x0000,0x3ff0,0x0030,0x0010,0x0030,0x0030,0x0000,0x0000}, /* U+C625 */
    {0x0000,0x0000,0x1fe0,0x3030,0x6010,0x6010,0x3fe0,0x0f80,0x0300,0xfffc,0x0000,0x0000,0x3000,0x2000,0x3000,0x3ff0,0x0000,0x0000}, /* U+C628 */
    {0x0000,0x0000,0x1fe0,0x3030,0x2010,0x3030,0x1fe0,0x0300,0xfffc,0xfffc,0x0000,0x1ff0,0x0030,0x3ff0,0x3000,0x3ff0,0x0000,0x0000}, /* U+C62C */
    {0x0000,0x0000,0x1fe0,0x2030,0x2010,0x3870,0x0fc0,0x0300,0xfffc,0x0000,0x3cf0,0x0410,0x3c10,0x2010,0x2010,0x3e10,0x0000,0x0000}, /* U+C62D */
    {0x0000,0x0000,0x1fe0,0x2030,0x2010,0x3870,0x0fc0,0x0300,0xfffc,0x0000,0x3cf0,0x0698,0x3c98,0x2098,0x2098,0x3ef8,0x0000,0x0000}, /* U+C62E */
    {0x0000,0x0000,0x1fe0,0x2030,0x2010,0x3870,0x0fc0,0x0300,0xfffc,0x0000,0x3c60,0x0460,0x3c60,0x38f0,0x2098,0x3d88,0x0000,0x0000}, /* U+C630 */
    {0x0000,0x0000,0x1fe0,0x3030,0x2010,0x3030,0x0fc0,0x0300,0xfffc,0x0000,0x3ce0,0x05f8,0x0400,0x38f0,0x2198,0x3cf0,0x0000,0x0000}, /* U+C633 */
    {0x0000,0x0780,0x3ff0,0x2010,0x2010,0x3870,0x0fc0,0x0300,0xfffc,0xfffc,0x0000,0x3ff0,0x2010,0x2010,0x2010,0x3ff0,0x0000,0x0000}, /* U+C634 */
    {0x0000,0x0780,0x1fe0,0x2010,0x2010,0x3870,0x0fc0,0x0300,0xfffc,0xfffc,0x2010,0x3030,0x3ff0,0x2010,0x3030,0x3ff0,0x0000,0x0000}, /* U+C635 */
    {0x0000,0x0780,0x1ff0,0x2010,0x2010,0x3870,0x0fc0,0x0200,0xfffc,0xfffc,0x0000,0x0300,0x0700,0x04c0,0x1870,0x7018,0x0000,0x0000}, /* U+C637 */
    {0x0000,0x0000,0x1fe0,0x2010,0x2010,0x3030,0x0fc0,0x0300,0xfffc,0xfffc,0x0000,0x1fe0,0x3030,0x2010,0x3030,0x1fe0,0x0000,0x0000}, /* U+C639 */
    {0x0000,0x0780,0x3ff0,0x2010,0x2010,0x3ff0,0x0780,0x0300,0xfffc,0x0000,0x0780,0x0000,0x3ff0,0x0300,0x0cc0,0x3870,0x0000,0x0000}, /* U+C63B */
    {0x0000,0x0000,0x0010,0x3e10,0x6310,0x4190,0x4190,0x6110,0x3f10,0x0c1c,0x0810,0x0fd0,0xfe10,0x0010,0x0010,0x0010,0x0000,0x0000}, /* U+C640 */
    {0x0000,0x0000,0x0c10,0x3f10,0x4110,0x4110,0x3f10,0x1c1c,0x0c10,0xffd0,0x0000,0x1ff0,0x0030,0x0010,0x0010,0x0010,0x0000,0x0000}, /* U+C641 */
    {0x0000,0x0000,0x0010,0x3e10,0x6110,0x4110,0x4110,0x3e10,0x0c1c,0x0810,0xffd0,0x0010,0x0010,0x2010,0x2000,0x3ff8,0x0000,0x0000}, /* U+C644 */
    {0x0000,0x0000,0x0c10,0x3f10,0x4110,0x4110,0x3310,0x1c1c,0x0810,0xffd0,0x0000,0x3ff0,0x0030,0x3ff0,0x3000,0x3ff0,0x0000,0x0000}, /* U+C648 */
    {0x0000,0x0010,0x0c10,0x3f10,0x4110,0x4110,0x3f10,0x1c1c,0x0dd0,0xff90,0x0000,0x3ff0,0x3010,0x2010,0x3010,0x3ff0,0x0000,0x0000}, /* U+C650 */
    {0x0000,0x0010,0x1e10,0x7310,0x4190,0x6110,0x3f1c,0x0c10,0x0c90,0xff90,0x0010,0x3010,0x1ff0,0x3010,0x3010,0x3ff0,0x0000,0x0000}, /* U+C651 */
    {0x0000,0x0000,0x0c10,0x3f10,0x4110,0x4110,0x3f10,0x1c1c,0x0c10,0xffd0,0x0010,0x0190,0x0180,0x02c0,0x0460,0x3838,0x0000,0x0000}, /* U+C653 */
    {0x0000,0x0000,0x1c10,0x7f10,0x4110,0x4110,0x7f10,0x1c1c,0x0c10,0xffd0,0x0000,0x0c20,0x0c20,0x1e70,0x32d8,0x6188,0x0000,0x0000}, /* U+C654 */
    {0x0000,0x0010,0x1e10,0x7310,0x4190,0x4190,0x7f10,0x1c1c,0x0c10,0xffd0,0x0010,0x0390,0x1fe0,0x2010,0x2010,0x1fe0,0x0780,0x0000}, /* U+C655 */
    {0x0000,0x0000,0x0848,0x3e48,0x6248,0x4348,0x4348,0x2248,0x3c68,0x0878,0x0848,0x1f48,0xf048,0x0048,0x0068,0x0008,0x0000,0x0000}, /* U+C65C */
    {0x0000,0x0000,0x0048,0x3e48,0x6248,0x6348,0x3e68,0x1c78,0x0848,0xff48,0x0008,0x0ff8,0x0008,0x0008,0x0008,0x0008,0x0000,0x0000}, /* U+C65D */
    {0x0000,0x0000,0x0048,0x3c48,0x6248,0x4348,0x6668,0x1c78,0x0848,0xffc8,0x0048,0x0048,0x1048,0x1000,0x1000,0x1ff8,0x0000,0x0000}, /* U+C660 */
    {0x0000,0x0008,0x0048,0x3e48,0x6248,0x6348,0x3e78,0x1c78,0x0848,0xff48,0x0048,0x0ff8,0x1808,0x1808,0x1808,0x1ff8,0x0000,0x0000}, /* U+C66C */
    {0x0000,0x0000,0x0048,0x3e48,0x6248,0x6348,0x3e78,0x1c78,0x0948,0xff48,0x0048,0x0188,0x0180,0x02c0,0x0e70,0x1818,0x0000,0x0000}, /* U+C66F */
    {0x0000,0x0000,0x0048,0x3c48,0x6248,0x4348,0x6678,0x1c78,0x0848,0xff48,0x0048,0x03c0,0x1ff8,0x1008,0x1008,0x0ff0,0x0000,0x0000}, /* U+C671 */
    {0x0000,0x0000,0x0018,0x3f18,0x2198,0x6098,0x6098,0x2198,0x1f18,0x0418,0x0418,0x0ff8,0xfe18,0x0018,0x0018,0x0018,0x0000,0x0000}, /* U+C678 */
    {0x0000,0x0000,0x0e18,0x3f98,0x2098,0x2098,0x3f18,0x0e18,0x04d8,0x7fd8,0x0000,0x1ff0,0x0018,0x0018,0x0018,0x0018,0x0000,0x0000}, /* U+C679 */
    {0x0000,0x0000,0x0018,0x3f18,0x2198,0x6098,0x6198,0x3f18,0x0c18,0x0418,0xffd8,0x0018,0x1018,0x1000,0x1000,0x1ff8,0x0000,0x0000}, /* U+C67C */
    {0x0000,0x0000,0x1e18,0x3198,0x2098,0x2098,0x3f18,0x0418,0x04d8,0x7fd8,0x0000,0x1ff8,0x0018,0x1ff8,0x1000,0x1ff8,0x0000,0x0000}, /* U+C680 */
    {0x0000,0x0000,0x0e18,0x3398,0x2098,0x2098,0x3f18,0x0c18,0x04d8,0x7fd8,0x0000,0x1ff0,0x1018,0x1018,0x1018,0x1ff8,0x1000,0x0000}, /* U+C688 */
    {0x0000,0x0000,0x1e18,0x3198,0x2098,0x2098,0x3f18,0x0418,0x04d8,0x7fd8,0x0000,0x1818,0x1ff8,0x1818,0x1818,0x1ff8,0x0000,0x0000}, /* U+C689 */
    {0x0000,0x0000,0x0e18,0x3f18,0x2098,0x2098,0x3198,0x1e18,0x0418,0x7fd8,0x7818,0x0098,0x01c0,0x0140,0x0630,0x1c18,0x0000,0x0000}, /* U+C68B */
    {0x0000,0x0000,0x1f18,0x3198,0x60d8,0x6098,0x3f98,0x0418,0x0418,0xfff8,0x0018,0x03c0,0x1ff0,0x1018,0x1018,0x0ff0,0x03c0,0x0000}, /* U+C68D */
    {0x0000,0x0000,0x0000,0x1fe0,0x3030,0x2010,0x6010,0x2030,0x38e0,0x0f80,0x0000,0x0840,0x0840,0xfffc,0x0000,0x0000,0x0000,0x0000}, /* U+C694 */
    {0x0000,0x0000,0x1fe0,0x3030,0x2010,0x3030,0x1fe0,0x0c40,0x0c40,0xfffc,0x0000,0x0000,0x3ff0,0x0010,0x0030,0x0030,0x0000,0x0000}, /* U+C695 */
    {0x0000,0x0000,0x1fe0,0x3030,0x2010,0x3030,0x1fe0,0x0cc0,0x0840,0xfffc,0x0000,0x0000,0x2000,0x2000,0x2000,0x3ff8,0x0000,0x0000}, /* U+C698 */
    {0x0000,0x0000,0x1fe0,0x3030,0x2010,0x3030,0x0fc0,0x0840,0xfffc,0x0000,0x1ff0,0x0030,0x1ff0,0x3fe0,0x3000,0x1ff0,0x0000,0x0000}, /* U+C69C */
    {0x0000,0x0780,0x1ff0,0x2010,0x2010,0x3030,0x0fc0,0x0840,0x0cc0,0xfffc,0x0000,0x3ff0,0x2010,0x2010,0x3010,0x3ff0,0x0000,0x0000}, /* U+C6A4 */
    {0x0000,0x0000,0x1fe0,0x3030,0x2010,0x3030,0x0fc0,0x0840,0xfffc,0x0000,0x0000,0x3030,0x3ff0,0x2010,0x3030,0x3ff0,0x0000,0x0000}, /* U+C6A5 */
    {0x0000,0x0000,0x1fe0,0x3030,0x2010,0x3030,0x1fe0,0x0cc0,0x0c40,0xfffc,0x0000,0x0300,0x0380,0x06c0,0x0c70,0x3018,0x0000,0x0000}, /* U+C6A7 */
    {0x0000,0x0000,0x1fe0,0x2010,0x6018,0x3030,0x1fe0,0x0cc0,0x0cc0,0xfffc,0x0000,0x1fe0,0x3030,0x6018,0x2010,0x1fe0,0x0000,0x0000}, /* U+C6A9 */
    {0x0000,0x0000,0x1fe0,0x2030,0x6018,0x3030,0x1fe0,0x0000,0x0000,0xfffc,0x0300,0x0300,0x0300,0x0300,0x0300,0x0300,0x0000,0x0000}, /* U+C6B0 */
    {0x0000,0x0780,0x3ff0,0x6010,0x6010,0x3870,0x0fc0,0x0000,0xfffc,0xfffc,0x0300,0x3ff0,0x3ff0,0x0010,0x0010,0x0010,0x0000,0x0000}, /* U+C6B1 */
    {0x0000,0x0000,0x1fe0,0x3030,0x6018,0x3030,0x1fe0,0x0000,0x0000,0xfffc,0x0300,0x0300,0x2300,0x2000,0x2000,0x3ff8,0x0000,0x0000}, /* U+C6B4 */
    {0x0000,0x0000,0x1fe0,0x3030,0x2018,0x3030,0x0fe0,0x0000,0xfffc,0x0300,0x0300,0x1ff0,0x0010,0x3ff0,0x2000,0x3ff0,0x0000,0x0000}, /* U+C6B8 */
    {0x0000,0x0000,0x1fe0,0x3010,0x2018,0x3870,0x0780,0x0000,0xfffc,0x0300,0x0300,0x3cf0,0x0410,0x3c10,0x2010,0x3e10,0x0000,0x0000}, /* U+C6B9 */
    {0x0000,0x0000,0x1fe0,0x3010,0x2018,0x3870,0x0780,0x0000,0xfffc,0x0300,0x3cf0,0x0498,0x0498,0x3c98,0x2098,0x3ef8,0x0000,0x0000}, /* U+C6BA */
    {0x0000,0x0000,0x1fe0,0x3010,0x6018,0x3030,0x1fe0,0x0000,0xfffc,0x0300,0x0300,0x0300,0x3ff0,0x2010,0x2010,0x3ff8,0x0000,0x0000}, /* U+C6C0 */
    {0x0000,0x0000,0x1fe0,0x3030,0x2010,0x3030,0x1fe0,0x0000,0xfffc,0x0300,0x0310,0x2010,0x3ff0,0x3030,0x3030,0x3ff0,0x0000,0x0000}, /* U+C6C1 */
    {0x0000,0x0000,0x1fe0,0x2010,0x6018,0x3030,0x1fe0,0x0000,0xfffc,0xfffc,0x0300,0x0000,0x0300,0x0780,0x0ce0,0x7838,0x0000,0x0000}, /* U+C6C3 */
    {0x0000,0x0000,0x1fe0,0x2010,0x6010,0x3870,0x0fc0,0x0000,0xfffc,0x8300,0x0300,0x1fe0,0x3030,0x2010,0x3030,0x1fe0,0x0000,0x0000}, /* U+C6C5 */
    {0x0000,0x0000,0x0c18,0x3f18,0x2198,0x6198,0x2198,0x3f18,0x0018,0xffd8,0xfc18,0x0c78,0x0cf8,0x0c18,0x0c18,0x0418,0x0000,0x0000}, /* U+C6CC */
    {0x0000,0x0000,0x3f18,0x6118,0x6198,0x3318,0x1e18,0xffd8,0xfc18,0x0cf8,0x0008,0x1ff0,0x0018,0x0018,0x0018,0x0018,0x0000,0x0000}, /* U+C6CD */
    {0x0000,0x0000,0x0018,0x3f18,0x2198,0x6098,0x3398,0x1e18,0x00d8,0xffd8,0x0478,0x0478,0x0418,0x3008,0x3000,0x3ff8,0x0000,0x0000}, /* U+C6D0 */
    {0x0000,0x0000,0x0c18,0x3318,0x6118,0x2318,0x1e18,0x0198,0xfe18,0x0cf8,0x0000,0x1ff0,0x0018,0x1ff8,0x1000,0x1ff8,0x0000,0x0000}, /* U+C6D4 */
    {0x0000,0x0000,0x3f18,0x6118,0x6118,0x3318,0x1e18,0xffd8,0xfc18,0x0cf8,0x0008,0x1ff8,0x1018,0x1018,0x1018,0x1ff8,0x1000,0x0000}, /* U+C6DC */
    {0x0000,0x0000,0x1e18,0x3318,0x6118,0x2318,0x1e18,0x0098,0xff98,0x0cf8,0x0000,0x1018,0x1ff8,0x1018,0x1018,0x1ff8,0x0000,0x0000}, /* U+C6DD */
    {0x0000,0x0000,0x1e18,0x3118,0x6198,0x2198,0x1f18,0x0018,0xffd8,0x0cf8,0x0418,0x0410,0x0c30,0x0e30,0x1348,0x60c4,0x0000,0x0000}, /* U+C6E0 */
    {0x0000,0x0000,0x3f18,0x6118,0x6118,0x3318,0x1e18,0xffd8,0xfc18,0x0cf8,0x0018,0x07e0,0x1c30,0x1018,0x1818,0x0ff0,0x0000,0x0000}, /* U+C6E1 */
    {0x0000,0x0000,0x004c,0x7c48,0x4248,0xc248,0x4248,0x3c48,0x0048,0xff48,0xfc48,0x0bc8,0x0848,0x086c,0x086c,0x000c,0x0000,0x0000}, /* U+C6E8 */
    {0x0000,0x0008,0x1c68,0x3368,0x6168,0x3768,0x1c68,0x0068,0xff68,0x09e8,0x0868,0x0000,0x1ff8,0x0008,0x0008,0x0008,0x0000,0x0000}, /* U+C6E9 */
    {0x0000,0x0000,0x0068,0x3e68,0x6368,0x6368,0x3e68,0x0068,0x7f68,0x7c68,0x09e8,0x0868,0x0068,0x3000,0x3000,0x3ffc,0x0000,0x0000}, /* U+C6EC */
    {0x0000,0x0000,0x0c68,0x3e68,0x6168,0x2368,0x1e68,0x7f68,0x7c68,0x09e8,0x0868,0x0ff8,0x0008,0x0ff8,0x0800,0x0ffc,0x0000,0x0000}, /* U+C6F0 */
    {0x0000,0x0008,0x1c68,0x3368,0x6168,0x3768,0x1c68,0x0168,0x7f68,0x09e8,0x0828,0x1ff8,0x1808,0x1008,0x1808,0x1ff8,0x0000,0x0000}, /* U+C6F8 */
    {0x0000,0x0008,0x1c68,0x3368,0x6168,0x2368,0x1e68,0x0f68,0x7d68,0x09e8,0x0060,0x1808,0x1808,0x1ff8,0x1808,0x1ff8,0x0000,0x0000}, /* U+C6F9 */
    {0x0000,0x0008,0x1c68,0x3368,0x6168,0x3768,0x1c68,0x0168,0xff68,0x09e8,0x0868,0x01e0,0x0ff8,0x0808,0x0808,0x07f0,0x0000,0x0000}, /* U+C6FD */
    {0x0000,0x0008,0x0608,0x1f88,0x2088,0x2088,0x3088,0x1f08,0x0008,0x00f8,0xffc8,0x0408,0x0408,0x0408,0x0408,0x0408,0x0000,0x0000}, /* U+C704 */
    {0x0000,0x0000,0x1e18,0x3198,0x2098,0x3198,0x1f18,0x0018,0xffd8,0x0c18,0x0400,0x0ff0,0x1ff8,0x0018,0x0018,0x0018,0x0000,0x0000}, /* U+C705 */
    {0x0000,0x0000,0x1e18,0x3198,0x2098,0x3198,0x1f18,0x0018,0xffd8,0x0c18,0x0418,0x0418,0x1018,0x1000,0x1000,0x1ff8,0x0000,0x0000}, /* U+C708 */
    {0x0000,0x0000,0x1c18,0x3318,0x6118,0x6318,0x1e18,0x01d8,0xff98,0x0c18,0x0c10,0x1ff8,0x0018,0x1ff8,0x1000,0x1ff8,0x0000,0x0000}, /* U+C70C */
    {0x0000,0x0000,0x1e18,0x3198,0x2098,0x3198,0x1f18,0x0018,0xffd8,0x0c18,0x0400,0x1ff0,0x1818,0x1018,0x1818,0x1ff8,0x0000,0x0000}, /* U+C714 */
    {0x0000,0x0000,0x1e18,0x6318,0x4118,0x2318,0x1e18,0x0058,0xffd8,0x0418,0x0408,0x1018,0x1ff8,0x1018,0x1018,0x1ff8,0x0000,0x0000}, /* U+C715 */
    {0x0000,0x0000,0x1e18,0x3198,0x2098,0x3198,0x1f18,0x0018,0xfff8,0x0c18,0x0418,0x0598,0x0180,0x02c0,0x0e60,0x3838,0x0000,0x0000}, /* U+C717 */
    {0x0000,0x0000,0x1e18,0x3198,0x2098,0x3198,0x1f18,0x0018,0xffd8,0x0c18,0x0418,0x07e0,0x1c30,0x1018,0x1818,0x0ff0,0x0000,0x0000}, /* U+C719 */
    {0x0000,0x0000,0x1fe0,0x2030,0x6010,0x3030,0x1fe0,0x0000,0x0000,0xfffc,0x0840,0x0840,0x0840,0x0840,0x0840,0x0840,0x0000,0x0000}, /* U+C720 */
    {0x0000,0x0780,0x1ff0,0x2018,0x2018,0x3870,0x0fc0,0x0000,0xfffc,0x0c40,0x0840,0x3ff0,0x0010,0x0010,0x0010,0x0010,0x0000,0x0000}, /* U+C721 */
    {0x0000,0x0000,0x1fe0,0x3030,0x2010,0x2030,0x1fe0,0x0000,0x0000,0xfffc,0x0c40,0x0c40,0x0440,0x2000,0x2000,0x3ff0,0x0000,0x0000}, /* U+C724 */
    {0x0000,0x0000,0x1fe0,0x2010,0x2010,0x3ff0,0x0780,0x0000,0xfffc,0x0840,0x3fe0,0x0030,0x0030,0x3fe0,0x3000,0x3ff0,0x0000,0x0000}, /* U+C728 */
    {0x0000,0x0000,0x1fe0,0x3010,0x2018,0x3030,0x1fe0,0x0000,0xfffe,0x0cc0,0x0840,0x3ff0,0x2018,0x2018,0x2018,0x3ff8,0x0000,0x0000}, /* U+C730 */
    {0x0000,0x0000,0x1fe0,0x3030,0x2010,0x3870,0x0fc0,0x0000,0xfffc,0x0c40,0x2450,0x2010,0x3ff0,0x2010,0x3010,0x3ff0,0x0000,0x0000}, /* U+C731 */
    {0x0000,0x0780,0x3ff0,0x6010,0x6018,0x3870,0x0fc0,0x0000,0xfffc,0x0cc0,0x0840,0x0b40,0x0300,0x0480,0x1870,0x7018,0x0000,0x0000}, /* U+C733 */
    {0x0000,0x0000,0x1fe0,0x3030,0x2010,0x3030,0x1fe0,0x0000,0xfffc,0x0c40,0x0840,0x0fc0,0x3830,0x2010,0x2030,0x1fe0,0x0000,0x0000}, /* U+C735 */
    {0x0000,0x0000,0x1fe0,0x2010,0x2010,0x3ff0,0x0780,0x0000,0xfffc,0x1860,0x0780,0x0000,0x3ff0,0x0380,0x0cc0,0x3878,0x0000,0x0000}, /* U+C737 */
    {0x0000,0x0000,0x0000,0x0fc0,0x3830,0x2010,0x6018,0x2010,0x3070,0x0fc0,0x0000,0x0000,0x0000,0xfffc,0x0000,0x0000,0x0000,0x0000}, /* U+C73C */
    {0x0000,0x0000,0x1fe0,0x3030,0x2010,0x3030,0x1fe0,0x0000,0xfffc,0x0000,0x0000,0x3ff0,0x0010,0x0010,0x0010,0x0010,0x0000,0x0000}, /* U+C73D */
    {0x0000,0x0000,0x0fc0,0x3870,0x2010,0x2010,0x3870,0x0fc0,0x0000,0xfffc,0x0000,0x2000,0x2000,0x2000,0x3000,0x3ff0,0x0000,0x0000}, /* U+C740 */
    {0x0000,0x0000,0x1fe0,0x3030,0x2010,0x3030,0x1fe0,0x0000,0xfffc,0x0000,0x3fe0,0x0030,0x0030,0x3fe0,0x2000,0x3ff0,0x0000,0x0000}, /* U+C744 */
    {0x0000,0x0000,0x1fe0,0x3030,0x2010,0x3030,0x1fe0,0x0000,0xfffc,0x0000,0x38f8,0x0c00,0x0c90,0x7890,0x40d0,0x7dfc,0x0000,0x0000}, /* U+C74A */
    {0x0000,0x0000,0x1fe0,0x3030,0x6010,0x3030,0x1fe0,0x0000,0x0000,0xfffc,0x0000,0x3ff0,0x2010,0x2010,0x2010,0x3ff0,0x0000,0x0000}, /* U+C74C */
    {0x0000,0x0000,0x1fe0,0x3030,0x2010,0x2030,0x1fe0,0x0000,0xfffc,0xfffc,0x2010,0x3010,0x3ff0,0x2010,0x2010,0x3ff0,0x0000,0x0000}, /* U+C74D */
    {0x0000,0x0000,0x1fe0,0x3030,0x2010,0x3030,0x1fe0,0x0000,0x0000,0xfffc,0x0000,0x0300,0x0300,0x04c0,0x1860,0x3038,0x0000,0x0000}, /* U+C74F */
    {0x0000,0x0000,0x1fe0,0x3030,0x2010,0x3030,0x1fe0,0x0000,0xfffc,0xfffc,0x0000,0x1fe0,0x3010,0x2018,0x3030,0x1fe0,0x0000,0x0000}, /* U+C751 */
    {0x0000,0x0000,0x1fe0,0x3010,0x2018,0x3030,0x1fe0,0x0000,0xfffc,0xfffc,0x0000,0x3ff8,0x0300,0x0380,0x0ce0,0x3838,0x0000,0x0000}, /* U+C752 */
    {0x0000,0x0000,0x1fe0,0x3030,0x2010,0x3030,0x1fe0,0x0000,0xfffc,0x0000,0x0780,0x0480,0x3ff0,0x0780,0x1cc0,0x3038,0x0000,0x0000}, /* U+C753 */
    {0x0000,0x0000,0x1fe0,0x3030,0x2010,0x3030,0x1fe0,0x0000,0xfffc,0x0000,0x1ff0,0x3ff0,0x0010,0x0ff0,0x0030,0x0020,0x0000,0x0000}, /* U+C754 */
    {0x0000,0x0000,0x1fe0,0x3030,0x2010,0x3030,0x1fe0,0x0000,0xfffc,0x0000,0x1ff0,0x3ff0,0x3000,0x3ff0,0x3000,0x3ff0,0x0000,0x0000}, /* U+C755 */
    {0x0000,0x0000,0x1fe0,0x2030,0x6010,0x3030,0x1fe0,0x0000,0x0000,0xfffc,0x0000,0x3ff0,0x0840,0x0840,0x0840,0x7ff8,0x0000,0x0000}, /* U+C756 */
    {0x0000,0x0000,0x1fe0,0x3030,0x2010,0x3030,0x1fe0,0x0000,0xfffc,0x0780,0x0780,0x3ff0,0x0780,0x0fc0,0x1860,0x0fc0,0x0000,0x0000}, /* U+C757 */
    {0x0000,0x0000,0x0018,0x1f18,0x3198,0x6098,0x6098,0x2198,0x1f18,0x0018,0x0018,0x7fc8,0xff18,0x0018,0x0018,0x0018,0x0000,0x0000}, /* U+C758 */
    {0x0000,0x0000,0x0018,0x3f18,0x2198,0x6098,0x6198,0x3f18,0x0018,0x01d8,0xff98,0x0018,0x1018,0x3000,0x3000,0x1ff8,0x0000,0x0000}, /* U+C75C */
    {0x0000,0x0000,0x1e18,0x3318,0x6118,0x2318,0x1e18,0x0018,0xffd8,0x0018,0x0000,0x1ff8,0x0018,0x1ff8,0x1000,0x1ff8,0x0000,0x0000}, /* U+C760 */
    {0x0000,0x0000,0x0e18,0x3f18,0x2098,0x2098,0x3f98,0x0418,0x00f8,0x7fd8,0x0000,0x1ff0,0x1018,0x1018,0x1018,0x1ff8,0x1000,0x0000}, /* U+C768 */
    {0x0000,0x0000,0x0e18,0x3f98,0x2098,0x2098,0x3398,0x1e18,0x0018,0x7ff8,0x0018,0x0098,0x01c0,0x0140,0x0630,0x1c18,0x0000,0x0000}, /* U+C76B */
    {0x0000,0x0000,0x0018,0x1818,0x3e18,0x6318,0x4118,0xc118,0xc118,0xc118,0x4118,0x6318,0x3e18,0x1818,0x0018,0x0018,0x0000,0x0000}, /* U+C774 */
    {0x0000,0x0000,0x0018,0x3e18,0x6118,0x4118,0x4118,0x6318,0x3e18,0x0018,0x0000,0x3ff8,0x0018,0x0018,0x0018,0x0018,0x0000,0x0000}, /* U+C775 */
    {0x0000,0x0000,0x0018,0x1c18,0x3f18,0x4118,0xc198,0x4198,0x6318,0x3e18,0x0018,0x0018,0x1018,0x1000,0x1000,0x1ff8,0x0000,0x0000}, /* U+C778 */
    {0x0000,0x0000,0x0018,0x1e18,0x6318,0x4198,0xc198,0x4118,0x3f18,0x0808,0x0000,0x1ff8,0x0018,0x1ff8,0x1000,0x1ff8,0x0000,0x0000}, /* U+C77C */
    {0x0000,0x0000,0x1818,0x7e18,0x4318,0xc118,0x4318,0x7e18,0x0018,0x0000,0x3cf0,0x0618,0x3e18,0x2018,0x2018,0x3e18,0x0000,0x0000}, /* U+C77D */
    {0x0000,0x0000,0x1818,0x7e18,0x4318,0xc118,0x4318,0x7e18,0x0018,0x0000,0x3ef8,0x0298,0x3e98,0x3c98,0x2098,0x3ff8,0x0000,0x0000}, /* U+C77E */
    {0x0000,0x0000,0x0018,0x7e18,0x4318,0xc118,0xc318,0x7e18,0x1800,0x3c70,0x3c70,0x05f8,0x3c60,0x20d8,0x2188,0x3ef0,0x0000,0x0000}, /* U+C783 */
    {0x0000,0x0000,0x0018,0x3e18,0x6318,0xc118,0xc198,0x4118,0x7f18,0x1818,0x0000,0x1ff8,0x1018,0x1018,0x1018,0x1ff8,0x0000,0x0000}, /* U+C784 */
    {0x0000,0x0000,0x0018,0x3e18,0x6318,0x4118,0xc198,0x4118,0x7f18,0x0c00,0x0000,0x1018,0x1ff8,0x1018,0x1018,0x1ff8,0x0000,0x0000}, /* U+C785 */
    {0x0000,0x0000,0x0018,0x1c18,0x3f18,0x4118,0xc198,0x4118,0x6318,0x3e18,0x0098,0x0080,0x01c0,0x0360,0x0630,0x1c1c,0x0000,0x0000}, /* U+C787 */
    {0x0000,0x0000,0x0018,0x3e18,0x6318,0x4118,0x4118,0x6318,0x3e18,0x0000,0x0410,0x0c10,0x0c30,0x1e38,0x1368,0x60c4,0x0000,0x0000}, /* U+C788 */
    {0x0000,0x0000,0x0018,0x3e18,0x6118,0x4198,0x4198,0x6118,0x3e18,0x0018,0x0000,0x0fe0,0x1818,0x1008,0x1818,0x0ff0,0x0000,0x0000}, /* U+C789 */
    {0x0000,0x0000,0x0018,0x3e18,0x6118,0x4198,0x4198,0x6318,0x3e18,0x0000,0x3ff8,0x0180,0x0180,0x02c0,0x0c70,0x3818,0x0000,0x0000}, /* U+C78A */
    {0x0000,0x0000,0x0018,0x1c18,0x7718,0x4118,0x4118,0x4118,0x7e18,0x1c18,0x0000,0x1ff8,0x0c20,0x0420,0x0660,0x1ff8,0x0000,0x0000}, /* U+C78E */
    {0x0000,0x0010,0x0010,0xff90,0x0c10,0x0810,0x0810,0x0c10,0x1c10,0x361c,0x2310,0xc190,0x8090,0x0010,0x0010,0x0010,0x0000,0x0000}, /* U+C790 */
    {0x0000,0x0010,0x0010,0xff10,0x0810,0x1c10,0x141c,0x2210,0xc190,0x8010,0x0000,0x3ff0,0x0030,0x0010,0x0010,0x0010,0x0010,0x0000}, /* U+C791 */
    {0x0000,0x0000,0x0010,0xff90,0x0810,0x0810,0x0c10,0x1c10,0x361c,0x6310,0xc090,0x0010,0x2010,0x2000,0x2000,0x3ff0,0x0000,0x0000}, /* U+C794 */
    {0x0000,0x0010,0x7f10,0x7f10,0x0810,0x1c10,0x141c,0x2310,0xc190,0x8010,0x00e0,0x61e0,0x63f8,0x60e0,0x6118,0x7d90,0x20e0,0x0000}, /* U+C796 */
    {0x0000,0x0000,0x0010,0x7f90,0x0c10,0x0c10,0x1e1c,0x3310,0x6190,0xc010,0x0000,0x1ff0,0x3000,0x3000,0x3000,0x3ff0,0x0000,0x0000}, /* U+C797 */
    {0x0000,0x0000,0x0010,0xff90,0x0c10,0x0c10,0x161c,0x321c,0x6190,0x8090,0x0000,0x3ff0,0x0010,0x3ff0,0x2000,0x3ff0,0x0000,0x0000}, /* U+C798 */
    {0x0000,0x0000,0x0010,0x7f90,0x0c10,0x0c10,0x1e1c,0x3310,0xe190,0x8010,0x3cf0,0x05b0,0x1d90,0x3d90,0x2190,0x3ff0,0x3000,0x0000}, /* U+C79A */
    {0x0000,0x0000,0x0010,0x7f90,0x0c10,0x0c10,0x1e1c,0x3310,0x6190,0x8010,0x0000,0x3ff0,0x3010,0x3010,0x3030,0x3ff0,0x0000,0x0000}, /* U+C7A0 */
    {0x0000,0x0000,0x0010,0xff90,0x0810,0x0c10,0x1c1c,0x3610,0x6390,0xc090,0x0010,0x3010,0x3ff0,0x3010,0x3010,0x3ff0,0x0000,0x0000}, /* U+C7A1 */
    {0x0000,0x0010,0x7f90,0x7f90,0x0c10,0x0c10,0x1e1c,0x3310,0xe190,0x8010,0x0010,0x0110,0x0380,0x06c0,0x0c60,0x3838,0x0000,0x0000}, /* U+C7A3 */
    {0x0000,0x0010,0x0010,0x7f90,0x0810,0x1c10,0x1c10,0x321c,0xe190,0x8010,0x0820,0x0820,0x1c60,0x1670,0x32d8,0x6188,0x0000,0x0000}, /* U+C7A4 */
    {0x0000,0x0010,0x0010,0xff90,0x0810,0x0c10,0x1c1c,0x361c,0x6390,0xc090,0x0010,0x1fe0,0x3030,0x2010,0x3010,0x1fe0,0x0000,0x0000}, /* U+C7A5 */
    {0x0000,0x0010,0x0010,0xff90,0x0810,0x1c10,0x141c,0x3210,0xe190,0x8010,0x0000,0x3ff0,0x0300,0x0780,0x0ce0,0x3838,0x0000,0x0000}, /* U+C7A6 */
    {0x0000,0x0000,0x0048,0xff48,0x1848,0x1848,0x1848,0x1848,0x1878,0x2c78,0x6648,0xc348,0x8048,0x0048,0x0048,0x004c,0x0000,0x0000}, /* U+C7AC */
    {0x0000,0x0008,0x7e48,0x7e48,0x0848,0x1848,0x1c48,0x3478,0x2648,0x4348,0x0008,0x3ff8,0x0008,0x0008,0x0008,0x0008,0x0000,0x0000}, /* U+C7AD */
    {0x0000,0x0000,0x0048,0x7f48,0x1848,0x1848,0x1848,0x1c78,0x3648,0x6348,0xc048,0x0048,0x1008,0x1000,0x1000,0x1ffc,0x0000,0x0000}, /* U+C7B0 */
    {0x0000,0x0000,0x0048,0x7f48,0x1848,0x1848,0x1878,0x3478,0x2648,0x4348,0x0000,0x1ff8,0x0008,0x1ff8,0x1000,0x1ffc,0x0000,0x0000}, /* U+C7B4 */
    {0x0000,0x0008,0x0048,0x7f48,0x0848,0x1848,0x1878,0x3448,0x2648,0x4348,0x0000,0x1ff8,0x1808,0x1008,0x1008,0x1ff8,0x1008,0x0000}, /* U+C7BC */
    {0x0000,0x0008,0x7e48,0x7e48,0x1848,0x1848,0x1878,0x3448,0x6648,0xc248,0x1008,0x1008,0x1ff8,0x1008,0x1008,0x1ff8,0x1000,0x0000}, /* U+C7BD */
    {0x0000,0x0008,0x0048,0x7f48,0x0848,0x1848,0x1848,0x1c78,0x2648,0x6348,0x4048,0x0088,0x01c0,0x0360,0x0e30,0x181c,0x0000,0x0000}, /* U+C7BF */
    {0x0000,0x0000,0x0048,0x7f48,0x0848,0x1848,0x1878,0x3c48,0x2648,0x6348,0x4048,0x0430,0x0c30,0x0e70,0x1348,0x618c,0x0000,0x0000}, /* U+C7C0 */
    {0x0000,0x0008,0x004c,0x7f48,0x0848,0x1848,0x1c78,0x3478,0x6648,0xc348,0x0048,0x0ff0,0x3818,0x2008,0x3008,0x1ff0,0x03c0,0x0000}, /* U+C7C1 */
    {0x0000,0x0010,0x0010,0xff90,0x0c10,0x0c10,0x0c1c,0x0c10,0x1410,0x3210,0x631c,0xc19c,0x8090,0x0010,0x0010,0x0010,0x0000,0x0000}, /* U+C7C8 */
    {0x0000,0x0000,0x0010,0xff10,0x0810,0x1c1c,0x1410,0x3610,0xe39c,0x8090,0x0000,0x3ff0,0x0030,0x0010,0x0010,0x0010,0x0010,0x0000}, /* U+C7C9 */
    {0x0000,0x0000,0x0010,0xff90,0x0810,0x0810,0x0c1c,0x1c10,0x3610,0x639c,0xc09c,0x0010,0x2010,0x2000,0x2000,0x3ff8,0x0000,0x0000}, /* U+C7CC */
    {0x0000,0x0010,0x7f10,0x7f10,0x081c,0x1c10,0x1410,0x231c,0xc190,0x8010,0x60e0,0x6000,0x63f8,0x61f0,0x6318,0x7d90,0x00e0,0x0000}, /* U+C7CE */
    {0x0000,0x0000,0x0010,0xff90,0x0c1c,0x0c10,0x1610,0x321c,0x6190,0x8090,0x0000,0x1ff0,0x0010,0x3ff0,0x3000,0x3ff0,0x0000,0x0000}, /* U+C7D0 */
    {0x0000,0x0000,0x0010,0xff10,0x0810,0x1c1c,0x1410,0x2610,0xc19c,0x8010,0x0000,0x3ff0,0x3010,0x3010,0x3030,0x3ff0,0x0000,0x0000}, /* U+C7D8 */
    {0x0000,0x0000,0x0010,0xff10,0x0810,0x181c,0x1c10,0x3610,0xe39c,0x8090,0x0010,0x0fe0,0x3030,0x2010,0x3010,0x1fe0,0x0000,0x0000}, /* U+C7DD */
    {0x0000,0x0008,0x004c,0xff48,0x1848,0x1848,0x1878,0x1848,0x3c48,0x2478,0x6678,0xc348,0x8048,0x0048,0x0048,0x0008,0x0000,0x0000}, /* U+C7E4 */
    {0x0000,0x0000,0x0048,0x7f48,0x1848,0x1868,0x1878,0x1c48,0x2648,0x6378,0xc048,0x0048,0x1048,0x1000,0x1000,0x1ffc,0x0000,0x0000}, /* U+C7E8 */
    {0x0000,0x0000,0x0048,0x7f48,0x1878,0x1878,0x1848,0x3478,0x2668,0x4248,0x0000,0x0ff8,0x0008,0x1ff8,0x1800,0x1ff8,0x0000,0x0000}, /* U+C7EC */
    {0x0000,0x0000,0x0018,0x7f98,0x7f98,0x0818,0x0818,0x0878,0x1c78,0x1618,0x2218,0xc198,0x8098,0x0018,0x0018,0x0018,0x0000,0x0000}, /* U+C800 */
    {0x0000,0x0000,0x7f18,0x7f18,0x0818,0x0c78,0x1c78,0x3218,0x6198,0xc018,0x0000,0x3ff8,0x0018,0x0018,0x0018,0x0018,0x0000,0x0000}, /* U+C801 */
    {0x0000,0x0000,0x0018,0x7f98,0x0c18,0x0c18,0x0cf8,0x1e18,0x3318,0x6198,0xc018,0x0018,0x3018,0x3000,0x3000,0x3ff8,0x0000,0x0000}, /* U+C804 */
    {0x0000,0x0000,0x0018,0x7f98,0x0818,0x0c78,0x1c78,0x3218,0x6318,0x0008,0x0000,0x1ff8,0x0018,0x1ff8,0x3000,0x3ff8,0x0000,0x0000}, /* U+C808 */
    {0x0000,0x0000,0x7f18,0x7f18,0x0818,0x0c78,0x1c18,0x3218,0x6198,0x0000,0x3cf8,0x0698,0x3c98,0x6098,0x6098,0x7ef8,0x0000,0x0000}, /* U+C80A */
    {0x0000,0x0000,0x7f18,0x7f18,0x0818,0x0c18,0x1cf8,0x3618,0x6318,0xc198,0x0000,0x3ff0,0x3018,0x2018,0x2018,0x3ff8,0x0000,0x0000}, /* U+C810 */
    {0x0000,0x0000,0x7f18,0x7f18,0x0818,0x0c78,0x1678,0x3318,0x6198,0x8008,0x0000,0x3018,0x3ff8,0x3018,0x3018,0x3ff8,0x0000,0x0000}, /* U+C811 */
    {0x0000,0x0018,0x7f98,0x7f98,0x0818,0x0c78,0x1c78,0x3218,0x6198,0xc098,0x0018,0x0198,0x0180,0x02c0,0x0c60,0x3838,0x0000,0x0000}, /* U+C813 */
    {0x0000,0x0000,0x0018,0x7f18,0x0818,0x0818,0x1cf8,0x1618,0x6318,0xc198,0x0018,0x07c0,0x1830,0x2018,0x3018,0x1ff0,0x0000,0x0000}, /* U+C815 */
    {0x0000,0x0000,0x0018,0x7f98,0x0818,0x0c78,0x1c78,0x3218,0x6198,0xc098,0x0000,0x3ff0,0x0300,0x0280,0x0c60,0x3838,0x0000,0x0000}, /* U+C816 */
    {0x0000,0x0000,0x0048,0x7e68,0x7e68,0x1848,0x1848,0x1bc8,0x1848,0x3c48,0x6448,0xc648,0x8048,0x0048,0x0068,0x0008,0x0008,0x0000}, /* U+C81C */
    {0x0000,0x0000,0x0068,0x7e68,0x1868,0x1868,0x19c8,0x3c68,0x6668,0xc268,0x0008,0x1ff8,0x0008,0x0008,0x0008,0x0008,0x0000,0x0000}, /* U+C81D */
    {0x0000,0x0000,0x004c,0x7f68,0x1868,0x1868,0x19e8,0x19e8,0x2468,0x6668,0xc268,0x0068,0x1008,0x1000,0x1000,0x1ffc,0x0000,0x0000}, /* U+C820 */
    {0x0000,0x0000,0x0048,0x7e68,0x1868,0x1868,0x19c8,0x3868,0x2468,0x4648,0x0000,0x1ff8,0x0008,0x1ff8,0x1800,0x1ffc,0x0000,0x0000}, /* U+C824 */
    {0x0000,0x0000,0x0068,0x7e68,0x1868,0x1848,0x19c8,0x3c68,0x6648,0xc268,0x0008,0x1ff8,0x1808,0x1808,0x1808,0x1ff8,0x0008,0x0000}, /* U+C82C */
    {0x0000,0x0008,0x7e68,0x7e68,0x1868,0x19c8,0x19c8,0x2c68,0x6668,0xc248,0x0808,0x0808,0x0ff8,0x0808,0x0808,0x0ff8,0x0800,0x0000}, /* U+C82D */
    {0x0000,0x0000,0x0068,0x7e68,0x1848,0x1848,0x19c8,0x3c48,0x6448,0xc268,0x0048,0x0108,0x0380,0x06c0,0x0c70,0x3818,0x0000,0x0000}, /* U+C82F */
    {0x0000,0x0000,0x0068,0x7e68,0x1848,0x1848,0x19c8,0x3c48,0x6448,0xc268,0x0008,0x07e0,0x0c38,0x100c,0x1808,0x0ff8,0x0000,0x0000}, /* U+C831 */
    {0x0000,0x0000,0x0018,0x7f98,0x0c18,0x0818,0x08f8,0x1818,0x1c18,0x34f8,0x2618,0xc318,0x8118,0x0018,0x0018,0x0018,0x0000,0x0000}, /* U+C838 */
    {0x0000,0x0000,0x0018,0x7f98,0x0c78,0x0c78,0x1c18,0x1618,0x3378,0xe198,0x0018,0x0018,0x3018,0x3000,0x3000,0x3ff8,0x0000,0x0000}, /* U+C83C */
    {0x0000,0x0000,0x7f98,0x7f18,0x0c78,0x0c18,0x1c18,0x3278,0xe198,0x0000,0x1ff0,0x0018,0x0018,0x1ff0,0x1000,0x1ff8,0x0000,0x0000}, /* U+C840 */
    {0x0000,0x0000,0x7f18,0x7f18,0x0878,0x0818,0x1c18,0x36f8,0x6318,0xc198,0x0000,0x3ff0,0x3018,0x2018,0x2018,0x3ff8,0x0000,0x0000}, /* U+C848 */
    {0x0000,0x0000,0x7f18,0x7f18,0x0878,0x0c18,0x1418,0x3278,0x6198,0x8098,0x1000,0x1018,0x1ff8,0x1018,0x1018,0x1ff8,0x1000,0x0000}, /* U+C849 */
    {0x0000,0x0000,0x7f18,0x7f18,0x0818,0x0878,0x1c18,0x3678,0x6318,0xc100,0x0410,0x0430,0x0c30,0x0e38,0x1b4c,0x70c4,0x0000,0x0000}, /* U+C84C */
    {0x0000,0x0000,0x0018,0xff18,0x0818,0x0878,0x1c18,0x3678,0x6378,0xc198,0x0018,0x0fe0,0x3830,0x2018,0x3018,0x1ff0,0x0000,0x0000}, /* U+C84D */
    {0x0000,0x0000,0x0008,0x0068,0x7e68,0x1868,0x19e8,0x1868,0x1868,0x39e8,0x6de8,0xc668,0x8268,0x0068,0x0068,0x0008,0x0000,0x0000}, /* U+C854 */
    {0x0000,0x0000,0x0000,0x7ff8,0x7ff8,0x0300,0x0780,0x0cc0,0x7878,0x6108,0x0300,0x0300,0x0300,0xfffc,0x0000,0x0000,0x0000,0x0000}, /* U+C870 */
    {0x0000,0x0000,0x7ff0,0x0300,0x0780,0x1ce0,0x7338,0x0300,0xfffc,0x0000,0x0000,0x3ff0,0x0010,0x0010,0x0010,0x0010,0x0000,0x0000}, /* U+C871 */
    {0x0000,0x0000,0x3ff0,0x0300,0x0300,0x0480,0x1870,0x7318,0x0300,0xfffc,0x0000,0x2000,0x3000,0x2000,0x3ff0,0x1ff0,0x0000,0x0000}, /* U+C874 */
    {0x0000,0x0000,0x7ff8,0x0300,0x0580,0x7878,0x2310,0x0300,0xfffc,0x0000,0x3fe0,0x3ff0,0x0030,0x3ff0,0x2000,0x3ff0,0x0000,0x0000}, /* U+C878 */
    {0x0000,0x3000,0x7ff8,0x0300,0x0cc0,0x7878,0x0300,0x0300,0xfffc,0x0000,0x3cf0,0x0498,0x3c90,0x2098,0x2098,0x3cf0,0x0000,0x0000}, /* U+C87A */
    {0x0000,0x3ff0,0x3ff0,0x0300,0x0cc0,0x7878,0x4300,0x0300,0xfffc,0x0000,0x1fe0,0x3ff0,0x2010,0x2010,0x3ff0,0x3ff0,0x0000,0x0000}, /* U+C880 */
    {0x0000,0x0000,0x7ff8,0x0300,0x0780,0x0ce0,0x7338,0x0300,0xfffc,0x0000,0x2010,0x3030,0x3ff0,0x2010,0x3030,0x3ff0,0x0000,0x0000}, /* U+C881 */
    {0x0000,0x0000,0x7ff0,0x0300,0x0780,0x1ce0,0x7338,0x0300,0xfffc,0x0000,0x0000,0x0300,0x0700,0x0cc0,0x1870,0x7018,0x0000,0x0000}, /* U+C883 */
    {0x0000,0x0000,0x7ff8,0x0300,0x0780,0x0cc0,0x7978,0x0300,0x0300,0xfffc,0x0000,0x1fe0,0x3030,0x2018,0x3010,0x1fe0,0x0000,0x0000}, /* U+C885 */
    {0x0000,0x0000,0x7ff0,0x0300,0x0780,0x1ce0,0x7338,0x0300,0xfffc,0x0000,0x0000,0x3ff0,0x0300,0x0680,0x1c60,0x3038,0x0000,0x0000}, /* U+C886 */
    {0x0000,0x0000,0x7ff8,0x0300,0x0480,0x7870,0x0300,0x0304,0xfffc,0x0000,0x0780,0x0000,0x3ff0,0x0300,0x0cc0,0x3030,0x0000,0x0000}, /* U+C887 */
    {0x0000,0x0000,0x7ff0,0x0300,0x0cc0,0x7870,0x0300,0xfffc,0x0000,0x0780,0x0000,0x3ff0,0x0780,0x1860,0x1020,0x1fc0,0x0000,0x0000}, /* U+C88B */
    {0x0000,0x0010,0x0010,0xff90,0x0810,0x1c10,0x1610,0x6390,0xc09c,0x081c,0x0810,0x0fd0,0xff10,0x0010,0x0010,0x0010,0x0000,0x0000}, /* U+C88C */
    {0x0000,0x0010,0x7f90,0x7f90,0x0c10,0x1a10,0x719c,0x041c,0x0c10,0xffd0,0x0000,0x3ff0,0x0030,0x0010,0x0010,0x0010,0x0000,0x0000}, /* U+C88D */
    {0x0000,0x0010,0x7f90,0x7f90,0x0c10,0x1a10,0x719c,0x0c10,0xfff0,0xc010,0x1ff0,0x0030,0x0030,0x3ff0,0x2000,0x3ff0,0x0000,0x0000}, /* U+C894 */
    {0x0000,0x0010,0x0010,0x7f90,0x0c10,0x0e10,0x339c,0x6c90,0x0c10,0xffd0,0x0010,0x3010,0x3ff0,0x3010,0x3010,0x3ff0,0x0000,0x0000}, /* U+C89D */
    {0x0000,0x0010,0x7f90,0x7f90,0x0c10,0x1a10,0x7190,0x0c1c,0x0c10,0xffd0,0x0010,0x0110,0x0380,0x06c0,0x0c60,0x3818,0x0000,0x0000}, /* U+C89F */
    {0x0000,0x0000,0x7f90,0x7f90,0x0c10,0x1e10,0x3390,0x049c,0x0c10,0xffd0,0x0010,0x1fe0,0x3030,0x2010,0x3030,0x1fe0,0x0000,0x0000}, /* U+C8A1 */
    {0x0000,0x0000,0x006c,0x7f68,0x7e68,0x1868,0x1c68,0x2668,0xc378,0x0868,0x0868,0x0868,0xffe8,0x0068,0x0068,0x0048,0x0000,0x0000}, /* U+C8A8 */
    {0x0000,0x0000,0x0068,0x7f68,0x0c68,0x1e48,0x3368,0x6978,0x0c68,0xffc8,0xfe48,0x0630,0x0630,0x0e38,0x094c,0x30c4,0x0000,0x0000}, /* U+C8BC */
    {0x0000,0x0000,0x0068,0x7f68,0x0c68,0x1e68,0x3368,0x6978,0x0c68,0x7fe8,0x0068,0x07e0,0x1c18,0x1008,0x1808,0x0ff8,0x0000,0x0000}, /* U+C8BD */
    {0x0000,0x0000,0x0018,0x7fd8,0x0c18,0x0c18,0x1e18,0x3318,0xe0d8,0x0c18,0x0c18,0x0c58,0xffd8,0x0018,0x0018,0x0018,0x0000,0x0000}, /* U+C8C4 */
    {0x0000,0x0000,0x0018,0x7f98,0x0c18,0x0e18,0x3398,0x6498,0x0418,0x0c18,0xfff8,0x0018,0x2018,0x3000,0x2000,0x3ff8,0x0000,0x0000}, /* U+C8C8 */
    {0x0000,0x0000,0x7f98,0x7f98,0x0418,0x0a18,0x31d8,0x2418,0xfff8,0xffe8,0x1ff0,0x1fd8,0x0018,0x1ff0,0x1000,0x1ff8,0x0000,0x0000}, /* U+C8CC */
    {0x0000,0x0000,0x7f98,0x7f98,0x0c18,0x0b18,0x31d8,0x6418,0x0c18,0xfff8,0x0000,0x1ff0,0x1018,0x1018,0x1018,0x1ff8,0x1000,0x0000}, /* U+C8D4 */
    {0x0000,0x0000,0x7f98,0x7f98,0x0c18,0x1a18,0x31d8,0x2418,0x0c18,0xfff8,0x0018,0x1018,0x1ff8,0x1018,0x1018,0x1ff8,0x0000,0x0000}, /* U+C8D5 */
    {0x0000,0x0000,0x7f98,0x7f98,0x0c18,0x1b18,0x71d8,0x0418,0x0c18,0xfff8,0x0018,0x0180,0x0180,0x0340,0x0630,0x181c,0x0000,0x0000}, /* U+C8D7 */
    {0x0000,0x0000,0x0018,0x7fd8,0x0418,0x0e18,0x3b98,0x2498,0x0418,0xfff8,0x0018,0x0ff0,0x1818,0x3008,0x1018,0x0ff0,0x0000,0x0000}, /* U+C8D9 */
    {0x0000,0x0000,0x0000,0x7ff8,0x0300,0x0300,0x0780,0x0cc0,0x3878,0x6058,0x0840,0x0840,0x08c0,0xfffc,0x0000,0x0000,0x0000,0x0000}, /* U+C8E0 */
    {0x0000,0x0000,0x7ff8,0x0300,0x0780,0x0cc0,0x7878,0x04c0,0x0cc0,0xfffc,0x0000,0x3ff0,0x0030,0x0030,0x0030,0x0030,0x0000,0x0000}, /* U+C8E1 */
    {0x0000,0x0000,0x3ff0,0x0300,0x0300,0x04c0,0x1870,0x7018,0x0cc0,0xfffc,0x0000,0x2000,0x2000,0x2000,0x3ff0,0x1ff0,0x0000,0x0000}, /* U+C8E4 */
    {0x0000,0x0000,0x7ff8,0x0300,0x0780,0x0cc0,0x7878,0x0440,0x0cc0,0xfffc,0x0000,0x1fe0,0x3030,0x6018,0x3030,0x1fe0,0x0000,0x0000}, /* U+C8F5 */
    {0x0000,0x0000,0x7ff0,0x0300,0x0780,0x0cc0,0x3878,0x2000,0x0000,0xfffc,0x0300,0x0300,0x0300,0x0300,0x0300,0x0300,0x0000,0x0000}, /* U+C8FC */
    {0x0000,0x0000,0x7ff8,0x0300,0x0780,0x1cf0,0x7038,0x0000,0xfffc,0x0300,0x0300,0x3ff0,0x0030,0x0030,0x0030,0x0030,0x0000,0x0000}, /* U+C8FD */
    {0x0000,0x0000,0x7ff8,0x0300,0x0780,0x0cc0,0x7878,0x0000,0x0000,0xfffc,0x0300,0x0300,0x2300,0x2000,0x3000,0x3ff8,0x0000,0x0000}, /* U+C900 */
    {0x0000,0x0000,0x3ff0,0x0300,0x0780,0x1ce0,0x7038,0x0000,0xfffc,0x0300,0x0300,0x3ff0,0x0010,0x3ff0,0x2000,0x3ff0,0x0000,0x0000}, /* U+C904 */
    {0x0000,0x0000,0x7ff8,0x0300,0x0780,0x1cf0,0x7038,0x0000,0xfffc,0x0300,0x0000,0x2cf0,0x0430,0x3c30,0x2030,0x3e30,0x0000,0x0000}, /* U+C905 */
    {0x0000,0x0000,0x7ff8,0x0300,0x0780,0x1cf0,0x7038,0x0000,0xfffc,0x0300,0x3cf0,0x0490,0x3c90,0x2090,0x2090,0x3ef0,0x0000,0x0000}, /* U+C906 */
    {0x0000,0x0000,0x7ff8,0x0300,0x0cc0,0x7878,0x2000,0xfffc,0xfffc,0x0300,0x0300,0x3ff0,0x2010,0x2010,0x2030,0x3ff0,0x0000,0x0000}, /* U+C90C */
    {0x0000,0x0000,0x7ff8,0x0300,0x04c0,0x3878,0x0000,0xfffc,0xfffc,0x0300,0x2210,0x3010,0x3ff0,0x2010,0x3030,0x3ff0,0x0000,0x0000}, /* U+C90D */
    {0x0000,0x0000,0x7ff8,0x0300,0x06c0,0x3c78,0x2000,0x0000,0xfffc,0x0300,0x0200,0x0300,0x0780,0x0cc0,0x1870,0x7018,0x0000,0x0000}, /* U+C90F */
    {0x0000,0x0000,0x7ff0,0x0300,0x0780,0x0cc0,0x7878,0x0000,0xfffc,0x0300,0x0200,0x0fc0,0x3870,0x2010,0x2030,0x1fe0,0x0000,0x0000}, /* U+C911 */
    {0x0000,0x0000,0x0018,0x7f98,0x0c18,0x0c18,0x1318,0x61d8,0x0018,0xffd8,0xff18,0x0cf8,0x0cf8,0x0c18,0x0c18,0x0018,0x0000,0x0000}, /* U+C918 */
    {0x0000,0x0000,0x7f98,0x0e18,0x0a18,0x71d8,0x0018,0xffd8,0xfc18,0x0cf8,0x0c18,0x0430,0x0430,0x0e70,0x1b4c,0x3084,0x0000,0x0000}, /* U+C92C */
    {0x0000,0x0000,0x0068,0x7f68,0x0868,0x1c68,0x3668,0x6368,0x0068,0x7f68,0xfc68,0x0868,0x09e8,0x0868,0x0868,0x000c,0x0000,0x0000}, /* U+C934 */
    {0x0000,0x0000,0x0018,0x7f98,0x0c18,0x0e18,0x1b18,0x6198,0x0018,0x3fd8,0xff98,0x0418,0x0418,0x0418,0x0418,0x0018,0x0000,0x0000}, /* U+C950 */
    {0x0000,0x0000,0x7f98,0x7e98,0x0e18,0x71d8,0x0018,0xffd8,0xffd8,0x0418,0x0408,0x3ff0,0x0018,0x0018,0x0018,0x0018,0x0000,0x0000}, /* U+C951 */
    {0x0000,0x0000,0x0018,0x7fd8,0x0c18,0x0e18,0x3398,0x6098,0x0058,0xffd8,0x0418,0x0418,0x3418,0x3000,0x3000,0x3ff8,0x0000,0x0000}, /* U+C954 */
    {0x0000,0x0000,0x7f98,0x0c18,0x0e18,0x1b18,0x71d8,0x4018,0xffd8,0x0418,0x0400,0x1ff8,0x0018,0x1ff8,0x1000,0x1ff8,0x0c08,0x0000}, /* U+C958 */
    {0x0000,0x0000,0x7f98,0x0e18,0x0a18,0x71d8,0x0018,0x3ff8,0xfe18,0x0418,0x0408,0x1ff8,0x1018,0x1018,0x1018,0x1ff8,0x0000,0x0000}, /* U+C960 */
    {0x0000,0x0000,0x7f98,0x0418,0x0e18,0x1b18,0x60d8,0x4018,0xffd8,0x0418,0x0400,0x1018,0x1ff8,0x1018,0x1018,0x1ff8,0x0000,0x0000}, /* U+C961 */
    {0x0000,0x0000,0x7f98,0x0c18,0x0e18,0x1b18,0x61d8,0x0018,0xfff8,0x0c18,0x0418,0x0598,0x0180,0x0240,0x0e30,0x381c,0x0000,0x0000}, /* U+C963 */
    {0x0000,0x0000,0x7ff8,0x0300,0x0780,0x0cc0,0x3878,0x6018,0x0000,0xfffc,0x0c40,0x0840,0x0840,0x0840,0x0c40,0x0c40,0x0000,0x0000}, /* U+C96C */
    {0x0000,0x0000,0x7ff0,0x0300,0x0780,0x0cc0,0x7878,0x0000,0xfffc,0xfffc,0x0c40,0x0c40,0x2c40,0x2000,0x2000,0x3ff0,0x0000,0x0000}, /* U+C970 */
    {0x0000,0x0000,0x3ff0,0x0300,0x0680,0x3870,0x6010,0x0000,0xfffc,0x0840,0x3ff0,0x0030,0x0030,0x3fe0,0x2000,0x3ff0,0x0000,0x0000}, /* U+C974 */
    {0x0000,0x0000,0x7ff8,0x0300,0x0cc0,0x7878,0x2000,0xfffc,0x0cc0,0x0840,0x3ff0,0x3ff0,0x2010,0x2010,0x3ff0,0x2010,0x0000,0x0000}, /* U+C97C */
    {0x0000,0x0000,0x0000,0x7ff8,0x7ff8,0x0300,0x0780,0x0cc0,0x7878,0x6008,0x0000,0x0000,0x0000,0xfffc,0x0000,0x0000,0x0000,0x0000}, /* U+C988 */
    {0x0000,0x0000,0x7ff8,0x0300,0x0780,0x0cc0,0x7878,0x0000,0x0000,0xfffc,0x0000,0x3ff0,0x0030,0x0010,0x0010,0x0010,0x0000,0x0000}, /* U+C989 */
    {0x0000,0x0000,0x3ff8,0x0300,0x0300,0x04c0,0x1870,0x7018,0x0000,0xfffc,0x0000,0x2000,0x2000,0x2000,0x3ff8,0x1ff8,0x0000,0x0000}, /* U+C98C */
    {0x0000,0x0000,0x3ff8,0x0300,0x0780,0x0ce0,0x7838,0x0000,0xfffc,0x0000,0x3fe0,0x3ff0,0x0010,0x3ff0,0x2000,0x3ff0,0x0000,0x0000}, /* U+C990 */
    {0x0000,0x0000,0x7ff8,0x0300,0x0780,0x0cc0,0x7878,0x4000,0x0000,0xfffc,0x0000,0x3ff0,0x2010,0x2010,0x3010,0x3ff0,0x0000,0x0000}, /* U+C998 */
    {0x0000,0x0000,0x3ff8,0x0300,0x0780,0x1ce0,0x7038,0x0000,0xfffc,0x0000,0x2010,0x3010,0x3ff0,0x3010,0x3030,0x3ff0,0x0000,0x0000}, /* U+C999 */
    {0x0000,0x0000,0x7ff8,0x0300,0x0300,0x0cc0,0x3878,0x6000,0x0000,0xfffc,0x0000,0x0300,0x0300,0x0480,0x1860,0x7038,0x0000,0x0000}, /* U+C99B */
    {0x0000,0x0000,0x7ff8,0x0300,0x0780,0x0cc0,0x7878,0x0000,0x0000,0xfffc,0x0000,0x0fe0,0x3870,0x2018,0x3030,0x1fe0,0x0000,0x0000}, /* U+C99D */
    {0x0000,0x0000,0x0018,0x7f98,0x7f98,0x0c18,0x0c18,0x0c18,0x1c18,0x1618,0x2318,0xc198,0x8098,0x0018,0x0018,0x0018,0x0000,0x0000}, /* U+C9C0 */
    {0x0000,0x0000,0x0018,0x7f98,0x0418,0x0c18,0x1a18,0x1318,0x61d8,0xc018,0x0000,0x3ff8,0x0018,0x0018,0x0018,0x0018,0x0000,0x0000}, /* U+C9C1 */
    {0x0000,0x0000,0x0018,0x7fd8,0x0c18,0x0c18,0x0c18,0x1e18,0x3318,0x6198,0x4018,0x0018,0x2018,0x2000,0x2000,0x3ff8,0x0000,0x0000}, /* U+C9C4 */
    {0x0000,0x0000,0x0018,0x7f98,0x0c18,0x0c18,0x1e18,0x1318,0x6198,0xc0d8,0x0000,0x3ff8,0x3000,0x3000,0x3000,0x3ff8,0x0000,0x0000}, /* U+C9C7 */
    {0x0000,0x0000,0x0018,0x7f98,0x0c18,0x0c18,0x1e18,0x3318,0x6198,0xc008,0x0000,0x3ff8,0x0018,0x3ff8,0x3000,0x3ff8,0x0000,0x0000}, /* U+C9C8 */
    {0x0000,0x0000,0x0018,0x7f98,0x0418,0x0c18,0x0a18,0x1318,0x6198,0x4098,0x0000,0x3ef8,0x0688,0x3e88,0x2088,0x3ef8,0x0000,0x0000}, /* U+C9CA */
    {0x0000,0x0008,0x7f98,0x7f98,0x0c18,0x0c18,0x1e18,0x3318,0x6198,0xc018,0x0000,0x3ff8,0x2018,0x2018,0x3018,0x3ff8,0x0000,0x0000}, /* U+C9D0 */
    {0x0000,0x0000,0x0018,0xff98,0x0c18,0x0c18,0x1618,0x3318,0x6198,0xc000,0x2008,0x3018,0x3ff8,0x3018,0x3018,0x3ff8,0x0000,0x0000}, /* U+C9D1 */
    {0x0000,0x0000,0x0018,0x7f98,0x0c18,0x0c18,0x0e18,0x1a18,0x3198,0xe0d8,0x0018,0x0118,0x0180,0x02c0,0x0e60,0x3838,0x0000,0x0000}, /* U+C9D3 */
    {0x0000,0x0000,0x0018,0xff98,0x0c18,0x0c18,0x1c18,0x3218,0x6198,0xc098,0x0000,0x1fe0,0x3030,0x2018,0x3018,0x1ff0,0x0000,0x0000}, /* U+C9D5 */
    {0x0000,0x0000,0x0018,0x7f98,0x0c18,0x0c18,0x0e18,0x1218,0x3198,0x4098,0x0000,0x1ff0,0x0100,0x0380,0x0e60,0x3838,0x0000,0x0000}, /* U+C9D6 */
    {0x0000,0x0000,0x0018,0x7fd8,0x0c18,0x0c18,0x0e18,0x1b18,0x3198,0x60d8,0x0000,0x1ff8,0x1000,0x1ff0,0x1000,0x1ff8,0x0000,0x0000}, /* U+C9D9 */
    {0x0000,0x0000,0x0018,0x7f98,0x0c18,0x0c18,0x1e18,0x3318,0x6198,0xc018,0x0000,0x1ff8,0x0000,0x0460,0x0440,0x3ff8,0x0000,0x0000}, /* U+C9DA */
    {0x0000,0x0010,0x0010,0xf390,0xf390,0x2110,0x2110,0x2110,0x731c,0x539c,0xce90,0x8cd0,0x0810,0x0010,0x0010,0x0010,0x0000,0x0000}, /* U+C9DC */
    {0x0000,0x0010,0x7390,0x7390,0x2110,0x2110,0x739c,0x5a90,0xccd0,0x0010,0x0000,0x7ff0,0x0010,0x0010,0x0010,0x0010,0x0000,0x0000}, /* U+C9DD */
    {0x0000,0x0010,0x0010,0x0010,0xf390,0x2110,0x6310,0x739c,0xd690,0x18cd0,0x0810,0x0010,0x2010,0x2000,0x2000,0x3ff0,0x0000,0x0000}, /* U+C9E0 */
    {0x0000,0x0010,0x0010,0xf3d0,0x2110,0x2110,0x739c,0x5290,0xc6d0,0x8410,0x40e0,0x60e0,0x63f8,0x61f0,0x6118,0x7db0,0x00e0,0x0000}, /* U+C9E2 */
    {0x0000,0x0010,0x0010,0xf3d0,0x2110,0x2110,0x731c,0x5390,0xc6d0,0x8410,0x0030,0x3ff0,0x0010,0x3ff0,0x3000,0x3ff0,0x1ff0,0x0000}, /* U+C9E4 */
    {0x0000,0x0010,0x0010,0xf3d0,0x2110,0x2110,0x731c,0x5290,0xc6d0,0x8410,0x0000,0x7d10,0x05f0,0x7db0,0x6110,0x6df0,0x3110,0x0000}, /* U+C9E7 */
    {0x0000,0x0010,0x0010,0xfb90,0x2110,0x2110,0x331c,0x739c,0xced0,0x8c10,0x0000,0x3ff0,0x3010,0x2010,0x3010,0x3ff0,0x0000,0x0000}, /* U+C9EC */
    {0x0000,0x0010,0x0010,0xf3d0,0x2110,0x2110,0x739c,0x5a90,0x86d0,0x0410,0x0010,0x3010,0x3ff0,0x3010,0x3010,0x3ff0,0x0000,0x0000}, /* U+C9ED */
    {0x0000,0x0010,0x0010,0xfb90,0x2110,0x2110,0x331c,0x7390,0xced0,0x8c10,0x0110,0x0110,0x0380,0x06c0,0x0c70,0x3818,0x0000,0x0000}, /* U+C9EF */
    {0x0000,0x0010,0x0010,0xfb90,0x2110,0x2110,0x331c,0x7390,0xced0,0x8c10,0x0420,0x0c20,0x0c60,0x1e70,0x33d8,0x6188,0x0000,0x0000}, /* U+C9F0 */
    {0x0000,0x0010,0x0010,0x73d0,0x2110,0x2110,0x311c,0x5b90,0xced0,0x8450,0x0010,0x0fc0,0x3870,0x6010,0x2030,0x1fe0,0x0000,0x0000}, /* U+C9F1 */
    {0x0000,0x0008,0x0068,0x0048,0x7748,0x2248,0x2248,0x6248,0x6678,0x7778,0xdd48,0x89c8,0x0848,0x0048,0x0048,0x0008,0x0000,0x0000}, /* U+C9F8 */
    {0x0000,0x0000,0x0068,0x77e8,0x3268,0x2268,0x3378,0x7778,0xcde8,0x8868,0x0008,0x1ff8,0x0008,0x0008,0x0008,0x0008,0x0000,0x0000}, /* U+C9F9 */
    {0x0000,0x0000,0x0008,0x7768,0x3368,0x2268,0x2268,0x3378,0x5768,0xd5e8,0x8c68,0x0068,0x1008,0x1000,0x1000,0x1ffc,0x0000,0x0000}, /* U+C9FC */
    {0x0000,0x0008,0x0068,0x7768,0x2268,0x2268,0x3378,0x7768,0xcde8,0x8868,0x0068,0x0ff8,0x0008,0x1ff8,0x1800,0x1ffc,0x0000,0x0000}, /* U+CA00 */
    {0x0000,0x0008,0x0068,0x77e8,0x3368,0x2268,0x3378,0x7768,0x5de8,0x8ce8,0x0000,0x1ff8,0x1808,0x1008,0x1808,0x1ff8,0x0000,0x0000}, /* U+CA08 */
    {0x0000,0x0008,0x0068,0x7768,0x2268,0x2268,0x3378,0x5768,0xcce8,0x0000,0x0808,0x0808,0x0ff8,0x0808,0x0808,0x0ff8,0x0000,0x0000}, /* U+CA09 */
    {0x0000,0x0000,0x0068,0x77e8,0x3268,0x2268,0x3378,0x7778,0xcde8,0x8868,0x0068,0x0088,0x01c0,0x0160,0x0630,0x1c1c,0x0000,0x0000}, /* U+CA0B */
    {0x0000,0x0000,0x0068,0x7768,0x2268,0x2268,0x3278,0x7778,0xcde8,0x8868,0x0028,0x0420,0x0420,0x0e70,0x1a58,0x30cc,0x0000,0x0000}, /* U+CA0C */
    {0x0000,0x0008,0x0068,0x7fe8,0x3368,0x2268,0x3368,0x7778,0x5de8,0xcce8,0x0028,0x03c0,0x1ff8,0x1008,0x1008,0x1ff8,0x03c0,0x0000}, /* U+CA0D */
    {0x0000,0x0010,0x0010,0xf390,0xf390,0x2110,0x211c,0x211c,0x7310,0x5b90,0xc69e,0x8cd0,0x0810,0x0010,0x0010,0x0010,0x0000,0x0000}, /* U+CA14 */
    {0x0000,0x0010,0x0010,0x0010,0xf390,0x211c,0x6310,0x7310,0xd290,0x18cdc,0x0c10,0x0010,0x2010,0x2000,0x2000,0x3ff0,0x0000,0x0000}, /* U+CA18 */
    {0x0000,0x0000,0x0010,0x73d0,0x2110,0x211c,0x7190,0x5b90,0xc6dc,0x8450,0x0010,0x0fc0,0x3870,0x2010,0x3030,0x1fe0,0x0000,0x0000}, /* U+CA29 */
    {0x0000,0x0000,0x0018,0x7bd8,0x7bd8,0x3118,0x3198,0x31f8,0x31b8,0x5b98,0xce58,0x8458,0x0018,0x0018,0x0018,0x0018,0x0000,0x0000}, /* U+CA4C */
    {0x0000,0x0018,0x7bd8,0x7bd8,0x3118,0x3178,0x31b8,0x7b98,0xced8,0x8458,0x0008,0x3ff0,0x3ff8,0x0018,0x0018,0x0018,0x0000,0x0000}, /* U+CA4D */
    {0x0000,0x0000,0x0018,0x73d8,0x7398,0x3118,0x3138,0x3338,0x7b98,0xc6d8,0x8c58,0x0018,0x3018,0x3000,0x3000,0x3ff8,0x0000,0x0000}, /* U+CA50 */
    {0x0000,0x0008,0x7b98,0x7b98,0x3118,0x3178,0x3198,0x7b98,0xc6d8,0x0400,0x1ff0,0x0018,0x0018,0x3ff8,0x3000,0x3ff8,0x0000,0x0000}, /* U+CA54 */
    {0x0000,0x0000,0x0018,0x7bd8,0x3118,0x3118,0x3178,0x7b98,0x4ad8,0xc458,0x0018,0x3ff8,0x3018,0x3018,0x3018,0x3ff8,0x0000,0x0000}, /* U+CA5C */
    {0x0000,0x0008,0x7398,0x7398,0x2118,0x3178,0x3198,0x7b98,0xc6d8,0x0400,0x1008,0x1818,0x1ff8,0x1018,0x1818,0x1ff8,0x0000,0x0000}, /* U+CA5D */
    {0x0000,0x0000,0x0018,0x7bd8,0x3118,0x3118,0x3178,0x7b98,0x4ad8,0x8458,0x0118,0x0118,0x0380,0x02c0,0x0c60,0x3838,0x0000,0x0000}, /* U+CA5F */
    {0x0000,0x0000,0x0018,0x7bd8,0x3118,0x3178,0x3138,0x7b98,0x4ed8,0x8448,0x0400,0x0430,0x0430,0x0e70,0x1b48,0x3084,0x0000,0x0000}, /* U+CA60 */
    {0x0000,0x0000,0x0018,0x7bd8,0x3118,0x3118,0x3178,0x7b98,0x4ed8,0xc458,0x0008,0x0fe0,0x1018,0x3008,0x3018,0x1ff0,0x0000,0x0000}, /* U+CA61 */
    {0x0000,0x0008,0x0048,0x0068,0x7748,0x2248,0x2248,0x67c8,0x6648,0x7648,0xdd48,0x8948,0x0848,0x0048,0x0048,0x0048,0x0008,0x0000}, /* U+CA68 */
    {0x0000,0x0000,0x0068,0x7fe8,0x3368,0x2268,0x33e8,0x7768,0x5de8,0xcce8,0x0028,0x03c0,0x1ff8,0x1008,0x1008,0x1ff8,0x03c0,0x0000}, /* U+CA7D */
    {0x0000,0x0000,0x0018,0x7bd8,0x7bd8,0x3138,0x3138,0x3118,0x71b8,0x5b98,0xced8,0x8458,0x0018,0x0018,0x0018,0x0018,0x0000,0x0000}, /* U+CA84 */
    {0x0000,0x0000,0x0018,0x7bd8,0x3138,0x3138,0x3138,0x7bf8,0x4ed8,0x8408,0x0000,0x0430,0x0430,0x0e30,0x1b48,0x3084,0x0000,0x0000}, /* U+CA98 */
    {0x0000,0x0000,0x0000,0x7cf8,0x1820,0x1860,0x3870,0x6cd8,0xc58c,0x0000,0x0300,0x0300,0x0300,0xfffc,0x0000,0x0000,0x0000,0x0000}, /* U+CABC */
    {0x0000,0x0000,0x7df8,0x1060,0x1860,0x3cd0,0x6588,0x0300,0x0300,0xfffc,0x0000,0x3ff0,0x0010,0x0010,0x0010,0x0010,0x0000,0x0000}, /* U+CABD */
    {0x0000,0x0000,0x7cf8,0x1860,0x1860,0x3cd0,0x648c,0x4300,0x0300,0xfffc,0xfffc,0x2000,0x2000,0x2000,0x3ff0,0x3ff0,0x0000,0x0000}, /* U+CAC0 */
    {0x0000,0x0000,0x7cf8,0x1020,0x1870,0x2cd8,0x410c,0x0300,0xfffc,0x0000,0x3ff0,0x0010,0x1ff0,0x3ff0,0x3000,0x3ff8,0x0000,0x0000}, /* U+CAC4 */
    {0x0000,0x0000,0x7df8,0x1060,0x1860,0x3cd0,0x6588,0x0300,0x0300,0xfffc,0x0000,0x3ff0,0x2010,0x2010,0x3ff0,0x3ff0,0x0000,0x0000}, /* U+CACC */
    {0x0000,0x0000,0x7cf8,0x1020,0x3870,0x6cd8,0xc10c,0x0300,0xfffc,0x0000,0x1010,0x3010,0x3ff0,0x3010,0x3010,0x3ff0,0x0000,0x0000}, /* U+CACD */
    {0x0000,0x0000,0x7df8,0x1060,0x1860,0x3cd0,0x6488,0x0200,0x0300,0xfffc,0x0000,0x0300,0x0300,0x0480,0x1860,0x7038,0x0000,0x0000}, /* U+CACF */
    {0x0000,0x0000,0x7ef8,0x1820,0x1870,0x2cd8,0x648c,0x0300,0x0300,0xfffc,0x0000,0x1fe0,0x3030,0x6018,0x3010,0x1fe0,0x0000,0x0000}, /* U+CAD1 */
    {0x0000,0x0000,0x7cf8,0x1820,0x3870,0x2c98,0x410c,0x0300,0xfffc,0x0000,0x0780,0x0400,0x3ff0,0x0300,0x0cc0,0x3870,0x0000,0x0000}, /* U+CAD3 */
    {0x0000,0x0010,0x0010,0xf7d0,0x2110,0x2110,0x7390,0xda90,0x84dc,0x081c,0x0c10,0x1fff0,0xe010,0x0010,0x0010,0x0010,0x0000,0x0000}, /* U+CAD8 */
    {0x0000,0x0010,0x0010,0x7390,0x2110,0x7390,0xce5c,0x041c,0x0c10,0xffd0,0x0000,0x3ff0,0x0030,0x0010,0x0010,0x0010,0x0000,0x0000}, /* U+CAD9 */
    {0x0000,0x0010,0x0010,0xf390,0x2310,0x7390,0x949c,0x0410,0xffd0,0xffd0,0x1ff0,0x1ff0,0x0010,0x3ff0,0x3000,0x3ff0,0x0000,0x0000}, /* U+CAE0 */
    {0x0000,0x0010,0x0010,0xfb90,0x2110,0x7390,0xded0,0x0c1c,0x0c10,0xffd0,0x0010,0x0420,0x0c20,0x0c60,0x16d0,0x3398,0x0000,0x0000}, /* U+CAEC */
    {0x0000,0x0000,0x0008,0x7768,0x7768,0x2268,0x2668,0x7668,0x5568,0x8d38,0x8868,0x0868,0x0968,0xff68,0x0068,0x0028,0x0000,0x0000}, /* U+CAF4 */
    {0x0000,0x0000,0x002c,0x77ac,0x232c,0x332c,0x5ca8,0x8038,0x0828,0xffa8,0x002c,0x0010,0x0610,0x0638,0x0b6c,0x3144,0x0000,0x0000}, /* U+CB08 */
    {0x0000,0x0000,0x0018,0x7bd8,0x3198,0x3198,0x7998,0xcb58,0x8258,0x0418,0x0418,0xfff8,0x0018,0x0018,0x0018,0x0018,0x0000,0x0000}, /* U+CB10 */
    {0x0000,0x0000,0x0018,0x7bd8,0x3198,0x3198,0x7bd8,0xc258,0x0418,0x0418,0xffd8,0x0018,0x3018,0x3000,0x3000,0x3ff8,0x0000,0x0000}, /* U+CB14 */
    {0x0000,0x0000,0x0018,0x7bd8,0x3198,0x3bd8,0x4a58,0x0418,0x7fd8,0xfbc8,0x1ff0,0x1ff8,0x0018,0x1ff0,0x1000,0x1ff8,0x0000,0x0000}, /* U+CB18 */
    {0x0000,0x0000,0x0018,0x7bd8,0x1198,0x39d8,0x4a58,0x0418,0x0618,0xfff8,0x0000,0x1ff0,0x1018,0x1018,0x1018,0x1ff8,0x0000,0x0000}, /* U+CB20 */
    {0x0000,0x0000,0x0018,0x7bd8,0x3198,0x7bd8,0x4a58,0x0418,0x0418,0xfff8,0x1018,0x1018,0x1ff8,0x1018,0x1018,0x1ff8,0x0000,0x0000}, /* U+CB21 */
    {0x0000,0x0000,0x7ef8,0x1820,0x1870,0x2cd8,0x648c,0x0c40,0x0cc0,0xfffc,0x0000,0x1fe0,0x3030,0x6018,0x2010,0x1fe0,0x0000,0x0000}, /* U+CB41 */
    {0x0000,0x0000,0x7cf8,0x1820,0x1820,0x3c70,0x66d8,0xc18c,0x0000,0xfffc,0x0300,0x0300,0x0300,0x0300,0x0300,0x0300,0x0000,0x0000}, /* U+CB48 */
    {0x0000,0x7cf8,0x7cf8,0x1860,0x3c70,0x6598,0x4108,0x0000,0xfffc,0x0300,0x0300,0x3ff0,0x0010,0x0010,0x0010,0x0010,0x0000,0x0000}, /* U+CB49 */
    {0x0000,0x0000,0x7cf8,0x1820,0x1860,0x3cf0,0x6598,0x0100,0xfffc,0xfffc,0x0300,0x0300,0x2300,0x2000,0x2000,0x3ff8,0x0000,0x0000}, /* U+CB4C */
    {0x0000,0x0000,0x7cf8,0x1860,0x1870,0x2cd8,0x648c,0x4000,0xfffc,0x0300,0x3fe0,0x0030,0x0030,0x3fe0,0x2000,0x3ff0,0x0000,0x0000}, /* U+CB50 */
    {0x0000,0x0000,0x7cf8,0x1860,0x1c60,0x26d8,0x4108,0x0000,0xfffc,0x0300,0x0300,0x3ff0,0x2010,0x2010,0x2010,0x3ff0,0x0000,0x0000}, /* U+CB58 */
    {0x0000,0x0000,0x7cf8,0x1820,0x1870,0x2cd8,0x400c,0xc000,0xfffc,0x0300,0x2210,0x3030,0x3ff0,0x2010,0x3ff0,0x3030,0x0000,0x0000}, /* U+CB59 */
    {0x0000,0x0000,0x7ef8,0x1860,0x1860,0x34f0,0x6198,0x0000,0xfffc,0x0300,0x0300,0x1fe0,0x3030,0x2018,0x3030,0x1fe0,0x0000,0x0000}, /* U+CB5D */
    {0x0000,0x0000,0x0018,0x7bd8,0x3198,0x3198,0x5bd8,0xca58,0x0018,0xfff8,0xfe18,0x0418,0x04f8,0x0418,0x0418,0x0418,0x0000,0x0000}, /* U+CB64 */
    {0x0000,0x0000,0x7398,0x3198,0x3118,0x7bd8,0x8458,0x7fd8,0xfed8,0x04f8,0x0418,0x0420,0x0c20,0x0e70,0x12d8,0x2188,0x0000,0x0000}, /* U+CB78 */
    {0x0000,0x0000,0x73d8,0x3198,0x3198,0x5bd8,0x8658,0x03f8,0xffd8,0x04f8,0x0418,0x07e0,0x1c30,0x1008,0x1818,0x0ff0,0x0000,0x0000}, /* U+CB79 */
    {0x0000,0x0000,0x0018,0x7bd8,0x3198,0x3198,0x79d8,0xca58,0x0018,0xfff8,0xfc18,0x0418,0x0418,0x0418,0x0418,0x0418,0x0000,0x0000}, /* U+CB9C */
    {0x0000,0x0000,0x7cf8,0x1020,0x1860,0x2c70,0x6698,0x810c,0x0000,0xfffc,0x0840,0x0840,0x0840,0x0840,0x0c40,0x0840,0x0000,0x0000}, /* U+CBB8 */
    {0x0000,0x0000,0x0000,0x7cf8,0x1820,0x1860,0x3870,0x6cd8,0xc58c,0x8000,0x0000,0x0000,0x0000,0xfffc,0x0000,0x0000,0x0000,0x0000}, /* U+CBD4 */
    {0x0000,0x0000,0x7df8,0x1820,0x1860,0x3cf0,0x6598,0x0000,0xfffc,0xfffc,0x0000,0x3ff0,0x2010,0x2010,0x3ff0,0x3ff0,0x0000,0x0000}, /* U+CBE4 */
    {0x0000,0x0000,0x7df8,0x1060,0x1860,0x3cd8,0x658c,0x0000,0x0000,0xfffc,0x0000,0x0300,0x0300,0x0480,0x1860,0x7038,0x0000,0x0000}, /* U+CBE7 */
    {0x0000,0x0000,0x7ef8,0x1820,0x1870,0x2cd8,0x648c,0x0000,0xfffc,0xfffc,0x0000,0x1fe0,0x3030,0x6018,0x2010,0x1fe0,0x0000,0x0000}, /* U+CBE9 */
    {0x0000,0x0000,0x0018,0x7bd8,0x7bd8,0x3198,0x3198,0x3198,0x7198,0x5bd8,0xce58,0x8458,0x0018,0x0018,0x0018,0x0018,0x0000,0x0000}, /* U+CC0C */
    {0x0000,0x0000,0x0018,0x7bd8,0x2118,0x3198,0x3398,0x5ad8,0xce58,0x8418,0x0000,0x3ff8,0x0018,0x0018,0x0018,0x0018,0x0000,0x0000}, /* U+CC0D */
    {0x0000,0x0000,0x0018,0x7bd8,0x3198,0x2098,0x3198,0x3198,0x5bd8,0xca58,0x8658,0x0018,0x3018,0x3000,0x3000,0x3ff8,0x0000,0x0000}, /* U+CC10 */
    {0x0000,0x0000,0x0018,0x7bd8,0x3198,0x3198,0x3198,0x4b58,0xc658,0x0018,0x0000,0x1ff8,0x0018,0x3ff8,0x3000,0x3ff8,0x0000,0x0000}, /* U+CC14 */
    {0x0000,0x0018,0x0018,0x7bd8,0x3098,0x3198,0x3198,0x7bd8,0x4e58,0x0418,0x0000,0x1ff8,0x3018,0x3018,0x1018,0x3ff8,0x0000,0x0000}, /* U+CC1C */
    {0x0000,0x0000,0x7bd8,0x3198,0x3198,0x3198,0x3998,0x4a58,0xc658,0x0000,0x3008,0x3018,0x3ff8,0x3018,0x3018,0x3ff8,0x0000,0x0000}, /* U+CC1D */
    {0x0000,0x0000,0x0018,0x7bd8,0x3198,0x3198,0x3198,0x39d8,0x4a58,0xc618,0x0000,0x0fe0,0x3030,0x2018,0x3018,0x1ff0,0x0000,0x0000}, /* U+CC21 */
    {0x0000,0x0000,0x0018,0x7bd8,0x3198,0x3198,0x3198,0x7bd8,0x4a58,0xc418,0x0018,0x1ff8,0x0100,0x0380,0x0660,0x1c38,0x0000,0x0000}, /* U+CC22 */
    {0x0000,0x0000,0x0018,0x7bd8,0x3198,0x3198,0x3198,0x7398,0x4a58,0xc218,0x0780,0x07c0,0x1ff8,0x07c0,0x0820,0x0c60,0x0380,0x0000}, /* U+CC27 */
    {0x0000,0x0010,0x1e10,0x0010,0x0010,0xff90,0x0c10,0x0c10,0x0c1c,0x141c,0x3210,0x6310,0xc190,0x0010,0x0010,0x0010,0x0000,0x0000}, /* U+CC28 */
    {0x0000,0x0010,0x1c10,0x0010,0xff90,0x0810,0x0c1c,0x1610,0x3310,0xc190,0x0010,0x3ff0,0x0010,0x0010,0x0010,0x0010,0x0010,0x0000}, /* U+CC29 */
    {0x0000,0x0000,0x1e10,0x0010,0xff90,0x0c10,0x0c10,0x1c1c,0x1210,0x2310,0xc090,0x0010,0x2010,0x2000,0x2000,0x3ff8,0x0000,0x0000}, /* U+CC2C */
    {0x0000,0x0010,0x1c10,0x0010,0xff90,0x0c10,0x0c1c,0x1c10,0x3210,0xe190,0xc0e0,0x2000,0x23f8,0x21f0,0x2310,0x3db0,0x20e0,0x0000}, /* U+CC2E */
    {0x0000,0x0010,0x1e10,0x0010,0xff90,0x0c10,0x0c1c,0x1610,0x3310,0xc090,0x0000,0x3ff0,0x0010,0x3ff0,0x3000,0x3ff0,0x0000,0x0000}, /* U+CC30 */
    {0x0000,0x0010,0x1e10,0x0010,0xff90,0x0c10,0x0c10,0x1c1c,0x3210,0x6190,0x8010,0x3fe0,0x3ff0,0x2010,0x2010,0x3ff0,0x2010,0x0000}, /* U+CC38 */
    {0x0000,0x0010,0x1c10,0x0010,0xff90,0x0c10,0x0c1c,0x1610,0x3310,0xc190,0x0000,0x3010,0x3ff0,0x3010,0x2010,0x3ff0,0x0000,0x0000}, /* U+CC39 */
    {0x0000,0x0010,0x1e10,0x0010,0xff90,0x0c10,0x0c1c,0x1610,0x6390,0xc090,0x0010,0x0110,0x0380,0x06c0,0x0c70,0x3818,0x0000,0x0000}, /* U+CC3B */
    {0x0000,0x0000,0x1c10,0x0010,0xff90,0x0810,0x0c10,0x1e1c,0x3310,0xc190,0x0000,0x0c30,0x0c30,0x0e70,0x13d8,0x618c,0x0000,0x0000}, /* U+CC3C */
    {0x0000,0x0010,0x1c10,0x0010,0xff90,0x0c10,0x0c10,0x1c1c,0x3210,0x6190,0xc010,0x1fe0,0x3030,0x2018,0x2018,0x3ff0,0x0780,0x0000}, /* U+CC3D */
    {0x0000,0x0010,0x1e10,0x0010,0xff90,0x0c10,0x1c1c,0x1610,0x6390,0xc090,0x0000,0x3ff0,0x0100,0x0380,0x06c0,0x3838,0x0000,0x0000}, /* U+CC3E */
    {0x0000,0x0008,0x0048,0x1c48,0x1848,0x0048,0x7f48,0x0848,0x1868,0x1c78,0x3448,0x6248,0x4348,0x0048,0x0048,0x004c,0x0000,0x0000}, /* U+CC44 */
    {0x0000,0x0008,0x0048,0x1c48,0x0048,0x7f48,0x0848,0x1c78,0x3448,0x6348,0x0048,0x1ff8,0x1ff8,0x0008,0x0008,0x0008,0x0000,0x0000}, /* U+CC45 */
    {0x0000,0x0000,0x0048,0x1c48,0x0048,0xff48,0x0848,0x0868,0x1c78,0x3648,0x6248,0xc048,0x1048,0x1000,0x1000,0x1ffc,0x0000,0x0000}, /* U+CC48 */
    {0x0000,0x0000,0x1c48,0x1c48,0x7f48,0x0848,0x0868,0x1c78,0x3648,0xe248,0x0048,0x1ff8,0x0008,0x0ff8,0x1800,0x1ff8,0x0ff8,0x0000}, /* U+CC4C */
    {0x0000,0x0008,0x1c48,0x1c48,0x7748,0x7e48,0x1878,0x1c78,0x3648,0x4348,0x0000,0x1ff8,0x1008,0x1008,0x1808,0x1ff8,0x0000,0x0000}, /* U+CC54 */
    {0x0000,0x0008,0x1c48,0x0048,0x7f48,0x0848,0x1878,0x1c48,0x6648,0x4048,0x0808,0x1808,0x0ff8,0x1808,0x1ff8,0x1ff8,0x0000,0x0000}, /* U+CC55 */
    {0x0000,0x0008,0x1c48,0x0048,0x7f48,0x0848,0x0878,0x1c78,0x3648,0x6248,0x0048,0x0188,0x0180,0x02c0,0x0c60,0x3838,0x0000,0x0000}, /* U+CC57 */
    {0x0000,0x0000,0x1c48,0x1c48,0x7f48,0x0848,0x0868,0x1c78,0x3448,0x6248,0xc478,0x0430,0x0e30,0x0a78,0x134c,0x3084,0x0000,0x0000}, /* U+CC58 */
    {0x0000,0x0008,0x0048,0x1c48,0x0048,0x7f48,0x0868,0x1c78,0x3448,0x6348,0x0048,0x07e0,0x1c38,0x100c,0x1008,0x0ff8,0x03c0,0x0000}, /* U+CC59 */
    {0x0000,0x0000,0x0010,0x1e10,0x0010,0xff90,0x0c1c,0x081c,0x0c10,0x1c10,0x321c,0x6390,0xc190,0x0010,0x0010,0x0010,0x0000,0x0000}, /* U+CC60 */
    {0x0000,0x0010,0x1e10,0x0010,0xff90,0x0c1c,0x0c10,0x1c10,0x121c,0x639c,0xc090,0x0010,0x2010,0x2000,0x2000,0x3ff8,0x0000,0x0000}, /* U+CC64 */
    {0x0000,0x0010,0x1c10,0x0010,0xff9c,0x0c10,0x0c10,0x1c1c,0x3210,0x6110,0x40e0,0x2000,0x23f8,0x21f0,0x2110,0x3db0,0x20e0,0x0000}, /* U+CC66 */
    {0x0000,0x0000,0x1e30,0x0010,0xff9c,0x0c10,0x0c10,0x1610,0x739c,0xc090,0x0000,0x3ff0,0x0010,0x3ff0,0x2000,0x3ff0,0x0000,0x0000}, /* U+CC68 */
    {0x0000,0x0010,0x1c10,0x0010,0xff9c,0x0c10,0x0c10,0x1c10,0x321c,0x6190,0x8010,0x3fe0,0x3ff0,0x2010,0x2010,0x3ff0,0x2000,0x0000}, /* U+CC70 */
    {0x0000,0x0010,0x1e10,0x0010,0xff9c,0x0c10,0x0c10,0x1c10,0x321c,0x6390,0xc010,0x0fc0,0x3870,0x2010,0x2010,0x1ff0,0x0780,0x0000}, /* U+CC75 */
    {0x0000,0x0000,0x0018,0x1e18,0x0018,0x7f98,0x0c18,0x0c18,0x0cf8,0x1c18,0x3218,0x6318,0xc198,0x0018,0x0018,0x0018,0x0000,0x0000}, /* U+CC98 */
    {0x0000,0x0000,0x1e18,0x0018,0x7f98,0x0818,0x0878,0x1c78,0x3618,0xe318,0x0000,0x3ff0,0x0018,0x0018,0x0018,0x0018,0x0000,0x0000}, /* U+CC99 */
    {0x0000,0x0000,0x1e18,0x0018,0x7f98,0x7f98,0x0c18,0x0cf8,0x1a18,0x3318,0xc198,0x0018,0x1018,0x3000,0x3000,0x3ff8,0x0000,0x0000}, /* U+CC9C */
    {0x0000,0x0000,0x1e18,0x0018,0x7f98,0x0c18,0x0cf8,0x1e18,0x3318,0xe198,0x0000,0x1ff8,0x0018,0x1ff0,0x1000,0x1ff8,0x0000,0x0000}, /* U+CCA0 */
    {0x0000,0x0000,0x1e18,0x0018,0x7f98,0x0c18,0x0c78,0x1e78,0x3318,0x6198,0x0000,0x1ff0,0x3ff8,0x3018,0x3018,0x3ff8,0x0000,0x0000}, /* U+CCA8 */
    {0x0000,0x0008,0x1e18,0x0018,0xff98,0x0c18,0x0cf8,0x1e18,0x3318,0xe198,0x0008,0x3018,0x3ff8,0x3018,0x3018,0x3ff8,0x0000,0x0000}, /* U+CCA9 */
    {0x0000,0x0000,0x1e18,0x0018,0x7f98,0x0c18,0x0c18,0x1ef8,0x3218,0x6198,0xc018,0x0198,0x0180,0x03c0,0x0e60,0x1838,0x0000,0x0000}, /* U+CCAB */
    {0x0000,0x0018,0x1c18,0x0018,0x7f18,0x0c18,0x0cf8,0x1e18,0x3318,0xc118,0x0010,0x0430,0x0c30,0x0e70,0x334c,0x6184,0x0000,0x0000}, /* U+CCAC */
    {0x0000,0x0000,0x1e18,0x0018,0x7f98,0x0c18,0x0c78,0x1e78,0x1218,0x6198,0x4018,0x0fe0,0x3870,0x2018,0x3018,0x1ff0,0x0000,0x0000}, /* U+CCAD */
    {0x0000,0x0008,0x0068,0x1c68,0x0068,0x0068,0x7f68,0x0868,0x09e8,0x1c68,0x3468,0x6668,0xc268,0x0068,0x0068,0x0008,0x0000,0x0000}, /* U+CCB4 */
    {0x0000,0x0008,0x0048,0x1c48,0x0048,0x7f48,0x0848,0x19c8,0x3448,0x6648,0x4048,0x1ff8,0x1ff8,0x0008,0x0008,0x0008,0x0008,0x0000}, /* U+CCB5 */
    {0x0000,0x0008,0x0068,0x1c68,0x0068,0xff68,0x0868,0x09e8,0x1c68,0x3668,0x6368,0x8068,0x1048,0x1000,0x1000,0x1ffc,0x0000,0x0000}, /* U+CCB8 */
    {0x0000,0x0008,0x1c48,0x1c48,0x7f48,0x0848,0x09c8,0x1c48,0x3648,0xe248,0x0000,0x1ff8,0x0008,0x1ff8,0x1800,0x1ff8,0x0ff8,0x0000}, /* U+CCBC */
    {0x0000,0x0008,0x1c48,0x1c48,0x7748,0x7e48,0x1848,0x1dc8,0x3648,0x6348,0x0040,0x1ff8,0x1808,0x1008,0x1808,0x1ff8,0x0000,0x0000}, /* U+CCC4 */
    {0x0000,0x0048,0x1c48,0x0048,0x7f48,0x0848,0x19c8,0x1c48,0x2648,0xc248,0x0808,0x0ff8,0x0ff8,0x0808,0x0ff8,0x0ff8,0x0000,0x0000}, /* U+CCC5 */
    {0x0000,0x0008,0x0048,0x1c48,0x0048,0x7f48,0x0848,0x19c8,0x3448,0x6648,0x4148,0x0188,0x0380,0x02c0,0x0c60,0x3838,0x0000,0x0000}, /* U+CCC7 */
    {0x0000,0x0008,0x0048,0x1c48,0x0048,0x7f48,0x0848,0x19c8,0x3448,0x6648,0x4048,0x07e0,0x1c38,0x100c,0x1808,0x0ff8,0x01c0,0x0000}, /* U+CCC9 */
    {0x0000,0x0000,0x1c18,0x0018,0x0018,0xff98,0x0878,0x0878,0x1c18,0x3478,0x2678,0xc318,0x8118,0x0018,0x0018,0x0018,0x0000,0x0000}, /* U+CCD0 */
    {0x0000,0x0000,0x1e18,0x0018,0x7f98,0x7f98,0x0c78,0x0c18,0x1a78,0x3378,0xc098,0x0018,0x1018,0x3000,0x3000,0x3ff8,0x0000,0x0000}, /* U+CCD4 */
    {0x0000,0x0018,0x1c18,0x0018,0xff18,0x08f8,0x1818,0x3418,0x6678,0xc118,0x0010,0x0430,0x0c30,0x1e30,0x3348,0x618c,0x0000,0x0000}, /* U+CCE4 */
    {0x0000,0x0000,0x006c,0x1c68,0x006c,0x0068,0x7f68,0x09e8,0x0868,0x1de8,0x35e8,0x6668,0xc26c,0x006c,0x006c,0x000c,0x0000,0x0000}, /* U+CCEC */
    {0x0000,0x0008,0x0068,0x1c68,0x0068,0xff68,0x09e8,0x0868,0x1c68,0x37e8,0x6268,0xc068,0x1048,0x1000,0x1000,0x1ffc,0x0000,0x0000}, /* U+CCF0 */
    {0x0000,0x0000,0x0048,0x1c48,0x0048,0x7f48,0x09c8,0x1c48,0x35c8,0x6348,0x0048,0x07e0,0x0c38,0x1808,0x1808,0x0ff8,0x01c0,0x0000}, /* U+CD01 */
    {0x0000,0x0000,0x0780,0x0780,0x0000,0x7ff0,0x0300,0x0780,0x0cc0,0x7878,0x0300,0x0300,0x0300,0xfffc,0xfffc,0x0000,0x0000,0x0000}, /* U+CD08 */
    {0x0000,0x0000,0x0380,0x0000,0x3ff0,0x0380,0x0ce0,0x7838,0x0300,0xfffc,0x0000,0x0000,0x3ff0,0x0010,0x0010,0x0010,0x0000,0x0000}, /* U+CD09 */
    {0x0000,0x0000,0x0780,0x0000,0x3ff0,0x0300,0x0680,0x1c60,0x7338,0x0300,0xfffc,0x0000,0x3000,0x3000,0x3000,0x3ff0,0x0000,0x0000}, /* U+CD0C */
    {0x0000,0x0780,0x0780,0x7ff8,0x0300,0x0480,0x3870,0x6310,0xfffc,0xfffc,0x3ff0,0x0030,0x0030,0x3fe0,0x3000,0x3ff0,0x0000,0x0000}, /* U+CD10 */
    {0x0000,0x0780,0x0780,0x7cf0,0x0300,0x0780,0x1cf0,0x7338,0x0300,0xfffc,0x0000,0x3ff0,0x3030,0x2010,0x2030,0x3ff0,0x2010,0x0000}, /* U+CD18 */
    {0x0000,0x0000,0x0780,0x7ef0,0x0300,0x0780,0x1ce0,0x7338,0x0300,0xfffc,0x0000,0x3010,0x3ff0,0x3010,0x3010,0x3ff0,0x0000,0x0000}, /* U+CD19 */
    {0x0000,0x0780,0x0780,0x3cf0,0x0300,0x0780,0x1cf8,0x7318,0x0300,0xfffc,0x0000,0x0300,0x0380,0x04c0,0x1870,0x7038,0x0000,0x0000}, /* U+CD1B */
    {0x0000,0x0780,0x0000,0x0000,0x3ff0,0x0780,0x1ce0,0x7138,0x0300,0xfffc,0x0000,0x0780,0x3870,0x2018,0x3010,0x1ff0,0x0000,0x0000}, /* U+CD1D */
    {0x0000,0x0010,0x0010,0x1c10,0x0010,0xff90,0x0c10,0x1c10,0x331c,0xe19c,0x0810,0x0c70,0xfff0,0x0010,0x0010,0x0010,0x0000,0x0000}, /* U+CD24 */
    {0x0000,0x0010,0x0e10,0x0010,0x7fd0,0x0c10,0x1a10,0x319c,0x4410,0x0c10,0xfff0,0x0010,0x2010,0x3000,0x2000,0x3ff8,0x0000,0x0000}, /* U+CD28 */
    {0x0000,0x0000,0x0e10,0x7f90,0x7f90,0x0e10,0x1b10,0x64dc,0x0410,0xffd0,0x0000,0x3ff0,0x0010,0x3ff0,0x2000,0x3ff0,0x0000,0x0000}, /* U+CD2C */
    {0x0000,0x0000,0x0e10,0x0010,0x7fd0,0x0e10,0x1b10,0x75dc,0x4410,0xfff0,0xfbd0,0x0310,0x1fe0,0x3010,0x3030,0x1fe0,0x0000,0x0000}, /* U+CD39 */
    {0x0000,0x0000,0x0018,0x0e18,0x0018,0x7fd8,0x0418,0x0e18,0x1b98,0x60d8,0x0418,0x0418,0xffd8,0x4018,0x0018,0x0018,0x0000,0x0000}, /* U+CD5C */
    {0x0000,0x0000,0x0f18,0x0118,0x7fd8,0x0618,0x0f18,0x39d8,0x6658,0x0618,0xfff8,0x0018,0x1018,0x1000,0x1000,0x1ff8,0x0000,0x0000}, /* U+CD60 */
    {0x0000,0x0000,0x0e18,0x7f98,0x0e18,0x1e18,0x7198,0x0418,0x0c18,0xffc8,0x0000,0x1ff8,0x0018,0x1ff8,0x1000,0x1ff8,0x0000,0x0000}, /* U+CD64 */
    {0x0000,0x0000,0x0e18,0x7b98,0x7f98,0x0e18,0x1b18,0x75d8,0x0458,0xffd8,0x0000,0x1ff8,0x1018,0x1018,0x1818,0x1ff8,0x0000,0x0000}, /* U+CD6C */
    {0x0000,0x0000,0x1e18,0x0018,0x7f98,0x0e18,0x7198,0x4418,0x0c18,0xffd8,0x0000,0x1818,0x1ff8,0x1018,0x1818,0x1ff8,0x0000,0x0000}, /* U+CD6D */
    {0x0000,0x0000,0x0e18,0x2098,0x7f98,0x0e18,0x1b18,0x75d8,0x0418,0x7fd8,0x0018,0x0098,0x01c0,0x0140,0x0630,0x1c18,0x0000,0x0000}, /* U+CD6F */
    {0x0000,0x0000,0x0e18,0x0018,0x7f98,0x0e18,0x1b18,0x71d8,0x0418,0xfff8,0x7018,0x03c0,0x1ff0,0x1018,0x1818,0x0ff0,0x0000,0x0000}, /* U+CD71 */
    {0x0000,0x0000,0x0700,0x0700,0x0000,0x7ff8,0x0300,0x0780,0x0cc0,0x3878,0x6850,0x0840,0x0840,0x18c0,0xfffc,0x0000,0x0000,0x0000}, /* U+CD78 */
    {0x0000,0x0780,0x0780,0x7cf0,0x0300,0x0780,0x1cf0,0x7878,0x0c40,0xfffc,0x0000,0x3ff0,0x3030,0x2010,0x2010,0x3ff0,0x2010,0x0000}, /* U+CD88 */
    {0x0000,0x0780,0x0780,0x3cf0,0x3ff0,0x0300,0x0cc0,0x7878,0x0000,0xfffc,0xfffc,0x0300,0x0300,0x0300,0x0300,0x0300,0x0000,0x0000}, /* U+CD94 */
    {0x0000,0x0780,0x0780,0x3cf0,0x0300,0x0580,0x38f0,0x6010,0x0000,0xfffc,0x0300,0x3fe0,0x3ff0,0x0030,0x0030,0x0030,0x0000,0x0000}, /* U+CD95 */
    {0x0000,0x0000,0x0780,0x0000,0x3ff0,0x0300,0x0cc0,0x7878,0x0000,0xfffc,0x0300,0x0300,0x2300,0x2100,0x2000,0x3ff0,0x0000,0x0000}, /* U+CD98 */
    {0x0000,0x0000,0x0300,0x0000,0x3ff0,0x0300,0x0cc0,0x7030,0x2010,0xfffc,0x0300,0x3ff0,0x0030,0x3ff0,0x2000,0x3ff0,0x0000,0x0000}, /* U+CD9C */
    {0x0000,0x0380,0x0300,0x3cf0,0x3ff0,0x0780,0x1ce0,0x7038,0x0000,0xfffc,0x0300,0x1ff0,0x3ff0,0x2010,0x3030,0x3ff0,0x0000,0x0000}, /* U+CDA4 */
    {0x0000,0x0700,0x0700,0x3ff0,0x0380,0x0cc0,0x7878,0x0000,0x0004,0xfffc,0x0300,0x3030,0x3ff0,0x3030,0x3030,0x3ff0,0x0000,0x0000}, /* U+CDA5 */
    {0x0000,0x0000,0x0780,0x0000,0x3ff0,0x0780,0x1ce0,0x7030,0xfffc,0xfffc,0x0300,0x0300,0x0300,0x0480,0x1c60,0x3030,0x0000,0x0000}, /* U+CDA7 */
    {0x0000,0x0700,0x0700,0x7ff0,0x0300,0x0780,0x1cf0,0x7030,0x0000,0xfffc,0x0300,0x07c0,0x3ff0,0x6010,0x2030,0x1fe0,0x0000,0x0000}, /* U+CDA9 */
    {0x0000,0x0000,0x1e18,0x0c18,0x7b98,0x7f98,0x0e18,0x1b18,0x6198,0x0018,0xffd8,0x0c18,0x0cf8,0x0c18,0x0c18,0x0c18,0x0000,0x0000}, /* U+CDB0 */
    {0x0000,0x0000,0x0c18,0x7f98,0x0c18,0x1318,0x6118,0x1fd8,0xfe18,0x04f8,0x0418,0x0430,0x0430,0x0e70,0x1b4c,0x3084,0x0000,0x0000}, /* U+CDC4 */
    {0x0000,0x0008,0x1c68,0x1c68,0x7f68,0x0c68,0x1c68,0x3668,0x4168,0x0168,0xfe68,0x09e8,0x09e8,0x0868,0x0868,0x0848,0x0000,0x0000}, /* U+CDCC */
    {0x0000,0x0000,0x1c08,0x006c,0x7728,0x1c28,0x1c28,0x6328,0x0028,0xff28,0x0c68,0x0dec,0x202c,0x3008,0x3000,0x3ffc,0x0000,0x0000}, /* U+CDD0 */
    {0x0000,0x0000,0x0e18,0x0e18,0x0018,0x7fd8,0x0618,0x1b18,0x71d8,0x0018,0x1bd8,0xff98,0x0418,0x0418,0x0418,0x0418,0x0000,0x0000}, /* U+CDE8 */
    {0x0000,0x0000,0x0018,0x0e18,0x7f98,0x0e18,0x1b18,0x71d8,0x0018,0xfff8,0xfe18,0x0418,0x0418,0x3000,0x3000,0x3ff8,0x0000,0x0000}, /* U+CDEC */
    {0x0000,0x0000,0x0e18,0x0018,0x7f98,0x0e18,0x31d8,0x0018,0xfff8,0x4418,0x0410,0x1ff8,0x0018,0x1ff8,0x1000,0x1ff8,0x0000,0x0000}, /* U+CDF0 */
    {0x0000,0x0000,0x0e18,0x7f98,0x7f98,0x1e18,0x7198,0x0018,0xfff8,0x0418,0x0400,0x1ff8,0x1018,0x1018,0x1818,0x1ff8,0x1000,0x0000}, /* U+CDF8 */
    {0x0000,0x0000,0x0e18,0x0018,0x7f98,0x0e18,0x31d8,0x0018,0xffd8,0x0618,0x0000,0x1018,0x1ff8,0x1018,0x1818,0x1ff8,0x0000,0x0000}, /* U+CDF9 */
    {0x0000,0x0000,0x0e18,0x0018,0x3f98,0x0e18,0x3998,0x0018,0x1bf8,0x7e18,0x0418,0x0598,0x0180,0x02c0,0x0c70,0x3818,0x0000,0x0000}, /* U+CDFB */
    {0x0000,0x0000,0x0e18,0x0018,0x3f98,0x0e18,0x7198,0x0098,0xfff8,0x0418,0x0418,0x07e0,0x1c30,0x1018,0x1818,0x0ff0,0x0000,0x0000}, /* U+CDFD */
    {0x0000,0x0700,0x0700,0x0000,0x3ff0,0x0300,0x04c0,0x7878,0x2010,0x0000,0xfffc,0x0840,0x0840,0x0840,0x0840,0x0840,0x0000,0x0000}, /* U+CE04 */
    {0x0000,0x0000,0x0780,0x0000,0x3ff0,0x0380,0x0cc0,0x3878,0x0000,0xfffc,0x0c40,0x0c40,0x2c40,0x2000,0x2000,0x3ff0,0x0000,0x0000}, /* U+CE08 */
    {0x0000,0x0000,0x0300,0x0000,0x3ff0,0x0300,0x0cc0,0x7030,0x6018,0xfffc,0x0c40,0x3ff0,0x0030,0x3ff0,0x3000,0x3ff0,0x0000,0x0000}, /* U+CE0C */
    {0x0000,0x0780,0x0000,0x3ff8,0x0380,0x0680,0x3c70,0x2018,0xfffc,0x0c40,0x0c40,0x3ff0,0x3010,0x2010,0x3010,0x3ff0,0x0000,0x0000}, /* U+CE14 */
    {0x0000,0x0000,0x0780,0x0000,0x3ff8,0x0380,0x0cc0,0x7838,0x0000,0xfffc,0x0c40,0x0cc0,0x1fe0,0x2010,0x3010,0x1fe0,0x0000,0x0000}, /* U+CE19 */
    {0x0000,0x0000,0x0000,0x0780,0x0000,0x7ff8,0x0300,0x0300,0x0780,0x1ce0,0x7038,0x0000,0x0000,0xfffc,0xfffc,0x0000,0x0000,0x0000}, /* U+CE20 */
    {0x0000,0x0780,0x0380,0x3ff0,0x0300,0x0780,0x1ce0,0x7038,0x0000,0xfffc,0x0000,0x3fe0,0x3ff0,0x0030,0x0030,0x0030,0x0000,0x0000}, /* U+CE21 */
    {0x0000,0x0000,0x0780,0x0000,0x3ff0,0x0300,0x0680,0x0c60,0x7038,0x0000,0xfffc,0x0000,0x3000,0x3000,0x3000,0x3ff8,0x0000,0x0000}, /* U+CE24 */
    {0x0000,0x0000,0x0780,0x7ef0,0x0700,0x0780,0x3cf0,0x6010,0x0000,0xfffc,0x1fe0,0x3ff0,0x0010,0x3ff0,0x3000,0x3ff0,0x0000,0x0000}, /* U+CE28 */
    {0x0000,0x0780,0x0700,0x0000,0x3ff8,0x0300,0x0cc0,0x7878,0x0000,0xfffc,0x0000,0x1fe0,0x3ff0,0x2010,0x2010,0x3ff0,0x2010,0x0000}, /* U+CE30 */
    {0x0000,0x0000,0x0780,0x7ef0,0x0700,0x0780,0x3cf0,0x6010,0x0000,0xfffc,0x0010,0x3010,0x3ff0,0x3010,0x3010,0x3ff0,0x0000,0x0000}, /* U+CE31 */
    {0x0000,0x0780,0x0780,0x3cf0,0x0300,0x0780,0x1c78,0x6018,0x0000,0xfffc,0x0000,0x0300,0x0780,0x04c0,0x1870,0x7018,0x0000,0x0000}, /* U+CE33 */
    {0x0000,0x0700,0x0700,0x0010,0x3ff0,0x0300,0x0cc0,0x7878,0x6010,0xfffc,0x0000,0x0fc0,0x3870,0x6010,0x2030,0x1fe0,0x0000,0x0000}, /* U+CE35 */
    {0x0000,0x0000,0x0018,0x1e18,0x0018,0x7f98,0x7f98,0x0418,0x0c18,0x0e18,0x1318,0x7198,0x4098,0x0018,0x0018,0x0018,0x0000,0x0000}, /* U+CE58 */
    {0x0000,0x0000,0x1e18,0x0018,0x7f98,0x7f98,0x0c18,0x0e18,0x1318,0x61d8,0x4000,0x3ff0,0x3ff8,0x0018,0x0018,0x0018,0x0000,0x0000}, /* U+CE59 */
    {0x0000,0x0000,0x1e18,0x1e18,0x0018,0x7f98,0x0c18,0x0c18,0x1a18,0x3398,0x6098,0x0018,0x3018,0x3000,0x3000,0x3ff8,0x0000,0x0000}, /* U+CE5C */
    {0x0000,0x0000,0x1e18,0x0018,0x7f98,0x7f98,0x0c18,0x0e18,0x1318,0x6198,0xc008,0x1ff0,0x1ff0,0x1000,0x1000,0x1ff8,0x0010,0x0000}, /* U+CE5F */
    {0x0000,0x0000,0x1e18,0x0018,0x7f98,0x7f98,0x0c18,0x1a18,0x3318,0x60d8,0x0000,0x1ff8,0x0018,0x1ff8,0x3000,0x1ff8,0x0000,0x0000}, /* U+CE60 */
    {0x0000,0x0000,0x1e18,0x0018,0x7b98,0x7f98,0x0c18,0x1a18,0x3398,0x6098,0x1ef0,0x0218,0x0218,0x3e18,0x3018,0x1f18,0x0000,0x0000}, /* U+CE61 */
    {0x0000,0x0000,0x1e18,0x0018,0x7f98,0x7f98,0x0c18,0x0e18,0x1318,0x6198,0xc000,0x1ff0,0x3018,0x3018,0x3018,0x3ff8,0x0000,0x0000}, /* U+CE68 */
    {0x0000,0x0000,0x1e18,0x0018,0x7f98,0x7f98,0x0c18,0x1e18,0x3318,0x6198,0xc088,0x3018,0x3ff8,0x3ff8,0x3018,0x3ff8,0x0000,0x0000}, /* U+CE69 */
    {0x0000,0x0018,0x1e18,0x0018,0x7fd8,0x0c18,0x0c18,0x0a18,0x3198,0x60d8,0x0018,0x0198,0x0180,0x03c0,0x0e70,0x3818,0x0000,0x0000}, /* U+CE6B */
    {0x0000,0x0000,0x1e18,0x0018,0x7fd8,0x7fd8,0x0418,0x0e18,0x1918,0x60d8,0x4018,0x0ff0,0x1818,0x3018,0x3018,0x1ff0,0x0000,0x0000}, /* U+CE6D */
    {0x0000,0x0000,0x0010,0x0010,0xff10,0x0110,0x0310,0xfe10,0x4210,0x061c,0x0c10,0x1810,0x7010,0xc010,0x0010,0x0010,0x0010,0x0000}, /* U+CE74 */
    {0x0000,0x0010,0x0010,0xff10,0x0310,0xfe10,0xfe1c,0x041c,0x1810,0x3010,0xe000,0x3ff0,0x0030,0x0010,0x0010,0x0010,0x0010,0x0000}, /* U+CE75 */
    {0x0000,0x0000,0x0010,0xff10,0x0310,0xfe10,0xfe10,0x0410,0x0c1c,0x3810,0xe010,0x4010,0x2010,0x2000,0x2000,0x3ff0,0x0010,0x0000}, /* U+CE78 */
    {0x0000,0x0010,0x0010,0xff10,0x0110,0xff10,0x061c,0x0c10,0x1810,0xe010,0x0000,0x3ff0,0x0010,0x3ff0,0x3000,0x3ff0,0x0000,0x0000}, /* U+CE7C */
    {0x0000,0x0010,0x0010,0x7f10,0x0110,0x0710,0xfe1c,0x061c,0x0c10,0x3010,0xc000,0x1ff0,0x3030,0x3010,0x3010,0x3ff0,0x0000,0x0000}, /* U+CE84 */
    {0x0000,0x0010,0x0010,0xff10,0x0110,0xff10,0x061c,0x0410,0x1810,0xe010,0x0010,0x3010,0x3ff0,0x2010,0x2010,0x3ff0,0x0010,0x0000}, /* U+CE85 */
    {0x0000,0x0010,0x0010,0xff10,0x0310,0xfe10,0xf61c,0x041c,0x1810,0x3010,0xe110,0x0300,0x0300,0x0480,0x0c60,0x3030,0x0000,0x0000}, /* U+CE87 */
    {0x0000,0x0010,0x0010,0x7f10,0x0110,0x0710,0xfe1c,0x041c,0x1c10,0x3010,0xc010,0x1fe0,0x3030,0x2010,0x3010,0x1fe0,0x0000,0x0000}, /* U+CE89 */
    {0x0000,0x0008,0x004c,0x0048,0x7e48,0x0248,0x0648,0x7e48,0x4478,0x0c78,0x0848,0x1048,0x6048,0x4048,0x0048,0x0008,0x0000,0x0000}, /* U+CE90 */
    {0x0000,0x0000,0x0048,0x7e48,0x0248,0x7e48,0xf678,0x0c78,0x1848,0x7048,0xc048,0x1ff8,0x0008,0x0008,0x0008,0x0008,0x0000,0x0000}, /* U+CE91 */
    {0x0000,0x0000,0x0048,0xfe48,0xff48,0x0248,0xfe48,0x0468,0x0c78,0x1848,0x6048,0x4048,0x1048,0x1008,0x1000,0x1ff8,0x0000,0x0000}, /* U+CE94 */
    {0x0000,0x0008,0x0048,0xff48,0x0248,0xfe48,0xc678,0x0c68,0x1848,0xe048,0x0ff8,0x1ff8,0x0008,0x1ff8,0x1800,0x1ffc,0x0ff8,0x0000}, /* U+CE98 */
    {0x0000,0x0008,0x0048,0xfe48,0x0248,0xfe48,0xf678,0x0c78,0x1848,0x7048,0xc000,0x1ff8,0x1808,0x1808,0x1808,0x1ff8,0x0008,0x0000}, /* U+CEA0 */
    {0x0000,0x0008,0xfe48,0x7f48,0x0248,0xfe48,0x0478,0x0c48,0x3048,0xe048,0x1008,0x1808,0x1ff8,0x1808,0x1808,0x1ff8,0x0000,0x0000}, /* U+CEA1 */
    {0x0000,0x0000,0x0048,0x7e48,0x0248,0x0248,0x7e78,0x0478,0x1848,0x3048,0xc0c8,0x0188,0x0180,0x02c0,0x0c70,0x1818,0x0000,0x0000}, /* U+CEA3 */
    {0x0000,0x0000,0x0048,0x7e48,0x0248,0x7e48,0x7478,0x0c78,0x1848,0x7048,0xc048,0x0c30,0x0c30,0x1e30,0x1348,0x6184,0x0000,0x0000}, /* U+CEA4 */
    {0x0000,0x0008,0x0048,0xfe48,0x0248,0xfe48,0xfc78,0x0c78,0x1848,0x7048,0xc008,0x0ff0,0x1818,0x100c,0x100c,0x1ff8,0x03c0,0x0000}, /* U+CEA5 */
    {0x0000,0x0010,0x0010,0x0010,0xff10,0x0110,0x0310,0xfe1e,0x0210,0x0410,0x0c10,0x181e,0x7010,0xc010,0x0010,0x0010,0x0010,0x0000}, /* U+CEAC */
    {0x0000,0x0000,0x0010,0xff10,0x031c,0xfe1c,0xf610,0x0410,0x181c,0x7010,0xc010,0x1ff0,0x0010,0x0010,0x0010,0x0010,0x0000,0x0000}, /* U+CEAD */
    {0x0000,0x0000,0x0010,0xff10,0x0110,0x031c,0xfe10,0x0410,0x181e,0x7018,0xc010,0x0fe0,0x3030,0x2010,0x3010,0x1fe0,0x0000,0x0000}, /* U+CEC1 */
    {0x0000,0x0000,0x0018,0x7f18,0x7f98,0x0118,0x0118,0xff18,0x02f8,0x0618,0x0c18,0x1818,0x7018,0xc018,0x0018,0x0018,0x0000,0x0000}, /* U+CEE4 */
    {0x0000,0x0000,0x7f18,0x7f98,0x0118,0x7f18,0x43f8,0x0618,0x0c18,0x3818,0x6010,0x3ff8,0x0018,0x0018,0x0018,0x0018,0x0000,0x0000}, /* U+CEE5 */
    {0x0000,0x0000,0x0018,0x7f98,0x0118,0x7f18,0x7af8,0x0618,0x0c18,0x1818,0x6018,0x0018,0x3018,0x3000,0x3000,0x3ff8,0x0018,0x0000}, /* U+CEE8 */
    {0x0000,0x0000,0x0018,0x7f98,0x0118,0x7f18,0x7bf8,0x0618,0x0c18,0x3818,0x6008,0x1ff8,0x1800,0x1000,0x1000,0x1ff8,0x1ff8,0x0000}, /* U+CEEB */
    {0x0000,0x0000,0x0018,0x7f98,0x0118,0x7f18,0x7af8,0x0618,0x0c18,0x3008,0x7ff0,0x0018,0x0018,0x1ff8,0x1000,0x1ff8,0x1ff8,0x0000}, /* U+CEEC */
    {0x0000,0x0008,0x7f18,0x7f98,0x0118,0x7f18,0x02f8,0x0618,0x0c18,0x3818,0x6000,0x1ff8,0x1018,0x1018,0x1018,0x1ff8,0x1000,0x0000}, /* U+CEF4 */
    {0x0000,0x0008,0x7f18,0x7f98,0x0118,0x7f18,0x02f8,0x0618,0x0c18,0x7018,0x6000,0x1018,0x1ff8,0x1018,0x1018,0x1ff8,0x1000,0x0000}, /* U+CEF5 */
    {0x0000,0x0000,0x0018,0x7f98,0x0118,0x7f18,0x7bf8,0x0618,0x0c18,0x1818,0x7018,0x0118,0x0180,0x02c0,0x0c60,0x3838,0x0000,0x0000}, /* U+CEF7 */
    {0x0000,0x0000,0x0018,0x7f18,0x0118,0x0f18,0x7ef8,0x0618,0x0c18,0x3818,0x6410,0x0610,0x0e30,0x0b38,0x196c,0x30c4,0x0000,0x0000}, /* U+CEF8 */
    {0x0000,0x0000,0x0018,0x7f98,0x0118,0x7f18,0x7bf8,0x0618,0x0c18,0x1818,0x7018,0x07c0,0x1ff0,0x3018,0x3018,0x1ff0,0x03c0,0x0000}, /* U+CEF9 */
    {0x0000,0x0000,0x0048,0x7e48,0x7e48,0x0248,0x0648,0x7fc8,0x0448,0x0848,0x1848,0x7048,0xc048,0x0048,0x0048,0x0008,0x0008,0x0000}, /* U+CF00 */
    {0x0000,0x0008,0x0048,0xfe48,0x0248,0x7e48,0xffc8,0x0c48,0x1848,0x7048,0xc000,0x1ff8,0x0008,0x0008,0x0008,0x0008,0x0000,0x0000}, /* U+CF01 */
    {0x0000,0x0008,0x0048,0xfe48,0x0648,0x0248,0xffc8,0x0dc8,0x0848,0x3048,0xe048,0x0048,0x1048,0x1000,0x1000,0x1ffc,0x0000,0x0000}, /* U+CF04 */
    {0x0000,0x0008,0x0048,0xfe48,0x0248,0xfe48,0xc7c8,0x0c48,0x3848,0xe048,0x1ff8,0x0008,0x0008,0x1ff8,0x1800,0x1ff8,0x0c18,0x0000}, /* U+CF08 */
    {0x0000,0x0008,0x0048,0x7e48,0x0248,0xfe48,0x47c8,0x0c48,0x1848,0x6048,0xc040,0x1ff8,0x1808,0x1808,0x1808,0x1ff8,0x0000,0x0000}, /* U+CF10 */
    {0x0000,0x0008,0x7e68,0x7e48,0x0248,0xfe48,0x05c8,0x0848,0x3048,0xe048,0x0808,0x1808,0x0ff8,0x1808,0x1808,0x1ff8,0x0000,0x0000}, /* U+CF11 */
    {0x0000,0x0008,0x0048,0x7e48,0x0248,0x0648,0x7fc8,0x0c48,0x1848,0x7048,0xc048,0x0188,0x0180,0x02c0,0x0c70,0x1818,0x0000,0x0000}, /* U+CF13 */
    {0x0000,0x0000,0x004c,0xfe48,0x0248,0x1e48,0xffc8,0x0c48,0x1848,0x704c,0xc048,0x0ff0,0x1818,0x100c,0x180c,0x0ff8,0x0000,0x0000}, /* U+CF15 */
    {0x0000,0x0000,0x0018,0x7f18,0x0118,0x0118,0x03f8,0xff18,0x0218,0x0678,0x0c78,0x1818,0x3018,0x6018,0x0018,0x0018,0x0000,0x0000}, /* U+CF1C */
    {0x0000,0x0000,0x0018,0x7f18,0x0118,0x0178,0xfe78,0x0618,0x0c18,0x18f8,0xe018,0x0018,0x1018,0x3018,0x3000,0x3ff8,0x0000,0x0000}, /* U+CF20 */
    {0x0000,0x0000,0x7f18,0x7f18,0x0178,0x7f78,0x0218,0x0478,0x1c78,0x7018,0x2010,0x1ff8,0x0018,0x1ff8,0x3000,0x3ff8,0x0000,0x0000}, /* U+CF24 */
    {0x0000,0x0000,0x7f18,0x7f18,0x0118,0x7ff8,0x4218,0x0618,0x0cf8,0x3818,0x6018,0x1ff8,0x1018,0x1018,0x1018,0x1ff8,0x1000,0x0000}, /* U+CF2C */
    {0x0000,0x0018,0x7f18,0x7f18,0x0178,0x7f78,0x6618,0x04f8,0x0c18,0x3018,0x6000,0x1018,0x1ff8,0x1018,0x1018,0x1ff8,0x1000,0x0000}, /* U+CF2D */
    {0x0000,0x0000,0x0018,0x7f18,0x0118,0x0378,0x7a18,0x0618,0x0c78,0x3818,0x6018,0x0118,0x0198,0x02c0,0x0c60,0x3838,0x0000,0x0000}, /* U+CF2F */
    {0x0000,0x0000,0x0018,0x7f18,0x0118,0x0378,0x7a18,0x0618,0x0c78,0x3818,0x6410,0x0410,0x0e30,0x0b38,0x1168,0x20c4,0x0000,0x0000}, /* U+CF30 */
    {0x0000,0x0000,0x0018,0x7f98,0x0118,0x7ff8,0x7f18,0x0218,0x0cf8,0x3818,0x6018,0x0fe0,0x1870,0x3018,0x3018,0x1ff0,0x0000,0x0000}, /* U+CF31 */
    {0x0000,0x0008,0x004c,0x7e48,0x7e48,0x0248,0x07c8,0x7fc8,0x0448,0x09c8,0x19c8,0x3048,0xc048,0x0048,0x0048,0x000c,0x0008,0x0000}, /* U+CF38 */
    {0x0000,0x0000,0x0000,0x3ff0,0x3ff8,0x0018,0x0010,0x3ff0,0x3f90,0x0010,0x0230,0x0200,0x0200,0xfffc,0x0000,0x0000,0x0000,0x0000}, /* U+CF54 */
    {0x0000,0x0000,0x3ff0,0x0018,0x0010,0x3ff0,0x0210,0x0210,0xfffc,0xfffc,0x0000,0x3ff0,0x0010,0x0010,0x0010,0x0010,0x0000,0x0000}, /* U+CF55 */
    {0x0000,0x0000,0x3ff0,0x3ff8,0x0018,0x3ff0,0x3f10,0x0210,0x0200,0xfffc,0x0000,0x2000,0x3000,0x3000,0x3ff8,0x1ff0,0x0000,0x0000}, /* U+CF58 */
    {0x0000,0x0000,0x3ff0,0x0010,0x0030,0x3ff0,0x0230,0x0200,0xfffc,0x0000,0x3fe0,0x3ff0,0x1ff0,0x3fe0,0x2000,0x3ff0,0x0000,0x0000}, /* U+CF5C */
    {0x0000,0x0000,0x3ff8,0x0018,0x3ff0,0x3e10,0x0210,0x0200,0xfffc,0x0000,0x1fe0,0x3ff0,0x2010,0x2010,0x3ff0,0x3030,0x0000,0x0000}, /* U+CF64 */
    {0x0000,0x0000,0x3ff0,0x0010,0x0030,0x3ff0,0x0230,0x0200,0xfffc,0x0000,0x2010,0x2030,0x3ff0,0x2010,0x2030,0x3ff0,0x0000,0x0000}, /* U+CF65 */
    {0x0000,0x0000,0x3ff0,0x0010,0x0010,0x3ff0,0x0030,0x0210,0xfffc,0xfffc,0x0000,0x0300,0x0780,0x0cc0,0x1870,0x7038,0x0000,0x0000}, /* U+CF67 */
    {0x0000,0x0000,0x3ff8,0x0018,0x0010,0x3ff0,0x0210,0x0210,0xfffc,0xfffc,0x0000,0x1fe0,0x3030,0x2018,0x3030,0x1fe0,0x0000,0x0000}, /* U+CF69 */
    {0x0000,0x0000,0x0010,0x0010,0x7f90,0x0190,0x1f90,0x7d10,0x0110,0x191c,0x0810,0xffd0,0xf810,0x0010,0x0010,0x0010,0x0010,0x0000}, /* U+CF70 */
    {0x0000,0x0010,0x0010,0x7f90,0x0090,0x7f90,0x799c,0x081c,0x0850,0xfff0,0x0000,0x3ff0,0x0030,0x0010,0x0010,0x0010,0x0010,0x0000}, /* U+CF71 */
    {0x0000,0x0010,0x0010,0x7f90,0x0090,0x7f90,0x7d90,0x091c,0x0810,0xffd0,0x0010,0x0010,0x2010,0x2000,0x2000,0x3ff0,0x0010,0x0000}, /* U+CF74 */
    {0x0000,0x0010,0x0010,0x7f90,0x0190,0x7f10,0x0110,0x081c,0xffd0,0xf410,0x0000,0x1ff0,0x0010,0x3ff0,0x3000,0x3ff0,0x0000,0x0000}, /* U+CF78 */
    {0x0000,0x0010,0x0010,0x7f90,0x0090,0x7f90,0x799c,0x081c,0x0810,0xfff0,0x0010,0x3ff0,0x2010,0x2010,0x2010,0x3ff0,0x0010,0x0000}, /* U+CF80 */
    {0x0000,0x0010,0x0010,0x7f90,0x0090,0x7f90,0x799c,0x081c,0x0850,0xffd0,0x0010,0x0fc0,0x3870,0x2018,0x3010,0x1fe0,0x0000,0x0000}, /* U+CF85 */
    {0x0000,0x0008,0x0068,0x0068,0x7f68,0x0168,0x1f68,0x7b68,0x0378,0x1a78,0x1868,0xff68,0xc068,0x0068,0x0068,0x0008,0x0000,0x0000}, /* U+CF8C */
    {0x0000,0x0008,0x0048,0x7f48,0x0148,0x7f48,0x7b68,0x1a78,0x1b48,0x1ff48,0x0048,0x07c0,0x1ff0,0x3008,0x3008,0x1ff8,0x03c0,0x0000}, /* U+CFA1 */
    {0x0000,0x0000,0x0018,0x0018,0x3f98,0x0098,0x0f98,0x7d98,0x0198,0x0d98,0x0c18,0x7fd8,0x7c18,0x0018,0x0018,0x0018,0x0000,0x0000}, /* U+CFA8 */
    {0x0000,0x0000,0x0018,0x3f98,0x0098,0x7f98,0x0098,0x0818,0x7fd8,0x7e08,0x0000,0x1ff8,0x0018,0x1ff8,0x1000,0x1ff8,0x0000,0x0000}, /* U+CFB0 */
    {0x0000,0x0000,0x0000,0x3ff0,0x0018,0x0010,0x0010,0x7ff0,0x0010,0x0890,0x0990,0x0880,0x0980,0xfffc,0x0000,0x0000,0x0000,0x0000}, /* U+CFC4 */
    {0x0000,0x0000,0x3ff0,0x0010,0x0010,0x3ff0,0x0010,0x0030,0x0030,0xfffc,0x0300,0x0300,0x0300,0x0300,0x0300,0x0300,0x0000,0x0000}, /* U+CFE0 */
    {0x0000,0x0000,0x3ff0,0x0010,0x00f0,0x3fb0,0x0030,0xfffc,0xfffc,0x0200,0x0700,0x7ff0,0x0010,0x0010,0x0010,0x0010,0x0000,0x0000}, /* U+CFE1 */
    {0x0000,0x0000,0x3ff0,0x0018,0x0010,0x3ff0,0x0010,0x0030,0xfffc,0x0100,0x0100,0x0100,0x3100,0x2000,0x3000,0x3ff0,0x0000,0x0000}, /* U+CFE4 */
    {0x0000,0x0000,0x3ff0,0x0010,0x00f0,0x3fb0,0x0030,0xfffc,0xfffc,0x0200,0x0300,0x3ff0,0x0030,0x3ff0,0x2000,0x3ff0,0x0000,0x0000}, /* U+CFE8 */
    {0x0000,0x0000,0x3ff0,0x0010,0x0070,0x3ff0,0x0030,0x0030,0xfffc,0x0300,0x0300,0x3ff0,0x2010,0x2010,0x2010,0x3ff0,0x0000,0x0000}, /* U+CFF0 */
    {0x0000,0x0000,0x3ff0,0x0010,0x00f0,0x3fb0,0x0020,0xfffc,0xfffc,0x0300,0x2230,0x2030,0x3ff0,0x2030,0x2030,0x3ff0,0x0000,0x0000}, /* U+CFF1 */
    {0x0000,0x0000,0x3ff0,0x0010,0x00f0,0x3fb0,0x0020,0xfffc,0xfffc,0x0300,0x0200,0x0300,0x0780,0x0cc0,0x3870,0x6018,0x0000,0x0000}, /* U+CFF3 */
    {0x0000,0x0000,0x3ff8,0x0010,0x3ff0,0x3e30,0x0030,0xfffc,0xfffc,0x0200,0x0300,0x1fe0,0x2010,0x6018,0x3030,0x1fe0,0x0000,0x0000}, /* U+CFF5 */
    {0x0000,0x0000,0x0018,0x7f98,0x0098,0x0098,0x7f98,0x0098,0x0198,0xfff8,0x0418,0x04f8,0x0418,0x0418,0x0418,0x0418,0x0000,0x0000}, /* U+CFFC */
    {0x0000,0x0000,0x0018,0x7f98,0x0098,0x1f98,0x7d98,0x0098,0xfff8,0xfe18,0x0418,0x04f8,0x1418,0x3008,0x3000,0x3ff8,0x0000,0x0000}, /* U+D000 */
    {0x0000,0x0000,0x0018,0x7f98,0x0098,0x7f98,0x0198,0x3fd8,0xfc18,0x0cf8,0x0800,0x1ff8,0x0018,0x1ff8,0x1000,0x1ff8,0x0000,0x0000}, /* U+D004 */
    {0x0000,0x0000,0x0018,0x7f98,0x0098,0x7f98,0x0198,0x01d8,0xff18,0x0cf8,0x0818,0x0fd0,0x1c70,0x3018,0x1018,0x0ff0,0x0000,0x0000}, /* U+D011 */
    {0x0000,0x0000,0x0068,0x7f68,0x0368,0x0368,0xff68,0x0368,0x0268,0xff68,0x9868,0x09e8,0x0868,0x0868,0x0868,0x0008,0x0000,0x0000}, /* U+D018 */
    {0x0000,0x0000,0x0068,0x7f68,0x0168,0x7f68,0x7b68,0x0368,0xff68,0x09e8,0x0868,0x03e8,0x0ff8,0x180c,0x180c,0x0ff8,0x0000,0x0000}, /* U+D02D */
    {0x0000,0x0000,0x0018,0x7f98,0x0098,0x0098,0x7f98,0x0098,0x0198,0xfff8,0x0418,0x0418,0x0418,0x0418,0x0418,0x0418,0x0000,0x0000}, /* U+D034 */
    {0x0000,0x0000,0x7f18,0x7f98,0x0198,0x7f98,0x0198,0xffd8,0xfe18,0x0c18,0x0000,0x3ff8,0x0018,0x0018,0x0018,0x0018,0x0000,0x0000}, /* U+D035 */
    {0x0000,0x0000,0x0018,0x7f98,0x0098,0x0098,0x7f98,0x0098,0x0198,0xfff8,0x0418,0x0418,0x0418,0x3000,0x3000,0x3ff8,0x0000,0x0000}, /* U+D038 */
    {0x0000,0x0000,0x0018,0x7f98,0x0098,0x7f98,0x0198,0xffd8,0x0c18,0x0c18,0x0000,0x1ff8,0x0018,0x1ff8,0x1000,0x1ff8,0x0000,0x0000}, /* U+D03C */
    {0x0000,0x0000,0x0018,0x7f98,0x0098,0x7f98,0x0198,0x0198,0xffd8,0x0c18,0x0c18,0x1ff8,0x1018,0x1018,0x1018,0x1ff8,0x1000,0x0000}, /* U+D044 */
    {0x0000,0x0000,0x3f98,0x3f98,0x0098,0x7f98,0x0098,0x01d8,0xffd8,0x0418,0x0400,0x1018,0x1ff8,0x1818,0x1018,0x1ff8,0x0000,0x0000}, /* U+D045 */
    {0x0000,0x0000,0x7f98,0x7f98,0x0098,0x7f98,0x6198,0x01d8,0xffd8,0x0c18,0x0c18,0x0188,0x0180,0x0240,0x0e30,0x381c,0x0000,0x0000}, /* U+D047 */
    {0x0000,0x0000,0x0018,0x7f98,0x0098,0x7f98,0x7998,0x0198,0xfff8,0x0c18,0x0c18,0x0fe0,0x1818,0x1008,0x1018,0x0ff0,0x0000,0x0000}, /* U+D049 */
    {0x0000,0x0000,0x3ff8,0x0010,0x0010,0x3ff0,0x0010,0x0030,0xfffc,0xfffc,0x0840,0x0840,0x0840,0x0840,0x0840,0x0840,0x0000,0x0000}, /* U+D050 */
    {0x0000,0x0000,0x3ff0,0x0010,0x0010,0x3ff0,0x0010,0x0030,0xfffe,0x0c40,0x0440,0x0c40,0x2440,0x2000,0x3000,0x3ff8,0x0000,0x0000}, /* U+D054 */
    {0x0000,0x3ff0,0x3ff0,0x0010,0x3ff0,0x3e30,0x0030,0xfffc,0x0cc0,0x0840,0x0cc0,0x3ff0,0x0030,0x3ff0,0x2000,0x3ff0,0x0000,0x0000}, /* U+D058 */
    {0x0000,0x0000,0x3ff0,0x0010,0x0070,0x3ff0,0x0030,0xfffc,0xfffc,0x0840,0x08c0,0x3ff0,0x2030,0x2010,0x3030,0x3ff0,0x0000,0x0000}, /* U+D060 */
    {0x0000,0x0000,0x0000,0x3ff0,0x0010,0x0010,0x0010,0x01f0,0x3ff0,0x0030,0x0030,0x0020,0x0030,0xfffc,0x0000,0x0000,0x0000,0x0000}, /* U+D06C */
    {0x0000,0x0000,0x3ff0,0x0010,0x01f0,0x3fb0,0x0030,0x0030,0xfffc,0x0000,0x3ff0,0x0030,0x0010,0x0010,0x0010,0x0010,0x0000,0x0000}, /* U+D06D */
    {0x0000,0x0000,0x3ff0,0x3ff0,0x0010,0x00f0,0x3ff0,0x0030,0x0030,0xfffc,0x0000,0x2000,0x2000,0x2000,0x3ff0,0x3ff0,0x0000,0x0000}, /* U+D070 */
    {0x0000,0x0000,0x3ff0,0x0010,0x0030,0x3ff0,0x0030,0x0020,0xfffc,0x0000,0x3fe0,0x3ff0,0x0030,0x3ff0,0x2000,0x3ff0,0x0000,0x0000}, /* U+D074 */
    {0x0000,0x0000,0x3ff8,0x0018,0x01f0,0x3fb0,0x0030,0x0030,0xfffc,0x0000,0x3ff0,0x3030,0x2010,0x2010,0x3ff0,0x3ff0,0x0000,0x0000}, /* U+D07C */
    {0x0000,0x0000,0x3ff0,0x0010,0x0030,0x3ff0,0x0030,0x0070,0xfffc,0x0000,0x2010,0x3ff0,0x3ff0,0x2010,0x3ff0,0x3ff0,0x0000,0x0000}, /* U+D07D */
    {0x0000,0x0000,0x3ff0,0x0018,0x0010,0x3ff0,0x0010,0x0030,0xfffc,0x0000,0x0780,0x1ff0,0x2010,0x2010,0x3ff0,0x0780,0x0000,0x0000}, /* U+D081 */
    {0x0000,0x0000,0x0018,0x7f18,0x7f98,0x0118,0x0118,0xff18,0xf218,0x0218,0x0418,0x0c18,0x3018,0x6018,0x0018,0x0018,0x0000,0x0000}, /* U+D0A4 */
    {0x0000,0x0000,0x0018,0x7f98,0x0198,0x0f18,0x7f18,0x0618,0x0c18,0x7818,0x6018,0x1ff0,0x1ff8,0x0018,0x0018,0x0018,0x0000,0x0000}, /* U+D0A5 */
    {0x0000,0x0000,0x0018,0x7f18,0x0118,0x0318,0xff18,0x0218,0x0418,0x1818,0x7018,0x4018,0x3018,0x3000,0x3000,0x3ff8,0x0000,0x0000}, /* U+D0A8 */
    {0x0000,0x0000,0x0018,0x7f98,0x0198,0x7f18,0x7f18,0x0618,0x1c18,0xf018,0x0000,0x3ff8,0x0018,0x3ff8,0x3000,0x3ff8,0x0000,0x0000}, /* U+D0AC */
    {0x0000,0x0008,0x0018,0x7f98,0x0118,0x7f18,0x7218,0x0618,0x1c18,0x7018,0x4000,0x1ff8,0x1018,0x1018,0x1018,0x1ff8,0x1000,0x0000}, /* U+D0B4 */
    {0x0000,0x0000,0x7f18,0x7f98,0x0118,0xff18,0x0218,0x0c18,0x3818,0xe008,0x1008,0x1018,0x1ff8,0x1018,0x1018,0x1ff8,0x0000,0x0000}, /* U+D0B5 */
    {0x0000,0x0000,0x0018,0x7f98,0x0118,0x7f18,0x7b18,0x0618,0x0c18,0x1818,0x7018,0x0198,0x0380,0x02c0,0x0c60,0x3818,0x0000,0x0000}, /* U+D0B7 */
    {0x0000,0x0000,0x0018,0x7f98,0x0198,0x0718,0x7f18,0x0618,0x0c18,0x3818,0x6018,0x0fe0,0x1818,0x3008,0x3018,0x1ff0,0x0000,0x0000}, /* U+D0B9 */
    {0x0000,0x0010,0x0010,0x7f90,0x4010,0x4010,0x4010,0x7f10,0x401c,0x4010,0x4010,0xffd0,0x7010,0x0010,0x0010,0x0010,0x0000,0x0000}, /* U+D0C0 */
    {0x0000,0x0010,0x0010,0x7f10,0x4010,0x7f10,0x7f1c,0x4010,0x4f90,0x7c10,0x0000,0x3ff0,0x0010,0x0010,0x0010,0x0010,0x0000,0x0000}, /* U+D0C1 */
    {0x0000,0x0010,0x0010,0x7e10,0xfe10,0x8010,0xfe10,0xfe1c,0x801c,0xc190,0xff10,0x0010,0x2010,0x2010,0x2000,0x3ff0,0x0000,0x0000}, /* U+D0C4 */
    {0x0000,0x0000,0x0010,0x7f10,0x4010,0x7e10,0x7e1c,0x4010,0x7f90,0x7c10,0x0000,0x3ff0,0x0010,0x3ff0,0x3000,0x3ff0,0x0000,0x0000}, /* U+D0C8 */
    {0x0000,0x0000,0x0010,0x7f90,0x4010,0x4010,0x7f10,0x401c,0xffd0,0x7e10,0x0010,0x7df0,0x0410,0x7c10,0x4010,0x7e10,0x7c10,0x0000}, /* U+D0C9 */
    {0x0000,0x0010,0x0010,0x7f10,0x4010,0x4010,0x7f1c,0x401c,0x4010,0x7f90,0x0000,0x1fe0,0x3ff0,0x3010,0x3010,0x3ff0,0x0010,0x0000}, /* U+D0D0 */
    {0x0000,0x0010,0x0010,0xff10,0xc010,0xff10,0xff1c,0xc010,0xff90,0xfc10,0x0010,0x2010,0x3ff0,0x3010,0x2010,0x3ff0,0x2010,0x0000}, /* U+D0D1 */
    {0x0000,0x0010,0x0010,0x7f10,0x4010,0x4010,0x7f10,0x401c,0x4010,0x7f90,0x7010,0x0190,0x0180,0x02c0,0x0660,0x3838,0x0000,0x0000}, /* U+D0D3 */
    {0x0000,0x0010,0x0010,0xff10,0xc010,0xfe10,0xfe1c,0xc010,0xff90,0x7e10,0x0000,0x0c30,0x0c30,0x1e70,0x32d8,0x618c,0x0000,0x0000}, /* U+D0D4 */
    {0x0000,0x0010,0x0010,0x7f10,0x4010,0x4010,0x7f10,0x401c,0x4010,0x7f90,0x0010,0x0780,0x1870,0x2010,0x3010,0x1ff0,0x0780,0x0000}, /* U+D0D5 */
    {0x0000,0x0000,0x004c,0x0048,0x7e48,0x4048,0x4048,0x7e48,0x4078,0x4068,0x4048,0x7f48,0x0048,0x0048,0x0048,0x0008,0x0000,0x0000}, /* U+D0DC */
    {0x0000,0x0008,0x0048,0x7f48,0x4048,0x6048,0x7e78,0x4078,0x4048,0x7f6c,0x0008,0x1ff8,0x1ffc,0x000c,0x000c,0x000c,0x0000,0x0000}, /* U+D0DD */
    {0x0000,0x0000,0x0048,0x7e48,0x6048,0x4048,0x7c48,0x7c78,0x4078,0x4048,0x7f48,0x0048,0x1048,0x1000,0x1000,0x1ffc,0x0000,0x0000}, /* U+D0E0 */
    {0x0000,0x0000,0x0048,0x7e48,0x4048,0x6048,0x7e48,0x4078,0x6348,0x7e48,0x0ff8,0x1ff8,0x0008,0x1ff8,0x1800,0x1ff8,0x0800,0x0000}, /* U+D0E4 */
    {0x0000,0x0008,0x0048,0x7f48,0x4048,0x6048,0x7e78,0x4068,0x4048,0x7f6c,0x0000,0x1ff8,0x1808,0x1008,0x1008,0x1ff8,0x0000,0x0000}, /* U+D0EC */
    {0x0000,0x0000,0x0048,0x7e48,0x4048,0x6048,0x7e48,0x4078,0x6148,0x7f48,0x0008,0x1808,0x1ff8,0x1808,0x1808,0x1ff8,0x0000,0x0000}, /* U+D0ED */
    {0x0000,0x0008,0x0048,0x7e48,0x4048,0x4048,0x7e78,0x4078,0x4048,0x7f68,0x604c,0x0088,0x0180,0x0340,0x0630,0x1c1c,0x0000,0x0000}, /* U+D0EF */
    {0x0000,0x0008,0x0048,0x7e48,0x4048,0x4048,0x7e78,0x4078,0x4048,0x7f48,0x0448,0x0430,0x0c30,0x0e38,0x134c,0x3084,0x0000,0x0000}, /* U+D0F0 */
    {0x0000,0x0000,0x0048,0x7e48,0x4048,0x4048,0x7e78,0x4078,0x4748,0x7e48,0x0008,0x0fe0,0x1c38,0x3008,0x3008,0x1ff8,0x03c0,0x0000}, /* U+D0F1 */
    {0x0000,0x0010,0x0010,0x7f90,0x4010,0x4010,0x401c,0x7f1c,0x4010,0x4010,0x4010,0xffdc,0x7010,0x0010,0x0010,0x0010,0x0000,0x0000}, /* U+D0F8 */
    {0x0000,0x0010,0x0010,0x7f10,0x4010,0x401c,0x7f10,0x4010,0x4010,0x7f9c,0x0010,0x0fe0,0x1830,0x2010,0x3010,0x1ff0,0x0780,0x0000}, /* U+D10D */
    {0x0000,0x0000,0x0018,0x0018,0x7f18,0x4018,0x4018,0x7e18,0x7ef8,0x4018,0x4018,0x4798,0x7e18,0x0018,0x0018,0x0018,0x0000,0x0000}, /* U+D130 */
    {0x0000,0x0000,0x0018,0x7f18,0x4018,0x4018,0x7e78,0x4018,0x4098,0x7f98,0x0000,0x3ff0,0x3ff8,0x0018,0x0018,0x0018,0x0000,0x0000}, /* U+D131 */
    {0x0000,0x0000,0x0018,0x7f18,0x4018,0x4018,0x7e18,0x4078,0x4018,0x7f18,0x7e18,0x0018,0x1018,0x1000,0x1000,0x1ff8,0x0000,0x0000}, /* U+D134 */
    {0x0000,0x0000,0x0018,0x7f18,0x4018,0x4018,0x7e78,0x4018,0x4198,0x7e08,0x0000,0x1ff8,0x0018,0x3ff8,0x3000,0x3ff8,0x0000,0x0000}, /* U+D138 */
    {0x0000,0x0000,0x0018,0x7f18,0x4018,0x7e18,0x4078,0x4018,0x7f98,0x0008,0x3ef8,0x0698,0x1e88,0x3c88,0x2098,0x3ef8,0x0000,0x0000}, /* U+D13A */
    {0x0000,0x0000,0x0018,0x7f18,0x4018,0x4018,0x7f78,0x4078,0x7f18,0x7f18,0x0000,0x3ff8,0x3018,0x3018,0x3018,0x3ff8,0x0000,0x0000}, /* U+D140 */
    {0x0000,0x0000,0x7f08,0x7f08,0x4008,0x4008,0x7e78,0x4008,0x4188,0x7f88,0x0000,0x3018,0x3ff8,0x3018,0x3018,0x3ff8,0x0000,0x0000}, /* U+D141 */
    {0x0000,0x0000,0x0018,0x7f18,0x4018,0x4018,0x7f78,0x4018,0x6018,0x7f98,0x0018,0x0198,0x0180,0x03c0,0x0660,0x3838,0x0000,0x0000}, /* U+D143 */
    {0x0000,0x0000,0x0018,0x7f18,0x4018,0x7e18,0x7e78,0x4018,0x4118,0x7f18,0x0010,0x0c30,0x0c30,0x1e78,0x324c,0x6084,0x0000,0x0000}, /* U+D144 */
    {0x0000,0x0000,0x0018,0x7f18,0x4018,0x4018,0x7f78,0x4078,0x7f18,0x7f18,0x0018,0x0fe0,0x3870,0x3018,0x3018,0x1ff0,0x0000,0x0000}, /* U+D145 */
    {0x0000,0x0000,0x0048,0x7e68,0x7e68,0x4068,0x4068,0x7c68,0x61e8,0x4068,0x4068,0x7f68,0x7868,0x0068,0x0048,0x0008,0x0000,0x0000}, /* U+D14C */
    {0x0000,0x0008,0x0068,0x7e68,0x4068,0x7c68,0x7de8,0x4068,0x7f68,0x7f68,0x0000,0x1ff8,0x0008,0x0008,0x0008,0x0008,0x0000,0x0000}, /* U+D14D */
    {0x0000,0x0000,0x0048,0x7e68,0x6068,0x4068,0x7c68,0x7de8,0x4068,0x4068,0x7f68,0x0068,0x106c,0x1000,0x1000,0x1ffc,0x0000,0x0000}, /* U+D150 */
    {0x0000,0x0000,0x0068,0x7e68,0x4068,0x4068,0x7de8,0x41e8,0x406c,0x7e68,0x0000,0x1ff8,0x0008,0x1ff8,0x1000,0x1ffc,0x0000,0x0000}, /* U+D154 */
    {0x0000,0x0008,0x0068,0x7e68,0x4068,0x7c68,0x7de8,0x4068,0x7f68,0x7f68,0x0068,0x1ff8,0x1008,0x1808,0x1808,0x1ff8,0x0008,0x0000}, /* U+D15C */
    {0x0000,0x0000,0x006c,0x7e68,0x4068,0x6068,0x7de8,0x4068,0x626c,0x7e68,0x0008,0x1808,0x1ff8,0x1808,0x1808,0x1ff8,0x0000,0x0000}, /* U+D15D */
    {0x0000,0x0008,0x0068,0x7e68,0x4068,0x6068,0x7de8,0x4068,0x6068,0x7f68,0x0008,0x0088,0x01c0,0x0340,0x0630,0x1c1c,0x0000,0x0000}, /* U+D15F */
    {0x0000,0x0008,0x006c,0x7e68,0x4068,0x7c68,0x7de8,0x4068,0x7f68,0x7f68,0x0048,0x07e0,0x1c38,0x100c,0x1808,0x0ff8,0x0000,0x0000}, /* U+D161 */
    {0x0000,0x0000,0x0018,0x0018,0x7f18,0x4078,0x4078,0x7e18,0x7e18,0x4078,0x4078,0x4798,0x7e18,0x0018,0x0018,0x0018,0x0000,0x0000}, /* U+D168 */
    {0x0000,0x0000,0x0018,0x7f18,0x4018,0x40f8,0x7e18,0x4018,0x40f8,0x7f18,0x7e18,0x0018,0x1018,0x1000,0x1000,0x1ff8,0x0000,0x0000}, /* U+D16C */
    {0x0000,0x0000,0x0018,0x7f18,0x4078,0x7e18,0x7e18,0x40f8,0x4118,0x7f18,0x0010,0x0c30,0x0c30,0x1c78,0x3248,0x61cc,0x0000,0x0000}, /* U+D17C */
    {0x0000,0x0000,0x0068,0x7e68,0x7e68,0x41e8,0x41e8,0x7c68,0x6068,0x41e8,0x4068,0x7f68,0x7868,0x0068,0x0068,0x0008,0x0000,0x0000}, /* U+D184 */
    {0x0000,0x0000,0x0008,0x7e68,0x6068,0x41e8,0x7c68,0x7c68,0x41e8,0x4068,0x7f68,0x0068,0x1068,0x1000,0x1000,0x1ffc,0x0000,0x0000}, /* U+D188 */
    {0x0000,0x0000,0x0000,0x3ff0,0x3000,0x2000,0x3fe0,0x3000,0x2000,0x3ff0,0x0300,0x0300,0x0300,0xfffc,0xfffc,0x0000,0x0000,0x0000}, /* U+D1A0 */
    {0x0000,0x0000,0x3ff0,0x3000,0x3ff0,0x3000,0x3ff0,0x0300,0xfffc,0xfffc,0x0000,0x3ff0,0x0010,0x0030,0x0030,0x0030,0x0000,0x0000}, /* U+D1A1 */
    {0x0000,0x0000,0x3ff0,0x3000,0x3000,0x3fe0,0x2000,0x3ff0,0x0300,0x0300,0xfffc,0x0000,0x3000,0x3000,0x3000,0x3ff0,0x0000,0x0000}, /* U+D1A4 */
    {0x0000,0x0000,0x3ff0,0x2000,0x3fe0,0x3000,0x3ff0,0x0300,0xfffc,0x0000,0x1fe0,0x0030,0x1ff0,0x3000,0x3000,0x3ff0,0x0000,0x0000}, /* U+D1A8 */
    {0x0000,0x0000,0x3ff0,0x3000,0x3ff0,0x3000,0x3ff0,0x0300,0xfffc,0xfffc,0x0000,0x3ff0,0x3010,0x3010,0x3ff0,0x3010,0x0000,0x0000}, /* U+D1B0 */
    {0x0000,0x0000,0x3fe0,0x2000,0x3ff0,0x2000,0x3ff0,0x0300,0x0300,0xfffc,0x0000,0x2030,0x3ff0,0x2030,0x3030,0x3ff0,0x0000,0x0000}, /* U+D1B1 */
    {0x0000,0x0000,0x3ff0,0x3000,0x3ff0,0x3000,0x3ff0,0x0300,0xfffc,0xfffc,0x0300,0x0300,0x0680,0x0c60,0x3838,0x2008,0x0000,0x0000}, /* U+D1B3 */
    {0x0000,0x0000,0x3ff0,0x2000,0x3ff0,0x3000,0x3ff0,0x1ff0,0x0300,0xfffc,0x0000,0x0fe0,0x3030,0x2018,0x3030,0x1fe0,0x0000,0x0000}, /* U+D1B5 */
    {0x0000,0x0000,0x3ff0,0x2000,0x3ff0,0x3000,0x3ff0,0x1ff0,0x0300,0xfffc,0x0000,0x1ff0,0x0840,0x0c40,0x0cc0,0x3ff8,0x0000,0x0000}, /* U+D1BA */
    {0x0000,0x0000,0x0010,0x7f10,0x6010,0x4010,0x7f10,0x4010,0x7f1c,0x7f9c,0x0c10,0xffd0,0xf010,0x0010,0x0010,0x0010,0x0000,0x0000}, /* U+D1BC */
    {0x0000,0x0000,0x0010,0x7f10,0x4010,0x7f10,0x6010,0x7f1c,0x3f10,0x0c10,0x1ff90,0x0010,0x3010,0x3000,0x3000,0x3ff8,0x0000,0x0000}, /* U+D1C0 */
    {0x0000,0x0008,0x0048,0x7e48,0x7e48,0x4048,0x7e48,0x4048,0x6078,0x7f68,0x0848,0x0848,0xffc8,0x0048,0x0048,0x0008,0x0000,0x0000}, /* U+D1D8 */
    {0x0000,0x0000,0x0018,0x3f98,0x2018,0x3f18,0x3f18,0x2018,0x3f98,0x0618,0x0418,0xfff8,0x0018,0x0018,0x0018,0x0018,0x0000,0x0000}, /* U+D1F4 */
    {0x0000,0x0000,0x0018,0x3f98,0x2018,0x3f98,0x2018,0x3f98,0x3f98,0x0c18,0xffd8,0x0018,0x1018,0x1000,0x1000,0x1ff8,0x0000,0x0000}, /* U+D1F8 */
    {0x0000,0x0000,0x0018,0x3f18,0x2018,0x3f18,0x2018,0x3f98,0x0418,0xffd8,0x4018,0x0098,0x00c0,0x0160,0x0630,0x1c1c,0x0000,0x0000}, /* U+D207 */
    {0x0000,0x0000,0x3f98,0x3f98,0x2018,0x3f98,0x2018,0x3f98,0x0418,0xffd8,0xc018,0x03c0,0x1ff0,0x1018,0x1818,0x0ff0,0x0000,0x0000}, /* U+D209 */
    {0x0000,0x0000,0x0000,0x3ff0,0x3000,0x2000,0x3fe0,0x3000,0x2000,0x3ff0,0x0c40,0x0c40,0x0440,0xfffc,0xfffc,0x0000,0x0000,0x0000}, /* U+D210 */
    {0x0000,0x0000,0x3ff0,0x2000,0x3ff0,0x2000,0x3ff0,0x3ff0,0x0000,0xfffc,0x0300,0x0300,0x0300,0x0300,0x0300,0x0300,0x0000,0x0000}, /* U+D22C */
    {0x0000,0x0000,0x3ff0,0x2000,0x3fe0,0x2000,0x3ff0,0x0000,0xfffc,0x0300,0x0300,0x3ff0,0x0030,0x0030,0x0030,0x0030,0x0000,0x0000}, /* U+D22D */
    {0x0000,0x0000,0x3ff0,0x2000,0x3fe0,0x3000,0x3000,0x1ff0,0x0000,0xfffc,0x0100,0x0100,0x2100,0x3100,0x3000,0x3ff8,0x0000,0x0000}, /* U+D230 */
    {0x0000,0x0000,0x3ff0,0x2000,0x3ff0,0x2000,0x3ff0,0x0000,0xfffc,0x0300,0x0300,0x3ff0,0x0010,0x3ff0,0x3000,0x3ff0,0x0000,0x0000}, /* U+D234 */
    {0x0000,0x0000,0x3ff0,0x2000,0x3ff0,0x2000,0x3ff0,0x0000,0xfffc,0x0300,0x0300,0x3ff0,0x3030,0x2010,0x3030,0x3ff0,0x0000,0x0000}, /* U+D23C */
    {0x0000,0x0000,0x3ff0,0x2000,0x3ff0,0x2000,0x3ff0,0x0000,0xfffc,0x0300,0x0300,0x3010,0x3ff0,0x3010,0x3010,0x3ff0,0x0000,0x0000}, /* U+D23D */
    {0x0000,0x0000,0x3fe0,0x3000,0x3fe0,0x3000,0x3ff0,0x0000,0xfffc,0x0300,0x0200,0x0300,0x0300,0x0480,0x1870,0x7030,0x0000,0x0000}, /* U+D23F */
    {0x0000,0x0000,0x3ff0,0x2000,0x3ff0,0x2000,0x3ff0,0x0000,0xfffc,0xfffc,0x0300,0x1fe0,0x3030,0x2010,0x3030,0x1fe0,0x0000,0x0000}, /* U+D241 */
    {0x0000,0x0000,0x3f98,0x3f98,0x2018,0x3f98,0x2018,0x3f98,0x0018,0x0018,0xfff8,0x0418,0x04f8,0x0418,0x0418,0x0418,0x0000,0x0000}, /* U+D248 */
    {0x0000,0x0000,0x3f18,0x2018,0x3f18,0x2018,0x3f98,0x1f98,0xffd8,0x04f8,0x0418,0x0420,0x0420,0x0e70,0x1b48,0x3184,0x0000,0x0000}, /* U+D25C */
    {0x0000,0x0008,0x3e68,0x7e68,0x4068,0x7e68,0x6068,0x7f68,0x0068,0x01e8,0xffe8,0x0868,0x09e8,0x0868,0x0868,0x0008,0x0000,0x0000}, /* U+D264 */
    {0x0000,0x0000,0x3f98,0x3f98,0x2018,0x3f98,0x2018,0x3f98,0x0018,0x0018,0xfff8,0x0418,0x0418,0x0418,0x0418,0x0418,0x0000,0x0000}, /* U+D280 */
    {0x0000,0x0000,0x3f18,0x2018,0x3f18,0x2018,0x3f98,0x0018,0xffd8,0x0c18,0x0400,0x3ff0,0x0018,0x0018,0x0018,0x0018,0x0000,0x0000}, /* U+D281 */
    {0x0000,0x0000,0x0018,0x3f98,0x2018,0x3f98,0x2018,0x3f98,0x0018,0xffd8,0x0418,0x0418,0x3418,0x3000,0x3000,0x3ff8,0x0000,0x0000}, /* U+D284 */
    {0x0000,0x0000,0x3f18,0x2018,0x3f18,0x2018,0x3f98,0x0018,0xffd8,0x0418,0x0400,0x1ff8,0x0018,0x1ff8,0x1000,0x1ff8,0x1ff8,0x0000}, /* U+D288 */
    {0x0000,0x0000,0x3f18,0x2118,0x3f18,0x2018,0x3f98,0x00d8,0xffd8,0x0418,0x0400,0x1ff8,0x1018,0x1018,0x1018,0x1ff8,0x1000,0x0000}, /* U+D290 */
    {0x0000,0x0000,0x3f18,0x2018,0x3f18,0x2018,0x3f98,0xffd8,0xfe18,0x0608,0x1000,0x1818,0x1ff8,0x1018,0x1ff8,0x1ff8,0x0000,0x0000}, /* U+D291 */
    {0x0000,0x0000,0x3f18,0x2018,0x3f18,0x2018,0x3f98,0x0018,0xffd8,0x0c18,0x0418,0x07f0,0x1c30,0x1018,0x1818,0x0ff0,0x0000,0x0000}, /* U+D295 */
    {0x0000,0x0000,0x3ff0,0x2000,0x3ff0,0x3000,0x3ff0,0x1ff0,0x0000,0xfffc,0x0840,0x0840,0x0840,0x0840,0x0840,0x0840,0x0000,0x0000}, /* U+D29C */
    {0x0000,0x0000,0x3ff0,0x2000,0x3ff0,0x2000,0x3ff0,0x0000,0x0000,0xfffc,0x0440,0x0440,0x2440,0x2000,0x3000,0x3ff8,0x0000,0x0000}, /* U+D2A0 */
    {0x0000,0x0000,0x3ff0,0x2000,0x3ff0,0x2000,0x3ff0,0x0000,0xfffc,0x0cc0,0x0cc0,0x1ff0,0x0010,0x3ff0,0x3000,0x3ff0,0x0000,0x0000}, /* U+D2A4 */
    {0x0000,0x0000,0x3ff0,0x2000,0x3ff0,0x2000,0x3ff0,0x0000,0xfffc,0x0840,0x0cc0,0x3ff0,0x2010,0x2010,0x3ff0,0x3ff0,0x0000,0x0000}, /* U+D2AC */
    {0x0000,0x0000,0x3ff0,0x2000,0x3ff0,0x2000,0x3ff0,0x0000,0xfffc,0x0cc0,0x0840,0x0fc0,0x3030,0x2010,0x3030,0x1fc0,0x0000,0x0000}, /* U+D2B1 */
    {0x0000,0x0000,0x0000,0x3ff0,0x3000,0x2000,0x3fe0,0x3fe0,0x2000,0x2000,0x3ff0,0x0000,0x0000,0xfffc,0xfffc,0x0000,0x0000,0x0000}, /* U+D2B8 */
    {0x0000,0x0000,0x3ff0,0x2000,0x3fe0,0x2000,0x3ff0,0x0000,0x0000,0xfffc,0x0000,0x3ff0,0x0030,0x0010,0x0010,0x0010,0x0000,0x0000}, /* U+D2B9 */
    {0x0000,0x0000,0x3ff0,0x3000,0x3000,0x3fe0,0x2000,0x3ff0,0x0000,0xfffc,0x0000,0x2000,0x2000,0x2000,0x3000,0x3ff8,0x0000,0x0000}, /* U+D2BC */
    {0x0000,0x0000,0x3ff0,0x3000,0x3ff0,0x3000,0x3ff0,0x0000,0x0000,0xfffc,0x0000,0x3ff0,0x2000,0x2000,0x3000,0x3ff0,0x0000,0x0000}, /* U+D2BF */
    {0x0000,0x0000,0x3ff0,0x2000,0x3fe0,0x2000,0x3ff0,0x0000,0xfffc,0x0000,0x0000,0x3ff0,0x0030,0x3fe0,0x2000,0x3ff0,0x0000,0x0000}, /* U+D2C0 */
    {0x0000,0x0000,0x3ff0,0x2000,0x3ff0,0x2000,0x3ff0,0x3ff0,0x0000,0xfffc,0x3cf0,0x0498,0x0488,0x3c98,0x2098,0x3ef8,0x0000,0x0000}, /* U+D2C2 */
    {0x0000,0x0000,0x3ff0,0x2000,0x3ff0,0x2000,0x3ff0,0x3ff0,0x0000,0xfffc,0x0000,0x3ff0,0x3030,0x2010,0x3030,0x3ff0,0x0000,0x0000}, /* U+D2C8 */
    {0x0000,0x0000,0x3ff0,0x2000,0x3ff0,0x2000,0x3ff0,0x0000,0xfffc,0x0000,0x2010,0x3010,0x3ff0,0x2010,0x3ff0,0x3ff0,0x0000,0x0000}, /* U+D2C9 */
    {0x0000,0x0000,0x3ff0,0x2000,0x3fe0,0x2000,0x3ff0,0x0000,0x0000,0xfffc,0x0100,0x0300,0x0780,0x0cc0,0x1838,0x3000,0x0000,0x0000}, /* U+D2CB */
    {0x0000,0x0000,0x0018,0x3f98,0x2018,0x2018,0x3f98,0x2018,0x3f98,0x0018,0x0018,0xfff8,0xff18,0x0018,0x0018,0x0018,0x0000,0x0000}, /* U+D2D4 */
    {0x0000,0x0000,0x0018,0x3f98,0x2018,0x3f98,0x2018,0x3f98,0x3f98,0x00d8,0xffd8,0x0018,0x1018,0x1000,0x1000,0x1ff8,0x0000,0x0000}, /* U+D2D8 */
    {0x0000,0x0000,0x3f98,0x3f98,0x3f18,0x3f18,0x3018,0x3f98,0x0018,0xfff8,0x0018,0x1ff8,0x0018,0x1ff8,0x1000,0x1ff8,0x0000,0x0000}, /* U+D2DC */
    {0x0000,0x0000,0x3f98,0x3f98,0x3f18,0x3f18,0x3018,0x3f98,0x0018,0xfff8,0x0018,0x1ff8,0x1018,0x1018,0x1818,0x1ff8,0x0000,0x0000}, /* U+D2E4 */
    {0x0000,0x0000,0x3f98,0x3f98,0x3f18,0x3f18,0x3018,0x3f98,0x0018,0xfff8,0x0008,0x1018,0x1ff8,0x1018,0x1018,0x1ff8,0x1000,0x0000}, /* U+D2E5 */
    {0x0000,0x0000,0x0018,0x0018,0x7f98,0x4018,0x4018,0x4018,0x7f98,0x4018,0x4018,0x4058,0x7fd8,0x0018,0x0018,0x0018,0x0000,0x0000}, /* U+D2F0 */
    {0x0000,0x0018,0x0018,0x7f98,0x4018,0x7f18,0x7f18,0x4018,0x7fd8,0x7fd8,0x0008,0x3ff0,0x3ff8,0x0018,0x0018,0x0018,0x0000,0x0000}, /* U+D2F1 */
    {0x0000,0x0000,0x0018,0x7f18,0x4018,0x4018,0x7e18,0x4018,0x4018,0x7f98,0x7e18,0x0018,0x1018,0x1000,0x1000,0x1ff8,0x0000,0x0000}, /* U+D2F4 */
    {0x0000,0x0000,0x0018,0x7f98,0x6018,0x6018,0x7f98,0x4018,0x7fd8,0x7fd8,0x0000,0x1ff8,0x0018,0x1ff8,0x1000,0x1ff8,0x1008,0x0000}, /* U+D2F8 */
    {0x0000,0x0000,0x0018,0x7f98,0x4018,0x6018,0x7f98,0x4018,0x63d8,0x7fd8,0x0000,0x1ff8,0x3018,0x1018,0x1018,0x3ff8,0x0000,0x0000}, /* U+D300 */
    {0x0000,0x0000,0x0018,0x7f98,0x6018,0x6018,0x7f98,0x4018,0x60d8,0x7fd8,0x0000,0x1018,0x1ff8,0x1018,0x1018,0x1ff8,0x1000,0x0000}, /* U+D301 */
    {0x0000,0x0000,0x0018,0x7f98,0x4018,0x6018,0x7f98,0x4018,0x61d8,0x7fd8,0x0018,0x0198,0x0180,0x03c0,0x0e60,0x3838,0x0000,0x0000}, /* U+D303 */
    {0x0000,0x0000,0x0018,0x7f98,0x6018,0x4018,0x7f98,0x4018,0x4018,0x7ff8,0x0018,0x0fe0,0x1c70,0x3018,0x3018,0x0ff0,0x0000,0x0000}, /* U+D305 */
    {0x0000,0x0010,0x0010,0x0010,0x7f90,0x0010,0x2310,0x2310,0x3310,0x321c,0x3210,0xffd0,0xc010,0x0010,0x0010,0x0010,0x0000,0x0000}, /* U+D30C */
    {0x0000,0x0010,0x0010,0x7f90,0x0010,0x3310,0x331c,0x131c,0xff90,0xff90,0x0010,0x3ff0,0x3ff0,0x0010,0x0010,0x0010,0x0010,0x0000}, /* U+D30D */
    {0x0000,0x0010,0x0010,0xff90,0x0010,0x3310,0x331c,0x131c,0xffd0,0x0010,0x0010,0x7df0,0x0410,0x0410,0x0410,0x0410,0x0000,0x0000}, /* U+D30E */
    {0x0000,0x0010,0x0010,0x7f90,0x0010,0x2310,0x3210,0x321c,0x3210,0xffd0,0x0010,0x0010,0x2010,0x2000,0x2000,0x3ff8,0x0000,0x0000}, /* U+D310 */
    {0x0000,0x0000,0x0010,0x7f90,0x0010,0x2110,0x331c,0x3210,0xffd0,0x8010,0x0000,0x3ff0,0x0010,0x3ff0,0x2000,0x3ff0,0x0000,0x0000}, /* U+D314 */
    {0x0000,0x0010,0x0010,0x7f90,0x0010,0x3310,0x331c,0x3210,0xffd0,0x0010,0x3df0,0x0790,0x3d10,0x7d10,0x6190,0x7ff0,0x0000,0x0000}, /* U+D316 */
    {0x0000,0x0010,0x0010,0xff90,0x0010,0x3310,0x331c,0x1310,0xff90,0xff90,0x0000,0x3ff0,0x3010,0x3010,0x3010,0x3ff0,0x0000,0x0000}, /* U+D31C */
    {0x0000,0x0010,0x0010,0x7f90,0x0010,0x3310,0x331c,0x3210,0xffd0,0x0000,0x3010,0x3030,0x3ff0,0x3010,0x3030,0x3ff0,0x0000,0x0000}, /* U+D31D */
    {0x0000,0x0010,0x0010,0xff90,0x0010,0x3310,0x331c,0x321c,0xff90,0xffd0,0x0010,0x0110,0x0380,0x06c0,0x0c60,0x3838,0x0000,0x0000}, /* U+D31F */
    {0x0000,0x0010,0x0010,0xff90,0x0010,0x3310,0x331c,0x3210,0xff90,0xffd0,0x0000,0x0c20,0x0c20,0x1e70,0x12d8,0x618c,0x0000,0x0000}, /* U+D320 */
    {0x0000,0x0010,0x0010,0xff90,0x0010,0x3310,0x331c,0x1310,0xff90,0xff90,0x0010,0x1fe0,0x3030,0x2010,0x3030,0x1fe0,0x0000,0x0000}, /* U+D321 */
    {0x0000,0x0010,0x0010,0xff90,0x0010,0x3310,0x331c,0x321c,0xbf90,0xff90,0x0000,0x3ff0,0x3000,0x3ff0,0x3000,0x3ff0,0x0000,0x0000}, /* U+D325 */
    {0x0000,0x0008,0x004c,0x0068,0x7f68,0x0068,0x2268,0x2648,0x2668,0x2678,0x2448,0x3f68,0xf868,0x0068,0x0068,0x000c,0x0008,0x0000}, /* U+D328 */
    {0x0000,0x0008,0x0048,0xff48,0x0048,0x2648,0x2478,0x2478,0x2448,0xff48,0x0000,0x1ff8,0x0008,0x0008,0x0008,0x0008,0x0000,0x0000}, /* U+D329 */
    {0x0000,0x0000,0x0048,0xff48,0x0048,0x2448,0x2648,0x2478,0x2478,0x3f48,0xfe48,0x0048,0x1048,0x1000,0x1000,0x1ffc,0x0000,0x0000}, /* U+D32C */
    {0x0000,0x0008,0x0048,0x7e48,0x0048,0x2648,0x2478,0x2448,0x3f48,0xf048,0x0ff8,0x0008,0x0008,0x0ff8,0x0800,0x0ffc,0x0018,0x0000}, /* U+D330 */
    {0x0000,0x0008,0x0048,0xff48,0x0048,0x2648,0x2648,0x2678,0x2448,0xff48,0x0048,0x0ff8,0x1808,0x1808,0x1808,0x1ff8,0x0000,0x0000}, /* U+D338 */
    {0x0000,0x0008,0x0048,0x7e48,0x0048,0x2678,0x2448,0x2448,0x3f48,0xf800,0x0808,0x0808,0x0ff8,0x0808,0x0808,0x0ff8,0x0000,0x0000}, /* U+D339 */
    {0x0000,0x0008,0x004c,0xff48,0x0048,0x2648,0x2448,0x2478,0x2448,0xff48,0x0048,0x0188,0x0180,0x02c0,0x0660,0x3838,0x0000,0x0000}, /* U+D33B */
    {0x0000,0x0000,0x0048,0xff48,0x0648,0x2648,0x2478,0x2478,0x2748,0xff48,0x0438,0x0430,0x0c30,0x0e38,0x1b4c,0x20c4,0x0000,0x0000}, /* U+D33C */
    {0x0000,0x0008,0x0048,0xff48,0x0048,0x2648,0x2448,0x2478,0x2448,0xff48,0x0048,0x03c0,0x0ff8,0x1008,0x1008,0x0ff8,0x03c0,0x0000}, /* U+D33D */
    {0x0000,0x0000,0x0010,0x0010,0x7f90,0x0010,0x231c,0x2310,0x3310,0x3210,0x321c,0xffdc,0xfc10,0x0010,0x0010,0x0010,0x0010,0x0000}, /* U+D344 */
    {0x0000,0x0000,0x0010,0xff90,0x0010,0x331c,0x3310,0x1310,0x331c,0xff90,0x0010,0x3ff0,0x0010,0x0010,0x0010,0x0010,0x0010,0x0000}, /* U+D345 */
    {0x0000,0x0000,0x0018,0x7fd8,0x0018,0x0018,0x3118,0x1178,0x1318,0x1318,0x1318,0xffd8,0x4018,0x0018,0x0018,0x0018,0x0000,0x0000}, /* U+D37C */
    {0x0000,0x0000,0x7f98,0x7f98,0x0018,0x3378,0x3378,0x1218,0x33d8,0xffd8,0x0000,0x3ff8,0x0018,0x0018,0x0018,0x0018,0x0000,0x0000}, /* U+D37D */
    {0x0000,0x0000,0x0018,0x7f18,0x7f18,0x0018,0x3218,0x3278,0x3218,0x3618,0xff98,0x0018,0x3018,0x3000,0x3000,0x3ff8,0x0000,0x0000}, /* U+D380 */
    {0x0000,0x0000,0x0018,0xff98,0x0018,0x2218,0x3278,0x3218,0x3698,0xff98,0x0000,0x3ff0,0x0018,0x3ff8,0x3000,0x3ff8,0x0000,0x0000}, /* U+D384 */
    {0x0000,0x0000,0x7f98,0x7f98,0x0018,0x3378,0x3378,0x1218,0x33d8,0xffd8,0x0000,0x1ff8,0x1018,0x1018,0x1018,0x1ff8,0x0000,0x0000}, /* U+D38C */
    {0x0000,0x0000,0x0018,0x7f98,0x0018,0x2218,0x3278,0x3218,0xff98,0x4008,0x0000,0x3018,0x3ff8,0x3018,0x3018,0x3ff8,0x0000,0x0000}, /* U+D38D */
    {0x0000,0x0000,0x0018,0x7f98,0x0018,0x2218,0x22f8,0x3218,0x1218,0xff98,0x0018,0x0098,0x0180,0x0340,0x0630,0x1c1c,0x0000,0x0000}, /* U+D38F */
    {0x0000,0x0000,0x0018,0xff98,0x0018,0x2218,0x2278,0x2218,0x3218,0xff98,0x4010,0x0430,0x0c30,0x0e38,0x134c,0x60c4,0x0000,0x0000}, /* U+D390 */
    {0x0000,0x0000,0x7f98,0x7f98,0x0018,0x3378,0x3378,0x1218,0x33d8,0xffd8,0x0018,0x0ff0,0x1818,0x3008,0x1018,0x0ff0,0x0000,0x0000}, /* U+D391 */
    {0x0000,0x0000,0x0048,0x7f48,0x7f48,0x0048,0x6448,0x25c8,0x25c8,0x2448,0x2c48,0xff48,0x0048,0x0048,0x0048,0x0008,0x0000,0x0000}, /* U+D398 */
    {0x0000,0x0008,0x0068,0xff68,0x0068,0x2668,0x25e8,0x2468,0x2468,0xff68,0x0000,0x1ff8,0x0008,0x0008,0x0008,0x0008,0x0008,0x0000}, /* U+D399 */
    {0x0000,0x0000,0x0008,0xff68,0x0068,0x2668,0x2668,0x24e8,0x2468,0x3f68,0xfc68,0x0068,0x1068,0x1000,0x1000,0x1ffc,0x0000,0x0000}, /* U+D39C */
    {0x0000,0x0000,0x0048,0x7e68,0x0048,0x2648,0x25c8,0x2448,0x3f48,0xfa48,0x0ff8,0x0008,0x0008,0x1ff8,0x1800,0x1ff8,0x01f8,0x0000}, /* U+D3A0 */
    {0x0000,0x0008,0x0068,0xff68,0x0068,0x2668,0x25e8,0x2468,0x2468,0xff68,0x0008,0x1ff8,0x1808,0x1808,0x1808,0x1ff8,0x0000,0x0000}, /* U+D3A8 */
    {0x0000,0x0000,0x0068,0xff68,0x0068,0x2648,0x25c8,0x2448,0xff68,0xff08,0x0808,0x1808,0x0ff8,0x0808,0x0808,0x0ff8,0x0000,0x0000}, /* U+D3A9 */
    {0x0000,0x0008,0x0068,0xff68,0x0068,0x2668,0x25e8,0x2468,0x2468,0xff68,0x0048,0x0188,0x0180,0x02c0,0x0470,0x1818,0x0000,0x0000}, /* U+D3AB */
    {0x0000,0x0008,0x0068,0xff68,0x0068,0x2668,0x25e8,0x2468,0x2468,0xff68,0x0048,0x03e8,0x0ff8,0x100c,0x100c,0x1ff8,0x03c0,0x0000}, /* U+D3AD */
    {0x0000,0x0000,0x0018,0x0018,0xff98,0x0018,0x2278,0x2218,0x3218,0x3278,0x3218,0xff98,0x0018,0x0018,0x0018,0x0018,0x0000,0x0000}, /* U+D3B4 */
    {0x0000,0x0000,0x0018,0xff98,0x0018,0x0078,0x2218,0x2618,0x2678,0x3798,0xff98,0x0018,0x3018,0x3000,0x3000,0x3ff8,0x0000,0x0000}, /* U+D3B8 */
    {0x0000,0x0000,0x0018,0xff98,0x0018,0x2278,0x2218,0x3278,0x3f98,0xff18,0x0000,0x3ff8,0x0018,0x3ff8,0x3000,0x3ff8,0x0000,0x0000}, /* U+D3BC */
    {0x0000,0x0000,0x7f18,0x7f18,0x0078,0x2378,0x2218,0x2278,0x3218,0xff98,0x0008,0x1ff0,0x3018,0x3018,0x3018,0x3ff8,0x0000,0x0000}, /* U+D3C4 */
    {0x0000,0x0000,0xff18,0x7f18,0x0078,0x2278,0x2218,0x3278,0xff98,0xff18,0x0008,0x3018,0x1ff8,0x3018,0x3018,0x3ff8,0x0000,0x0000}, /* U+D3C5 */
    {0x0000,0x0000,0x0018,0xff98,0x0218,0x2278,0x2218,0x2278,0x3218,0xff98,0x6000,0x0430,0x0c30,0x0e38,0x1368,0x60c4,0x0000,0x0000}, /* U+D3C8 */
    {0x0000,0x0000,0x0018,0xff98,0x0078,0x2278,0x2218,0x2278,0x3618,0xff98,0x0018,0x0fe0,0x3870,0x2018,0x3018,0x1ff0,0x0000,0x0000}, /* U+D3C9 */
    {0x0000,0x0008,0x0068,0x0068,0xff68,0x0068,0x65c8,0x2468,0x2468,0x25c8,0x2c68,0xff68,0x0068,0x0068,0x0048,0x0008,0x0008,0x0000}, /* U+D3D0 */
    {0x0000,0x0000,0x0068,0xff68,0x25e8,0x2668,0x2468,0x25e8,0xff68,0xf048,0x0ff8,0x0ff8,0x0008,0x1ff8,0x1800,0x1ff8,0x0ff8,0x0000}, /* U+D3D8 */
    {0x0000,0x0000,0x0068,0xff68,0x05e8,0x6668,0x2468,0x25e8,0x3f68,0xff68,0x0008,0x1808,0x1ff8,0x1808,0x1808,0x1ff8,0x0000,0x0000}, /* U+D3E1 */
    {0x0000,0x0000,0x0068,0xff68,0x01e8,0x2668,0x2468,0x25e8,0x3f68,0xfe68,0x0108,0x0188,0x0380,0x0640,0x0c38,0x1008,0x0000,0x0000}, /* U+D3E3 */
    {0x0000,0x0000,0x0000,0x7ff0,0x0000,0x0840,0x0840,0x0840,0x0840,0x7ff0,0x0300,0x0300,0x0300,0xfffc,0xfffc,0x0000,0x0000,0x0000}, /* U+D3EC */
    {0x0000,0x0000,0x3ff8,0x0840,0x0c40,0x0cc0,0x3ff8,0x0300,0x0300,0xfffc,0x0000,0x3ff0,0x3ff0,0x0010,0x0010,0x0010,0x0000,0x0000}, /* U+D3ED */
    {0x0000,0x0000,0x7ff8,0x0840,0x0840,0x0c40,0x3ff8,0x0300,0x0300,0xfffc,0x0000,0x2000,0x2000,0x2000,0x2000,0x3ff8,0x0000,0x0000}, /* U+D3F0 */
    {0x0000,0x0000,0x3ff0,0x0840,0x0c40,0x0cc0,0x3ff8,0x0300,0xfffc,0x0000,0x3ff0,0x0010,0x1ff0,0x3ff0,0x3000,0x3ff0,0x0000,0x0000}, /* U+D3F4 */
    {0x0000,0x0000,0x3ff8,0x0840,0x0c40,0x0cc0,0x3ff8,0x0300,0x0300,0xfffc,0x0000,0x3ff0,0x3010,0x3010,0x3010,0x3ff0,0x0000,0x0000}, /* U+D3FC */
    {0x0000,0x0000,0x3ff0,0x0840,0x0c40,0x0cc0,0x3ff8,0x0300,0x0300,0xfffc,0x0010,0x3030,0x3ff0,0x3010,0x3ff0,0x3ff0,0x0000,0x0000}, /* U+D3FD */
    {0x0000,0x0000,0x3ff8,0x0840,0x0c40,0x0cc0,0x3ff8,0x0300,0x0300,0xfffc,0x0000,0x0300,0x0380,0x06c0,0x1c70,0x3038,0x0000,0x0000}, /* U+D3FF */
    {0x0000,0x0000,0x7ff8,0x0840,0x0840,0x3ff0,0x3ff0,0x0300,0xfffc,0xfffc,0x0000,0x0fc0,0x3870,0x2010,0x3030,0x1fe0,0x0000,0x0000}, /* U+D401 */
    {0x0000,0x0010,0x0010,0x0010,0xff90,0x0010,0x3210,0x3210,0x3210,0xff9c,0x0c10,0x0c10,0x7ff0,0xfe10,0x0010,0x0010,0x0000,0x0000}, /* U+D408 */
    {0x0000,0x0010,0x0010,0x7f90,0x2210,0x3210,0x3610,0x7f9c,0x0c10,0xffd0,0xc010,0x0390,0x1fe0,0x2010,0x3030,0x1fe0,0x0000,0x0000}, /* U+D41D */
    {0x0000,0x0000,0x0018,0x0018,0x7f98,0x0018,0x1118,0x1118,0x1b18,0x7f98,0x0418,0x0418,0x07f8,0xffd8,0x0018,0x0018,0x0000,0x0000}, /* U+D440 */
    {0x0000,0x0000,0x0018,0x7f98,0x1018,0x1318,0x1a18,0x7f98,0x0418,0x0c18,0xffd8,0x0018,0x1018,0x1000,0x1000,0x1ff8,0x0000,0x0000}, /* U+D444 */
    {0x0000,0x0000,0x0000,0x7ff8,0x0000,0x0840,0x0840,0x0c40,0x7ff8,0x0000,0x0840,0x0840,0x08c0,0x0cc0,0xfffc,0x0000,0x0000,0x0000}, /* U+D45C */
    {0x0000,0x0000,0x3ff8,0x0000,0x0840,0x0840,0x3ff8,0x0cc0,0x04c0,0xfffc,0xfffc,0x2000,0x2000,0x2000,0x2000,0x3ff8,0x0000,0x0000}, /* U+D460 */
    {0x0000,0x0000,0x3ff8,0x0840,0x0840,0x3ff8,0x0cc0,0x04c0,0xfffc,0x0000,0x3ff0,0x0030,0x0030,0x3ff0,0x2000,0x3ff0,0x0000,0x0000}, /* U+D464 */
    {0x0000,0x0010,0x3ff8,0x0840,0x0840,0x3ff8,0x0cc0,0x04c0,0xfffc,0x0000,0x3010,0x3ff0,0x3030,0x2010,0x3ff0,0x3ff0,0x0000,0x0000}, /* U+D46D */
    {0x0000,0x0000,0x7ff8,0x0840,0x0840,0x3ff0,0x3ff0,0x04c0,0x04c0,0xfffc,0x0000,0x0300,0x0380,0x0680,0x0c60,0x3038,0x0000,0x0000}, /* U+D46F */
    {0x0000,0x0000,0x7ff0,0x0840,0x0840,0x08c0,0x7ff0,0x0000,0x0000,0xfffc,0x0300,0x0300,0x0300,0x0300,0x0300,0x0300,0x0000,0x0000}, /* U+D478 */
    {0x0000,0x0010,0x3ff0,0x0840,0x0840,0x3ff0,0x0000,0xfffc,0xfffc,0x0300,0x0300,0x3ff0,0x0010,0x0010,0x0010,0x0030,0x0000,0x0000}, /* U+D479 */
    {0x0000,0x0000,0x7ff8,0x0840,0x0840,0x0cc0,0x7ff8,0x0000,0x0000,0xfffc,0x0300,0x0300,0x2300,0x2100,0x3000,0x3ff0,0x0000,0x0000}, /* U+D47C */
    {0x0000,0x0000,0x3ff0,0x0840,0x0840,0x0cc0,0x3ff0,0x0000,0x0004,0xfffc,0x0300,0x1ff0,0x3ff0,0x2000,0x2000,0x3ff0,0x0000,0x0000}, /* U+D47F */
    {0x0000,0x0000,0x3ff0,0x0000,0x0840,0x0840,0x3ff0,0x0000,0xfffc,0x0300,0x0300,0x3ff0,0x0010,0x3ff0,0x2000,0x3ff0,0x0000,0x0000}, /* U+D480 */
    {0x0000,0x0000,0x3ff0,0x0800,0x0840,0x08c0,0x3ff0,0x0000,0xfffc,0x0300,0x3cf0,0x0498,0x3c98,0x7c98,0x6098,0x7ef8,0x0000,0x0000}, /* U+D482 */
    {0x0000,0x0000,0x7ff0,0x0840,0x0840,0x08c0,0x3ff0,0x0000,0x0000,0xfffc,0x0300,0x0300,0x3ff0,0x2010,0x2010,0x3ff0,0x0000,0x0000}, /* U+D488 */
    {0x0000,0x0000,0x3ff8,0x0800,0x0840,0x08c0,0x3ff8,0x0000,0xfffc,0x0300,0x2010,0x3030,0x3ff0,0x2010,0x3ff0,0x3ff0,0x0000,0x0000}, /* U+D489 */
    {0x0000,0x0000,0x3ff0,0x0840,0x0840,0x3ff0,0x0000,0x0000,0xfffc,0x0300,0x0000,0x0300,0x0780,0x0cc0,0x1870,0x7018,0x0000,0x0000}, /* U+D48B */
    {0x0000,0x0000,0x7ff8,0x0800,0x0840,0x0c40,0x3ff0,0x0000,0xfffc,0x0300,0x0300,0x0fc0,0x3870,0x2010,0x3010,0x1fe0,0x0000,0x0000}, /* U+D48D */
    {0x0000,0x0000,0x7f98,0x7f98,0x1118,0x3318,0x1318,0x1bc8,0x7f98,0x0018,0xffc8,0x0418,0x04f8,0x0408,0x0418,0x0418,0x0000,0x0000}, /* U+D494 */
    {0x0000,0x0000,0x0018,0x3f98,0x1218,0x1218,0x7f98,0x0018,0xffd8,0x0cf8,0x0018,0x07e0,0x0c30,0x1008,0x1818,0x0ff0,0x0000,0x0000}, /* U+D4A9 */
    {0x0000,0x0000,0x7fd8,0x0018,0x1118,0x1118,0x1118,0x1bd8,0x7fd8,0x0018,0xfff8,0x0618,0x0418,0x0418,0x0418,0x0418,0x0000,0x0000}, /* U+D4CC */
    {0x0000,0x0000,0x0018,0x7f98,0x1118,0x1318,0x7f98,0x7c18,0x0018,0xffd8,0x0418,0x0418,0x1418,0x1000,0x1000,0x1ff8,0x0000,0x0000}, /* U+D4D0 */
    {0x0000,0x0000,0x0018,0x3f98,0x1218,0x1318,0x7f98,0x0018,0x7fd8,0x0418,0x0400,0x1bf8,0x0018,0x1ff0,0x1000,0x1ff8,0x0000,0x0000}, /* U+D4D4 */
    {0x0000,0x0000,0x0018,0x7f98,0x1218,0x1318,0x7f98,0x7f98,0x7fd8,0x0418,0x0400,0x1ff8,0x1818,0x1018,0x1818,0x1ff8,0x0000,0x0000}, /* U+D4DC */
    {0x0000,0x0000,0x0018,0x3f98,0x1318,0x1218,0x7f98,0x0018,0xffd8,0xfe18,0x0418,0x0598,0x0180,0x02c0,0x0e60,0x3838,0x0000,0x0000}, /* U+D4DF */
    {0x0000,0x0000,0x7ff8,0x0040,0x0840,0x08c0,0x7ff8,0x0000,0x0000,0xfffc,0x0840,0x0840,0x0840,0x0840,0x0840,0x0840,0x0000,0x0000}, /* U+D4E8 */
    {0x0000,0x0000,0x7ff8,0x0840,0x0840,0x0cc0,0x7ff8,0x0000,0x0000,0xfffc,0x0c40,0x0c40,0x2440,0x2000,0x2000,0x3ff0,0x0000,0x0000}, /* U+D4EC */
    {0x0000,0x0000,0x3ff0,0x0800,0x0840,0x08c0,0x3ff0,0x0000,0xfffc,0x0840,0x3ff0,0x0030,0x0030,0x3fe0,0x2000,0x3ff0,0x0000,0x0000}, /* U+D4F0 */
    {0x0000,0x0000,0x3ff0,0x0840,0x0840,0x0cc0,0x3ff0,0x0000,0xfffc,0x0840,0x0840,0x3ff0,0x2010,0x2010,0x3ff0,0x3ff0,0x0000,0x0000}, /* U+D4F8 */
    {0x0000,0x0000,0x3ff0,0x0800,0x0840,0x0cc0,0x3ff0,0x0000,0xfffc,0x0cc0,0x0840,0x0300,0x0300,0x0480,0x1860,0x3038,0x0000,0x0000}, /* U+D4FB */
    {0x0000,0x0000,0x3ff0,0x0000,0x0840,0x0840,0x3ff0,0x0000,0xfffc,0x0cc0,0x0840,0x0fc0,0x3830,0x2010,0x3030,0x1fe0,0x0000,0x0000}, /* U+D4FD */
    {0x0000,0x0000,0x0000,0x7ff8,0x0000,0x0840,0x0840,0x0840,0x3ff0,0x3ff0,0x0000,0x0000,0x0000,0xfffc,0x0000,0x0000,0x0000,0x0000}, /* U+D504 */
    {0x0000,0x0000,0x3ff0,0x0000,0x0840,0x0840,0x08c0,0x3ff0,0x0000,0xfffc,0xfffc,0x2000,0x3000,0x2000,0x3000,0x3ff0,0x0000,0x0000}, /* U+D508 */
    {0x0000,0x0000,0x7ff8,0x0000,0x0840,0x0840,0x3ff0,0x0000,0xfffc,0xfffc,0x0000,0x3ff0,0x0030,0x3fe0,0x2000,0x3ff0,0x0000,0x0000}, /* U+D50C */
    {0x0000,0x0000,0x3ff0,0x0800,0x0840,0x08c0,0x7ff0,0x0000,0xfffc,0xfffc,0x0000,0x3ff0,0x2030,0x2010,0x3ff0,0x3ff0,0x0000,0x0000}, /* U+D514 */
    {0x0000,0x0000,0x3ff8,0x0000,0x0840,0x0840,0x3ff0,0x0000,0xfffc,0x0000,0x2010,0x3ff0,0x3ff0,0x2010,0x3030,0x3ff0,0x0000,0x0000}, /* U+D515 */
    {0x0000,0x0000,0x3ff8,0x0800,0x0840,0x08c0,0x7ff8,0x0000,0x0000,0xfffc,0x0100,0x0300,0x0380,0x06c0,0x1c70,0x3038,0x0000,0x0000}, /* U+D517 */
    {0x0000,0x0000,0x0018,0xffd8,0xffd8,0x0018,0x3118,0x3118,0x1318,0x1318,0x1318,0xffd8,0xe018,0x0018,0x0018,0x0018,0x0000,0x0000}, /* U+D53C */
    {0x0000,0x0000,0x7f98,0x7f98,0x0018,0x3318,0x3318,0x1218,0xffd8,0x8018,0x0000,0x3ff8,0x0018,0x0018,0x0018,0x0018,0x0000,0x0000}, /* U+D53D */
    {0x0000,0x0000,0x0018,0xffd8,0x0018,0x3118,0x3118,0x1318,0x1318,0xffd8,0xc018,0x0018,0x3018,0x3000,0x3000,0x3ff8,0x0000,0x0000}, /* U+D540 */
    {0x0000,0x0000,0x0018,0x7f98,0x0018,0x3118,0x3318,0x1318,0x3318,0xff98,0x0000,0x3ff8,0x0018,0x3ff8,0x3000,0x3ff8,0x0000,0x0000}, /* U+D544 */
    {0x0000,0x0018,0x0018,0xffd8,0x0118,0x3118,0x1118,0x1318,0xffd8,0xfc18,0x0000,0x1ff8,0x1018,0x1018,0x1018,0x1ff8,0x1000,0x0000}, /* U+D54C */
    {0x0000,0x0000,0x0018,0x7fd8,0x0018,0x1118,0x1318,0x1318,0x1b58,0xffd8,0x0000,0x3018,0x3ff8,0x3018,0x3018,0x3ff8,0x0000,0x0000}, /* U+D54D */
    {0x0000,0x0000,0x0018,0xffd8,0x0018,0x1118,0x1118,0x1318,0xffd8,0xffd8,0x0018,0x0118,0x0180,0x03c0,0x0660,0x3838,0x0000,0x0000}, /* U+D54F */
    {0x0000,0x0000,0x0018,0xffd8,0x0018,0x3118,0x3118,0x1118,0x1318,0xffd8,0x0018,0x0fe0,0x3870,0x2018,0x3018,0x1ff0,0x0000,0x0000}, /* U+D551 */
    {0x0000,0x0010,0x0010,0x1e10,0x0010,0xff90,0x0010,0x0c10,0x3f10,0x611c,0x4190,0x6110,0x3e10,0x0010,0x0010,0x0010,0x0010,0x0000}, /* U+D558 */
    {0x0000,0x0010,0x1e10,0xff90,0xff90,0x0810,0x331c,0x6110,0x3310,0x1c10,0x0010,0x3ff0,0x0010,0x0010,0x0010,0x0010,0x0000,0x0000}, /* U+D559 */
    {0x0000,0x0000,0x1e10,0x0010,0xff90,0x0010,0x1c10,0x631c,0x411c,0x6310,0x3e10,0x0010,0x2010,0x2000,0x2000,0x3ff8,0x0000,0x0000}, /* U+D55C */
    {0x0000,0x0000,0x1c10,0x0010,0xff90,0x0810,0x3e10,0x611c,0x6310,0x3e10,0x0010,0x3ff0,0x0010,0x1ff0,0x3000,0x3ff0,0x0000,0x0000}, /* U+D560 */
    {0x0000,0x0010,0x3c10,0x0010,0xff90,0x1c10,0x3710,0x411c,0x6310,0x1e10,0x0010,0x3cf0,0x0480,0x3cf0,0x2180,0x3ff0,0x0000,0x0000}, /* U+D565 */
    {0x0000,0x0010,0x1e10,0xff90,0xff90,0x0810,0x331c,0x6190,0x2110,0x1e10,0x0010,0x3ff0,0x3030,0x2010,0x3030,0x3ff0,0x0000,0x0000}, /* U+D568 */
    {0x0000,0x0010,0x3c10,0x0010,0xff90,0x0810,0x3e1c,0x6110,0x6310,0x3e10,0x0000,0x3010,0x3ff0,0x3030,0x3010,0x3ff0,0x0000,0x0000}, /* U+D569 */
    {0x0000,0x0000,0x1e10,0x0010,0xff90,0x0c10,0x331c,0x6190,0x6110,0x3f10,0x0010,0x0100,0x0300,0x0680,0x0c60,0x3038,0x0000,0x0000}, /* U+D56B */
    {0x0000,0x0000,0x1e10,0x0010,0xff90,0x0010,0x3f1c,0x6190,0x6110,0x3f10,0x0010,0x0fc0,0x3030,0x2010,0x3030,0x1fe0,0x0000,0x0000}, /* U+D56D */
    {0x0000,0x0000,0x004c,0x3c48,0x0048,0x0048,0xff48,0x0848,0x3e68,0x6278,0x4248,0x6248,0x3648,0x1c48,0x0048,0x000c,0x0000,0x0000}, /* U+D574 */
    {0x0000,0x0008,0x1c48,0x1c48,0x7f48,0x0048,0x3c78,0x6268,0x4348,0x6648,0x1c48,0x1ff8,0x1ff8,0x0008,0x0008,0x0008,0x0008,0x0000}, /* U+D575 */
    {0x0000,0x0000,0x0008,0x1c48,0x0048,0xfe48,0x1c48,0x6248,0x4278,0x6248,0x3c48,0x0048,0x1848,0x1800,0x1800,0x1ffc,0x0000,0x0000}, /* U+D578 */
    {0x0000,0x0000,0x0048,0x3c48,0xfe48,0xfe48,0x3878,0x6678,0xc248,0x4668,0x3c08,0x1ff8,0x0008,0x1ff8,0x1000,0x1ff8,0x0ff8,0x0000}, /* U+D57C */
    {0x0000,0x0008,0x1c48,0x0048,0xff48,0x1c48,0x3e78,0x4248,0x4348,0x3e48,0x1c48,0x1ff8,0x1808,0x1008,0x1808,0x1ff8,0x0000,0x0000}, /* U+D584 */
    {0x0000,0x0000,0x3c48,0x0048,0xfe48,0x3c48,0x7e78,0x4278,0x4248,0x7c68,0x0000,0x0808,0x0808,0x0ff8,0x0808,0x0ff8,0x0800,0x0000}, /* U+D585 */
    {0x0000,0x0008,0x3c48,0x1848,0xff48,0xff48,0x3c78,0x6678,0x4248,0x6248,0x3c48,0x0188,0x0180,0x03c0,0x0660,0x3838,0x0000,0x0000}, /* U+D587 */
    {0x0000,0x0000,0x3c48,0x0048,0xff48,0x1c48,0x6678,0x4248,0x4248,0x3e48,0x0418,0x0630,0x0630,0x0b78,0x19cc,0x3080,0x0000,0x0000}, /* U+D588 */
    {0x0000,0x0008,0x1c48,0x1c48,0xff48,0x1c48,0x3e78,0x6278,0x4348,0x6648,0x1c48,0x03e0,0x0e38,0x1808,0x1808,0x0ff8,0x01c0,0x0000}, /* U+D589 */
    {0x0000,0x0010,0x0010,0x1e10,0x0010,0xff90,0x001c,0x0c1c,0x3f10,0x6110,0x4190,0x611c,0x3e10,0x0010,0x0010,0x0010,0x0010,0x0000}, /* U+D590 */
    {0x0000,0x0000,0x1e10,0x0010,0xff90,0x001c,0x3f1c,0x6190,0x6110,0x3f1c,0x0010,0x0fc0,0x1870,0x3010,0x1010,0x0fe0,0x0000,0x0000}, /* U+D5A5 */
    {0x0000,0x0000,0x0018,0x1e18,0x0018,0x7fd8,0x0018,0x0418,0x3f18,0x21f8,0x2098,0x3198,0x1f18,0x0018,0x0018,0x0018,0x0000,0x0000}, /* U+D5C8 */
    {0x0000,0x0000,0x1c18,0x0018,0xff98,0x0018,0x3e18,0x63f8,0x6118,0x3618,0x0818,0x3ff0,0x3ff8,0x0018,0x0018,0x0018,0x0000,0x0000}, /* U+D5C9 */
    {0x0000,0x0000,0x1e18,0x0018,0x7fd8,0x0018,0x1e18,0x31f8,0x2098,0x2198,0x1f18,0x0018,0x1018,0x1000,0x1000,0x1ffc,0x0000,0x0000}, /* U+D5CC */
    {0x0000,0x0000,0x1e18,0x0018,0xff98,0x0818,0x3e18,0x6178,0x6118,0x3e18,0x0000,0x1ff8,0x0018,0x3ff8,0x3000,0x3ff8,0x0000,0x0000}, /* U+D5D0 */
    {0x0000,0x0000,0x1c18,0x0018,0xff98,0x0c18,0x3778,0x6178,0x6318,0x1e18,0x3ef8,0x0298,0x0298,0x3e98,0x2098,0x3ff8,0x0000,0x0000}, /* U+D5D2 */
    {0x0000,0x0000,0x1e18,0x0018,0xff98,0x1c18,0x3e18,0x6378,0x4118,0x3718,0x0c18,0x1ff8,0x1018,0x1018,0x1018,0x1ff8,0x1000,0x0000}, /* U+D5D8 */
    {0x0000,0x0000,0x1c18,0x0018,0xff98,0x1c18,0x3378,0x6178,0x6318,0x1e18,0x1008,0x1018,0x1ff8,0x1018,0x1018,0x1ff8,0x0000,0x0000}, /* U+D5D9 */
    {0x0000,0x0000,0x0e08,0x0008,0x7fc8,0x0408,0x3b78,0x2188,0x2188,0x1f08,0x0e08,0x0180,0x01c0,0x0260,0x0c38,0x180c,0x0000,0x0000}, /* U+D5DB */
    {0x0000,0x0000,0x3c18,0x0018,0xff98,0x1c18,0x3e18,0x6378,0x4118,0x3718,0x1818,0x07e0,0x1c30,0x1018,0x1818,0x0ff0,0x0000,0x0000}, /* U+D5DD */
    {0x0000,0x0008,0x0068,0x3c68,0x0068,0xff68,0x0068,0x3c68,0x67e8,0x4268,0x4268,0x6668,0x3c68,0x0068,0x0068,0x000c,0x0000,0x0000}, /* U+D5E4 */
    {0x0000,0x0000,0x3c6c,0x0028,0xff28,0x0028,0x3ee8,0x4268,0x4228,0x7e6c,0x1800,0x1ff8,0x1ff8,0x0008,0x0008,0x000c,0x0000,0x0000}, /* U+D5E5 */
    {0x0000,0x0000,0x0068,0x1c28,0x0028,0x7f28,0x1c28,0x62e8,0x43e8,0x6228,0x3c28,0x0068,0x1808,0x1800,0x1800,0x1ffc,0x0000,0x0000}, /* U+D5E8 */
    {0x0000,0x0008,0x3c68,0x0028,0xff28,0x0028,0x3ee8,0x43e8,0x4228,0x3e28,0x1c68,0x1ff8,0x0008,0x1ff8,0x1800,0x1ff8,0x0ff8,0x0000}, /* U+D5EC */
    {0x0000,0x0008,0x1c68,0x0068,0xff28,0x0828,0x3ce8,0x6368,0x4228,0x3e68,0x0000,0x0ff8,0x1808,0x1808,0x1808,0x1ff8,0x0008,0x0000}, /* U+D5F4 */
    {0x0000,0x0008,0x1c28,0x1c68,0xff28,0x1828,0x3ee8,0x43e8,0x4228,0x7e68,0x1828,0x0808,0x1ff8,0x1808,0x180c,0x1ffc,0x0000,0x0000}, /* U+D5F5 */
    {0x0000,0x0008,0x1c68,0x1c68,0xff68,0x0068,0x3c68,0x66e8,0x4268,0x6668,0x3c68,0x0188,0x0180,0x03c0,0x0660,0x1838,0x0000,0x0000}, /* U+D5F7 */
    {0x0000,0x0000,0x1c68,0x1c68,0x6368,0x0028,0x3ce8,0x63e8,0x4228,0x6668,0x1828,0x07e0,0x1c38,0x100c,0x1808,0x0ff0,0x0000,0x0000}, /* U+D5F9 */
    {0x0000,0x0000,0x0018,0x1e18,0x0018,0x7fd8,0x0018,0x0478,0x3f78,0x2198,0x20f8,0x31f8,0x1f18,0x0018,0x0018,0x0018,0x0000,0x0000}, /* U+D600 */
    {0x0000,0x0000,0x1c18,0x0018,0xff98,0x0018,0x3e78,0x6318,0x4378,0x3618,0x0808,0x3ff0,0x3ff8,0x0018,0x0018,0x0018,0x0000,0x0000}, /* U+D601 */
    {0x0000,0x0000,0x0e18,0x0e18,0x0018,0x7fd8,0x0478,0x3378,0x2198,0x21f8,0x3f78,0x0018,0x1018,0x1000,0x1000,0x1ff8,0x0000,0x0000}, /* U+D604 */
    {0x0000,0x0000,0x1c18,0x1c18,0xff98,0x0018,0x3e78,0x6318,0x6178,0x3e78,0x0008,0x1ff0,0x0018,0x1ff0,0x3000,0x3ff8,0x0000,0x0000}, /* U+D608 */
    {0x0000,0x0000,0x1e18,0x0018,0xff18,0x0018,0x3e78,0x6318,0x4178,0x3718,0x0c08,0x0000,0x1ff8,0x1018,0x1018,0x1ff8,0x1000,0x0000}, /* U+D610 */
    {0x0000,0x0000,0x3c18,0x0018,0xff98,0x0c78,0x7718,0x4118,0x6378,0x3e18,0x1018,0x1018,0x1ff8,0x1018,0x1018,0x1ff8,0x0000,0x0000}, /* U+D611 */
    {0x0000,0x0000,0x1e18,0x0018,0x7f98,0x0018,0x1e78,0x3318,0x2178,0x3378,0x1e18,0x0188,0x0180,0x0340,0x0e30,0x181c,0x0000,0x0000}, /* U+D613 */
    {0x0000,0x0000,0x1e18,0x0018,0x7f98,0x0018,0x1e78,0x3318,0x2178,0x3378,0x1e08,0x0010,0x0c30,0x0c30,0x1268,0x60c4,0x0000,0x0000}, /* U+D614 */
    {0x0000,0x0000,0x1c18,0x0018,0xff98,0x0018,0x3e78,0x6318,0x4178,0x3718,0x1818,0x07e0,0x1c30,0x1018,0x1818,0x0ff0,0x0000,0x0000}, /* U+D615 */
    {0x0000,0x0008,0x0068,0x3c68,0x0068,0xfe68,0x0068,0x19e8,0x6468,0x4268,0x43e8,0x6668,0x3c68,0x0068,0x0068,0x0008,0x0000,0x0000}, /* U+D61C */
    {0x0000,0x0000,0x0068,0x1c68,0x0068,0xff68,0x1de8,0x7668,0x4268,0x63e8,0x3c68,0x0068,0x1868,0x1800,0x1800,0x1ffc,0x0000,0x0000}, /* U+D620 */
    {0x0000,0x0008,0x1c68,0x1c68,0xff68,0x00e8,0x3e68,0x4268,0x43e8,0x3c68,0x0000,0x0ff8,0x000c,0x1ff8,0x1800,0x1ffc,0x0800,0x0000}, /* U+D624 */
    {0x0000,0x0008,0x3c68,0x1c68,0xff68,0x00e8,0x3c68,0x6268,0x43e8,0x6668,0x1808,0x0808,0x1ff8,0x1808,0x1808,0x1ff8,0x0000,0x0000}, /* U+D62D */
    {0x0000,0x0000,0x0000,0x0780,0x0000,0x7ff8,0x0700,0x1fe0,0x3020,0x1860,0x0fc0,0x0300,0x0300,0x0300,0xfffc,0x0000,0x0000,0x0000}, /* U+D638 */
    {0x0000,0x0780,0x0780,0x3cf0,0x0300,0x0fc0,0x1060,0x1860,0x0700,0x0300,0xfffc,0x0000,0x1ff0,0x0010,0x0010,0x0010,0x0000,0x0000}, /* U+D639 */
    {0x0000,0x0000,0x0780,0x0000,0x7ff0,0x0f80,0x1860,0x1020,0x1fe0,0x0300,0x0300,0xfffc,0x3000,0x3000,0x3000,0x3ff8,0x0000,0x0000}, /* U+D63C */
    {0x0000,0x0000,0x0780,0x3ff0,0x0300,0x0fc0,0x1860,0x1860,0x0300,0xfffc,0x0000,0x3ff0,0x0010,0x3ff0,0x3000,0x3ff0,0x0000,0x0000}, /* U+D640 */
    {0x0000,0x0780,0x0780,0x3ff0,0x0300,0x0fc0,0x1060,0x1fc0,0x0300,0xfffc,0x3c50,0x3690,0x0680,0x3cf0,0x2180,0x3ef8,0x0000,0x0000}, /* U+D645 */
    {0x0000,0x0780,0x0000,0x7ff8,0x0000,0x0fc0,0x1060,0x1860,0x0700,0x0300,0xfffc,0x0000,0x3ff0,0x2010,0x3010,0x3ff0,0x0000,0x0000}, /* U+D648 */
    {0x0000,0x0480,0x0780,0x3870,0x0780,0x0fc0,0x1020,0x1ce0,0x0300,0x0300,0xfffc,0x3010,0x3ff0,0x3010,0x3030,0x3ff0,0x0000,0x0000}, /* U+D649 */
    {0x0000,0x0780,0x0000,0x7ff0,0x0300,0x0fc0,0x1060,0x1860,0x0fc0,0x0300,0xfffc,0x0000,0x0300,0x0780,0x0ce0,0x3038,0x0000,0x0000}, /* U+D64B */
    {0x0000,0x0780,0x0780,0x3cf8,0x0300,0x0fc0,0x1860,0x1860,0x0780,0x0300,0xfffc,0x0000,0x1fe0,0x3030,0x3030,0x1fe0,0x0000,0x0000}, /* U+D64D */
    {0x0000,0x0000,0x0780,0x7ff8,0x0300,0x1fc0,0x1020,0x1ce0,0x0700,0xfb7c,0x1ce0,0x3fe0,0x3000,0x3fe0,0x3000,0x3ff0,0x0000,0x0000}, /* U+D651 */
    {0x0000,0x0010,0x0010,0x1c10,0xff90,0xff90,0x3e10,0x6310,0x4110,0x631c,0x1e10,0x0cd0,0xffd0,0x0010,0x0010,0x0010,0x0000,0x0000}, /* U+D654 */
    {0x0000,0x0000,0x1e10,0x0010,0x7f90,0x1e10,0x6110,0x231c,0x1e10,0x0dd0,0xff90,0x3ff0,0x3ff0,0x0010,0x0010,0x0010,0x0000,0x0000}, /* U+D655 */
    {0x0000,0x0000,0x1e10,0x0010,0x7fd0,0x0c10,0x3110,0x2190,0x1f1c,0x0410,0xffd0,0x0010,0x2010,0x2000,0x2000,0x3ff8,0x0000,0x0000}, /* U+D658 */
    {0x0000,0x0000,0x0e10,0x0010,0x7f90,0x1f10,0x2190,0x311c,0x0c10,0xffd0,0xc000,0x3ff0,0x0030,0x3ff0,0x2000,0x3ff0,0x0000,0x0000}, /* U+D65C */
    {0x0000,0x0010,0x1e10,0x0010,0x7f90,0x1f10,0x211c,0x331c,0x0e10,0x0dd0,0xff10,0x0110,0x0380,0x06c0,0x0c60,0x3838,0x0000,0x0000}, /* U+D667 */
    {0x0000,0x0000,0x1e10,0x0010,0x7f90,0x1c10,0x2310,0x611c,0x1e10,0x0cd0,0xffd0,0x0000,0x1fe0,0x1010,0x1010,0x1fe0,0x0000,0x0000}, /* U+D669 */
    {0x0000,0x0000,0x0048,0x1c48,0x0048,0x7f48,0x0048,0x3e48,0x6368,0x3e78,0x0848,0x0848,0xff48,0x0048,0x0048,0x000c,0x0000,0x0000}, /* U+D670 */
    {0x0000,0x0000,0x1c48,0x1c48,0x7f48,0x0048,0x3e68,0x6378,0x1c48,0x0848,0xff48,0x0008,0x1ff8,0x0008,0x0008,0x0008,0x0000,0x0000}, /* U+D671 */
    {0x0000,0x0000,0x0048,0x1c48,0xff48,0x0048,0x3e48,0x6278,0x3e48,0x1848,0xff48,0x0048,0x1048,0x1008,0x1000,0x1ffc,0x0000,0x0000}, /* U+D674 */
    {0x0000,0x0000,0x1c48,0x1c48,0x7f48,0x0048,0x3e68,0x6378,0x1c48,0x0848,0xff48,0x0148,0x0388,0x0680,0x0c60,0x3838,0x0000,0x0000}, /* U+D683 */
    {0x0000,0x0000,0x1c48,0x1c48,0x7f48,0x0048,0x3e68,0x6378,0x1c48,0x0848,0xff48,0x0048,0x0ff0,0x0808,0x0808,0x0ff0,0x0000,0x0000}, /* U+D685 */
    {0x0000,0x0000,0x1e18,0x0e18,0x7fd8,0x7fd8,0x1e18,0x3318,0x6098,0x2198,0x1e18,0x0c58,0xffd8,0x0018,0x0018,0x0018,0x0000,0x0000}, /* U+D68C */
    {0x0000,0x0000,0x0e18,0x0018,0x7fd8,0x1f18,0x2198,0x3f98,0x0418,0x0fd8,0xf808,0x1ff0,0x1018,0x0018,0x0018,0x0018,0x0000,0x0000}, /* U+D68D */
    {0x0000,0x0000,0x0f18,0x0018,0x3fd8,0x0618,0x1998,0x1098,0x1f18,0x0618,0x7ff8,0x7c18,0x1018,0x1000,0x1000,0x1ff8,0x0000,0x0000}, /* U+D690 */
    {0x0000,0x0000,0x0f18,0x0018,0x3fd8,0x1f18,0x1098,0x1998,0x0618,0x7fd8,0x7800,0x1ff8,0x0018,0x1ff8,0x1000,0x1ff8,0x0000,0x0000}, /* U+D694 */
    {0x0000,0x0000,0x0f18,0x0a18,0x7fd8,0x1f18,0x3198,0x3198,0x1e18,0x0458,0xffc8,0x1018,0x1ff8,0x1018,0x1018,0x1ff8,0x0000,0x0000}, /* U+D69D */
    {0x0000,0x0000,0x0e18,0x0018,0x7fd8,0x1f18,0x2198,0x3f18,0x0c18,0xffd8,0x0018,0x0118,0x0380,0x06c0,0x0c60,0x3838,0x0000,0x0000}, /* U+D69F */
    {0x0000,0x0000,0x0e18,0x0018,0x7f98,0x1e18,0x3198,0x3198,0x1f18,0x0418,0xffd8,0x0000,0x0ff0,0x1018,0x1018,0x0ff0,0x0000,0x0000}, /* U+D6A1 */
    {0x0000,0x0000,0x0780,0x0780,0x3ff0,0x3ff0,0x0f80,0x18e0,0x1020,0x1ce0,0x0fc0,0x0840,0x08c0,0xfffc,0xfffc,0x0000,0x0000,0x0000}, /* U+D6A8 */
    {0x0000,0x0480,0x0780,0x3ff8,0x0300,0x0fc0,0x1860,0x1860,0x0fc0,0x04c0,0xfffc,0x0000,0x3000,0x3000,0x3000,0x3ff8,0x0000,0x0000}, /* U+D6AC */
    {0x0000,0x0780,0x0780,0x7ff8,0x0300,0x0fc0,0x1860,0x1fe0,0x0fc0,0x0cc0,0xfffc,0x1fe0,0x0030,0x1ff0,0x3000,0x3ff0,0x1ff0,0x0000}, /* U+D6B0 */
    {0x0000,0x0780,0x0000,0x7ff8,0x0780,0x0fc0,0x1020,0x1fe0,0x07c0,0xfffc,0x0000,0x3010,0x3ff0,0x3010,0x3010,0x3ff0,0x0010,0x0000}, /* U+D6B9 */
    {0x0000,0x0000,0x0780,0x0000,0x7ff8,0x0780,0x1860,0x1860,0x0fc0,0x04c0,0xfffc,0x0000,0x0300,0x0780,0x0ce0,0x3038,0x0000,0x0000}, /* U+D6BB */
    {0x0000,0x0780,0x0700,0x3ff0,0x0000,0x0fc0,0x1060,0x1020,0x0fc0,0x0000,0xfffc,0x0300,0x0100,0x0300,0x0300,0x0300,0x0000,0x0000}, /* U+D6C4 */
    {0x0000,0x0780,0x0780,0x3cf8,0x0300,0x0fc0,0x1860,0x0fc0,0x0000,0xfffc,0x0300,0x0300,0x3ff0,0x0010,0x0010,0x0010,0x0010,0x0000}, /* U+D6C5 */
    {0x0000,0x0000,0x0780,0x0000,0x7ff8,0x0780,0x18e0,0x1020,0x1fe0,0x0000,0xfffc,0x0300,0x0300,0x3300,0x2000,0x3ff0,0x0000,0x0000}, /* U+D6C8 */
    {0x0000,0x0000,0x0780,0x7ff0,0x0000,0x0fc0,0x1020,0x1860,0x0fc0,0xfffc,0x0300,0x0300,0x1cf0,0x1ff0,0x3000,0x3ff0,0x0000,0x0000}, /* U+D6CC */
    {0x0000,0x0000,0x0780,0x0000,0x3ff8,0x0fc0,0x1860,0x0c60,0x0380,0xfffc,0x0300,0x7df0,0x0500,0x7df0,0x6100,0x7df8,0x0000,0x0000}, /* U+D6D1 */
    {0x0000,0x0780,0x0780,0x7ff8,0x0300,0x1fe0,0x1020,0x1c60,0x0380,0xfffc,0x0300,0x0300,0x3ff0,0x3010,0x3010,0x3ff0,0x0000,0x0000}, /* U+D6D4 */
    {0x0000,0x0780,0x0780,0x7ff8,0x0300,0x0fc0,0x1860,0x0fc0,0x0004,0xfffc,0x0300,0x0000,0x0300,0x0780,0x1ce0,0x3038,0x0000,0x0000}, /* U+D6D7 */
    {0x0000,0x0400,0x0780,0x7ff8,0x0300,0x1fc0,0x1020,0x1ce0,0x0300,0xfffc,0xfffc,0x0300,0x1fe0,0x3010,0x3010,0x1fe0,0x0000,0x0000}, /* U+D6D9 */
    {0x0000,0x0000,0x1e18,0x0018,0x7fd8,0x7fd8,0x1f18,0x2198,0x2098,0x1f18,0x0018,0xffd8,0x0478,0x0478,0x0418,0x0418,0x0000,0x0000}, /* U+D6E0 */
    {0x0000,0x0000,0x0e18,0x0018,0x7fd8,0x0c18,0x3318,0x3118,0x1e18,0xffd8,0xec18,0x04f8,0x1418,0x1008,0x1000,0x1ff8,0x0000,0x0000}, /* U+D6E4 */
    {0x0000,0x0000,0x0e18,0x0018,0x7f98,0x1f18,0x3198,0x1f18,0xffd8,0xfc18,0x0470,0x1ff0,0x0018,0x1ff0,0x1000,0x1ff8,0x0000,0x0000}, /* U+D6E8 */
    {0x0000,0x0000,0x0e18,0x7fd8,0x1e18,0x3118,0x3118,0x1f18,0xffd8,0x0478,0x0418,0x1ff8,0x1018,0x1018,0x1818,0x1ff8,0x0000,0x0000}, /* U+D6F0 */
    {0x0000,0x0000,0x0e18,0x0e18,0x7f98,0x1e18,0x3198,0x3f18,0x0018,0xffd8,0x0478,0x07c0,0x0ff0,0x1818,0x1818,0x0ff0,0x0000,0x0000}, /* U+D6F5 */
    {0x0000,0x0008,0x1e68,0x0068,0x7f68,0x0868,0x3e68,0x2368,0x3368,0x1c68,0x7f68,0x0c68,0x09e8,0x0c68,0x0c68,0x0008,0x0000,0x0000}, /* U+D6FC */
    {0x0000,0x0000,0x1c68,0x0068,0x3c68,0x6668,0x2668,0x3f28,0xffe8,0x09e8,0x0800,0x1ff8,0x0008,0x0008,0x0008,0x0008,0x0000,0x0000}, /* U+D6FD */
    {0x0000,0x0000,0x1c68,0x0068,0x1c68,0x3e68,0x2268,0x3e68,0x1f68,0x7c68,0x09e8,0x0868,0x1068,0x3000,0x3000,0x3ffc,0x0000,0x0000}, /* U+D700 */
    {0x0000,0x0000,0x1c68,0x0068,0x3c68,0x2668,0x6668,0x1c68,0xffe8,0x09e8,0x0868,0x0ff8,0x0008,0x0ff8,0x0800,0x0ffc,0x0000,0x0000}, /* U+D704 */
    {0x0000,0x0000,0x1868,0x0068,0x3c68,0x2668,0x6628,0x1c68,0xff28,0x09e8,0x0868,0x03e0,0x0e38,0x0808,0x0c18,0x07f0,0x0000,0x0000}, /* U+D711 */
    {0x0000,0x0000,0x0f18,0x0018,0x7fd8,0x0e18,0x1f18,0x2098,0x3198,0x1f18,0x0018,0xffd8,0x0418,0x0418,0x0418,0x0418,0x0000,0x0000}, /* U+D718 */
    {0x0000,0x0018,0x0e18,0x7fd8,0x0e18,0x3118,0x3198,0x1f18,0xffd8,0x0c18,0x0410,0x3ff0,0x3ff8,0x0018,0x0018,0x0018,0x0000,0x0000}, /* U+D719 */
    {0x0000,0x0000,0x1e18,0x0018,0x7f98,0x0c18,0x3318,0x2118,0x1e18,0x0018,0xfff8,0x0418,0x1418,0x1010,0x1000,0x1ff8,0x0000,0x0000}, /* U+D71C */
    {0x0000,0x0000,0x0e18,0x7f98,0x0c18,0x1f18,0x3118,0x1f18,0x0018,0xffd8,0x0418,0x1ff8,0x0018,0x1ff8,0x1000,0x1ff8,0x0000,0x0000}, /* U+D720 */
    {0x0000,0x0000,0x0e18,0x7fd8,0x0e18,0x1f18,0x3198,0x1f18,0xffd8,0x6c18,0x0410,0x1ff0,0x1018,0x1018,0x1018,0x1ff8,0x1000,0x0000}, /* U+D728 */
    {0x0000,0x0000,0x0a18,0x7fd8,0x0c18,0x1f18,0x2198,0x3118,0x0e18,0xffd8,0x0418,0x1000,0x3018,0x1ff8,0x1018,0x3ff8,0x0000,0x0000}, /* U+D729 */
    {0x0000,0x0000,0x0e18,0x7fd8,0x0418,0x1f18,0x3198,0x3318,0x0e18,0xffd8,0x0418,0x0518,0x0180,0x02c0,0x0c60,0x1838,0x0000,0x0000}, /* U+D72B */
    {0x0000,0x0000,0x0e18,0x0018,0x7fd8,0x1f18,0x3198,0x3118,0x1f18,0xfff8,0x0418,0x07c0,0x0ff0,0x1818,0x1818,0x0ff0,0x0000,0x0000}, /* U+D72D */
    {0x0000,0x0780,0x0700,0x3ff0,0x0000,0x0fc0,0x1060,0x1020,0x0fc0,0x0000,0xfffc,0x0840,0x0840,0x0840,0x0840,0x0840,0x0000,0x0000}, /* U+D734 */
    {0x0000,0x0000,0x0780,0x7ff8,0x0300,0x0fc0,0x1020,0x1860,0x0fc0,0xfffc,0x08c0,0x08c0,0x3ff0,0x0010,0x0010,0x0010,0x0000,0x0000}, /* U+D735 */
    {0x0000,0x0000,0x0780,0x0000,0x7ff8,0x0780,0x18e0,0x1020,0x1fe0,0x0000,0xfffc,0x0cc0,0x0c40,0x2c40,0x2000,0x3ff0,0x0000,0x0000}, /* U+D738 */
    {0x0000,0x0000,0x0780,0x3870,0x0780,0x0fc0,0x1860,0x0fc0,0x0300,0xfffc,0x0cc0,0x3ff0,0x0030,0x3ff0,0x3000,0x3ff0,0x0000,0x0000}, /* U+D73C */
    {0x0000,0x0000,0x0780,0x7ff8,0x0300,0x1fc0,0x1020,0x18e0,0x0780,0xfffc,0x0840,0x0cc0,0x3ff0,0x2010,0x3030,0x3ff0,0x0000,0x0000}, /* U+D744 */
    {0x0000,0x0000,0x0780,0x7ff8,0x0300,0x0fc0,0x1060,0x1860,0x0fc0,0xfffc,0x0cc0,0x0a40,0x0300,0x0580,0x1ce0,0x7030,0x0000,0x0000}, /* U+D747 */
    {0x0000,0x0000,0x0780,0x7ff8,0x0300,0x1fc0,0x1020,0x1860,0x0780,0xfffc,0x0840,0x0c40,0x1fe0,0x3010,0x3010,0x1fe0,0x0000,0x0000}, /* U+D749 */
    {0x0000,0x0000,0x0000,0x0780,0x0000,0x7ff8,0x0000,0x1fc0,0x1020,0x1020,0x1fe0,0x0780,0x0000,0xfffc,0xe7fc,0x0000,0x0000,0x0000}, /* U+D750 */
    {0x0000,0x0080,0x0780,0x3ff0,0x0000,0x0fc0,0x1860,0x1060,0x0fc0,0x0300,0xfffc,0x0000,0x3ff0,0x0010,0x0010,0x0030,0x0010,0x0000}, /* U+D751 */
    {0x0000,0x0000,0x0f80,0x0000,0x7ff8,0x0780,0x18e0,0x1020,0x1860,0x0780,0xfffc,0x0000,0x2000,0x2000,0x3000,0x3ff0,0x0000,0x0000}, /* U+D754 */
    {0x0000,0x0780,0x0780,0x7ff8,0x0300,0x0fc0,0x1020,0x1fe0,0x0000,0xfffc,0x00e0,0x6000,0x63f8,0x61f0,0x6118,0x3998,0x00e0,0x0000}, /* U+D756 */
    {0x0000,0x0400,0x0780,0x7ff8,0x7ff0,0x0fc0,0x1060,0x1060,0x1fc0,0x0780,0xfffc,0x0000,0x1fe0,0x1000,0x1000,0x1ff0,0x0000,0x0000}, /* U+D757 */
    {0x0000,0x0000,0x0780,0x3ff0,0x0300,0x0fc0,0x1060,0x18e0,0x0700,0xfffc,0x0000,0x3ff0,0x0030,0x3ff0,0x3000,0x3ff0,0x0000,0x0000}, /* U+D758 */
    {0x0000,0x0780,0x0000,0x7ff0,0x0780,0x18c0,0x1060,0x0fc0,0x0780,0xfffc,0x0000,0x3cf0,0x0410,0x3c10,0x2010,0x3e10,0x0000,0x0000}, /* U+D759 */
    {0x0000,0x0f80,0x0780,0x7ff8,0x0000,0x0fc0,0x1060,0x1860,0x0fc0,0xfffc,0xfffc,0x0000,0x3ff0,0x2010,0x2010,0x3ff0,0x0000,0x0000}, /* U+D760 */
    {0x0000,0x0780,0x0000,0x7ff0,0x0000,0x0fc0,0x1020,0x1020,0x0fc0,0xfffc,0xfffc,0x2010,0x3ff0,0x3030,0x3030,0x3ff0,0x0000,0x0000}, /* U+D761 */
    {0x0000,0x0480,0x0580,0x3ff8,0x0300,0x0fc0,0x1060,0x1060,0x0fc0,0x0000,0xfffc,0x0200,0x0300,0x0580,0x0c70,0x3018,0x0000,0x0000}, /* U+D763 */
    {0x0000,0x0000,0x0f80,0x0010,0x7ff8,0x0f80,0x1860,0x1060,0x1fc0,0x0000,0xfffc,0x0000,0x1fe0,0x3030,0x3030,0x1fe0,0x0000,0x0000}, /* U+D765 */
    {0x0000,0x0000,0x0780,0x7ff8,0x0300,0x0fc0,0x1060,0x18e0,0x0780,0xfffc,0x0000,0x3ff0,0x3000,0x3ff0,0x3000,0x3ff0,0x0000,0x0000}, /* U+D769 */
    {0x0000,0x0000,0x1e18,0x1e18,0x7fd8,0x0e18,0x3f18,0x2198,0x2098,0x3398,0x0e18,0x7ff8,0xff18,0x0018,0x0018,0x0018,0x0000,0x0000}, /* U+D76C */
    {0x0000,0x0000,0x1e18,0x0018,0x7fd8,0x0018,0x1f18,0x2198,0x3318,0x1e18,0x0058,0xffd8,0x1018,0x1000,0x1000,0x1ff8,0x0000,0x0000}, /* U+D770 */
    {0x0000,0x0000,0x0e18,0x0e18,0x7f98,0x1e18,0x3118,0x3f18,0x0418,0xffd8,0x0000,0x1ff0,0x0018,0x1ff8,0x1000,0x1ff8,0x0000,0x0000}, /* U+D774 */
    {0x0000,0x0000,0x0e18,0x0018,0x7f98,0x0e18,0x3198,0x2198,0x1f18,0x0418,0xffd8,0x0ff0,0x1818,0x1818,0x1818,0x1ff8,0x0000,0x0000}, /* U+D77C */
    {0x0000,0x0000,0x0e18,0x0e18,0x7f98,0x1e18,0x3118,0x3f18,0x0018,0xffd8,0x0010,0x1018,0x1ff8,0x1818,0x1818,0x1ff8,0x0000,0x0000}, /* U+D77D */
    {0x0000,0x0000,0x1e18,0x0018,0x7f98,0x0e18,0x3198,0x2198,0x1f18,0x0018,0xfff8,0x0000,0x0ff0,0x1018,0x1018,0x0ff0,0x0000,0x0000}, /* U+D781 */
    {0x0000,0x0000,0x1e18,0x0e18,0x0018,0xffd8,0x0018,0x1e18,0x3198,0x2098,0x2098,0x3118,0x1e18,0x0018,0x0018,0x0018,0x0000,0x0000}, /* U+D788 */
    {0x0000,0x0000,0x1c18,0x0018,0xff98,0x1c18,0x3e18,0x6118,0x6118,0x3e18,0x0800,0x1ff0,0x1ff8,0x0018,0x0018,0x0018,0x0000,0x0000}, /* U+D789 */
    {0x0000,0x0000,0x1e18,0x1e18,0x0018,0xffd8,0x0018,0x3f18,0x6198,0x6098,0x3f18,0x0c18,0x1018,0x1000,0x1000,0x1ff8,0x0000,0x0000}, /* U+D78C */
    {0x0000,0x0000,0x1e18,0x1e18,0x6398,0x0018,0x1f18,0x2198,0x2198,0x3f18,0x0000,0x1ff0,0x0018,0x1ff8,0x3000,0x3ff8,0x0000,0x0000}, /* U+D790 */
    {0x0000,0x0000,0x1c18,0x0018,0xff98,0x0018,0x3e18,0x6318,0x4118,0x3718,0x0800,0x1ff8,0x1818,0x1018,0x1018,0x1ff8,0x1000,0x0000}, /* U+D798 */
    {0x0000,0x0000,0x1e18,0x0018,0xffd8,0x0018,0x3f18,0x2198,0x2198,0x1f18,0x1008,0x1018,0x1ff8,0x1818,0x1018,0x1ff8,0x0000,0x0000}, /* U+D799 */
    {0x0000,0x0018,0x0e18,0x1e18,0x7fd8,0x0018,0x3f18,0x2198,0x2198,0x3f18,0x0018,0x0198,0x0180,0x03c0,0x0660,0x1818,0x0000,0x0000}, /* U+D79B */
    {0x0000,0x0000,0x3c18,0x0018,0xff98,0x0018,0x3e18,0x6318,0x4118,0x3718,0x1818,0x07e0,0x1c30,0x1018,0x1818,0x0ff0,0x0000,0x0000}, /* U+D79D */
};

#endif /* CORE_FONT_HANGUL_DATA_H */
